
LORA_control.elf:     file format elf32-littleriscv
LORA_control.elf
architecture: riscv:rv32, flags 0x00000112:
EXEC_P, HAS_SYMS, D_PAGED
start address 0x00000000

Program Header:
    LOAD off    0x00001000 vaddr 0x00000000 paddr 0x00000000 align 2**12
         filesz 0x00001f00 memsz 0x00001f00 flags r-x
    LOAD off    0x00003000 vaddr 0x20000000 paddr 0x00001f00 align 2**12
         filesz 0x00000098 memsz 0x000000b0 flags rw-
    LOAD off    0x00003800 vaddr 0x20004800 paddr 0x20004800 align 2**12
         filesz 0x00000000 memsz 0x00000800 flags rw-

Sections:
Idx Name          Size      VMA       LMA       File off  Algn
  0 .init         00000004  00000000  00000000  00001000  2**1
                  CONTENTS, ALLOC, LOAD, READONLY, CODE
  1 .vector       000000fc  00000004  00000004  00001004  2**1
                  CONTENTS, ALLOC, LOAD, READONLY, CODE
  2 .text         00001e00  00000100  00000100  00001100  2**2
                  CONTENTS, ALLOC, LOAD, READONLY, CODE
  3 .fini         00000000  00001f00  00001f00  00003098  2**0
                  CONTENTS, ALLOC, LOAD, CODE
  4 .dalign       00000000  20000000  20000000  00003098  2**0
                  CONTENTS
  5 .dlalign      00000000  00001f00  00001f00  00003098  2**0
                  CONTENTS
  6 .data         00000098  20000000  00001f00  00003000  2**2
                  CONTENTS, ALLOC, LOAD, DATA
  7 .bss          00000018  20000098  00001f98  00003098  2**2
                  ALLOC
  8 .stack        00000800  20004800  20004800  00003800  2**0
                  ALLOC
  9 .debug_info   000082ce  00000000  00000000  00003098  2**0
                  CONTENTS, READONLY, DEBUGGING
 10 .debug_abbrev 000019c2  00000000  00000000  0000b366  2**0
                  CONTENTS, READONLY, DEBUGGING
 11 .debug_aranges 00000430  00000000  00000000  0000cd28  2**3
                  CONTENTS, READONLY, DEBUGGING
 12 .debug_ranges 000003e8  00000000  00000000  0000d158  2**3
                  CONTENTS, READONLY, DEBUGGING
 13 .debug_line   00005831  00000000  00000000  0000d540  2**0
                  CONTENTS, READONLY, DEBUGGING
 14 .debug_str    000018ce  00000000  00000000  00012d71  2**0
                  CONTENTS, READONLY, DEBUGGING
 15 .comment      00000033  00000000  00000000  0001463f  2**0
                  CONTENTS, READONLY
 16 .debug_frame  000010a8  00000000  00000000  00014674  2**2
                  CONTENTS, READONLY, DEBUGGING
 17 .debug_loc    00001a4b  00000000  00000000  0001571c  2**0
                  CONTENTS, READONLY, DEBUGGING
 18 .stab         00000084  00000000  00000000  00017168  2**2
                  CONTENTS, READONLY, DEBUGGING
 19 .stabstr      00000117  00000000  00000000  000171ec  2**0
                  CONTENTS, READONLY, DEBUGGING
SYMBOL TABLE:
00000000 l    d  .init	00000000 .init
00000004 l    d  .vector	00000000 .vector
00000100 l    d  .text	00000000 .text
00001f00 l    d  .fini	00000000 .fini
20000000 l    d  .dalign	00000000 .dalign
00001f00 l    d  .dlalign	00000000 .dlalign
20000000 l    d  .data	00000000 .data
20000098 l    d  .bss	00000000 .bss
20004800 l    d  .stack	00000000 .stack
00000000 l    d  .debug_info	00000000 .debug_info
00000000 l    d  .debug_abbrev	00000000 .debug_abbrev
00000000 l    d  .debug_aranges	00000000 .debug_aranges
00000000 l    d  .debug_ranges	00000000 .debug_ranges
00000000 l    d  .debug_line	00000000 .debug_line
00000000 l    d  .debug_str	00000000 .debug_str
00000000 l    d  .comment	00000000 .comment
00000000 l    d  .debug_frame	00000000 .debug_frame
00000000 l    d  .debug_loc	00000000 .debug_loc
00000000 l    d  .stab	00000000 .stab
00000000 l    d  .stabstr	00000000 .stabstr
00000000 l    df *ABS*	00000000 ./Startup/startup_ch32v20x_D6.o
00000004 l       .vector	00000000 _vector_base
00000000 l    df *ABS*	00000000 ch32v20x_it.c
00000000 l    df *ABS*	00000000 main.c
00000000 l    df *ABS*	00000000 system_ch32v20x.c
00000000 l    df *ABS*	00000000 ch32v20x_dbgmcu.c
00000000 l    df *ABS*	00000000 ch32v20x_gpio.c
00000000 l    df *ABS*	00000000 ch32v20x_misc.c
00000000 l    df *ABS*	00000000 ch32v20x_rcc.c
20000010 l     O .data	00000010 APBAHBPrescTable
20000084 l     O .data	00000004 ADCPrescTable
00000000 l    df *ABS*	00000000 ch32v20x_usart.c
00000000 l    df *ABS*	00000000 debug.c
200000a0 l     O .bss	00000002 p_ms
200000a2 l     O .bss	00000001 p_us
20000088 l     O .data	00000004 curbrk.4672
00000000 l    df *ABS*	00000000 libgcc2.c
00000000 l    df *ABS*	00000000 printf.c
00000000 l    df *ABS*	00000000 puts.c
00000000 l    df *ABS*	00000000 wbuf.c
00000000 l    df *ABS*	00000000 wsetup.c
00000000 l    df *ABS*	00000000 fflush.c
00000000 l    df *ABS*	00000000 findfp.c
00000fe0 l     F .text	00000066 std
00000000 l    df *ABS*	00000000 fwalk.c
00000000 l    df *ABS*	00000000 makebuf.c
00000000 l    df *ABS*	00000000 nano-mallocr.c
00000000 l    df *ABS*	00000000 nano-mallocr.c
00000000 l    df *ABS*	00000000 nano-vfprintf.c
00001466 l     F .text	00000028 __sfputc_r
00000000 l    df *ABS*	00000000 nano-vfprintf_i.c
00000000 l    df *ABS*	00000000 sbrkr.c
00000000 l    df *ABS*	00000000 stdio.c
00000000 l    df *ABS*	00000000 writer.c
00000000 l    df *ABS*	00000000 closer.c
00000000 l    df *ABS*	00000000 fstatr.c
00000000 l    df *ABS*	00000000 isattyr.c
00000000 l    df *ABS*	00000000 lseekr.c
00000000 l    df *ABS*	00000000 memchr.c
00000000 l    df *ABS*	00000000 mlock.c
00000000 l    df *ABS*	00000000 readr.c
00000000 l    df *ABS*	00000000 close.c
00000000 l    df *ABS*	00000000 fstat.c
00000000 l    df *ABS*	00000000 isatty.c
00000000 l    df *ABS*	00000000 lseek.c
00000000 l    df *ABS*	00000000 read.c
00000000 l    df *ABS*	00000000 libgcc2.c
00000000 l    df *ABS*	00000000 impure.c
20000020 l     O .data	00000060 impure_data
00000000 l    df *ABS*	00000000 reent.c
000003dc  w      .text	00000000 EXTI2_IRQHandler
00001c52 g     F .text	00000028 _isatty_r
00000bb6 g     F .text	000000d4 _puts_r
00001c7a g     F .text	0000002c _lseek_r
00000b76 g     F .text	00000040 printf
20000880 g       .data	00000000 __global_pointer$
00000108 g     F .text	00000028 .hidden __riscv_save_8
000003dc  w      .text	00000000 TIM1_CC_IRQHandler
00001b9c g     F .text	00000030 __sseek
00001096 g     F .text	00000066 __sinit
00000c94 g     F .text	000000bc __swbuf_r
0000020a g     F .text	00000010 HardFault_Handler
00001050 g     F .text	00000046 __sfmoreglue
00001cc0 g     F .text	00000002 __malloc_unlock
00000154 g     F .text	0000000c .hidden __riscv_restore_3
000003dc  w      .text	00000000 SysTick_Handler
000003dc  w      .text	00000000 PVD_IRQHandler
00000140 g     F .text	00000020 .hidden __riscv_restore_10
00000208 g     F .text	00000002 NMI_Handler
000003dc  w      .text	00000000 EXTI3_IRQHandler
00000108 g     F .text	00000028 .hidden __riscv_save_11
00000464 g     F .text	0000000a DBGMCU_GetCHIPID
00000702 g     F .text	0000000a USART_GetFlagStatus
00001c28 g     F .text	0000002a _fstat_r
200000ac g     O .bss	00000004 errno
20000098 g       .bss	00000000 _sbss
00000800 g       *ABS*	00000000 __stack_size
00000736 g     F .text	00000050 USART_Printf_Init
000003dc  w      .text	00000000 USBFS_IRQHandler
00000154 g     F .text	0000000c .hidden __riscv_restore_2
00001046 g     F .text	0000000a _cleanup_r
000003dc  w      .text	00000000 EXTI0_IRQHandler
000003dc  w      .text	00000000 I2C2_EV_IRQHandler
00000c8a g     F .text	0000000a puts
20000080 g     O .data	00000004 SystemCoreClock
00001cfa g     F .text	0000000c _fstat
00000004 g       .init	00000000 _einit
00000624 g     F .text	0000001e RCC_APB2PeriphClockCmd
00000100 g     F .text	00000030 .hidden __riscv_save_12
000003dc  w      .text	00000000 ADC1_2_IRQHandler
0000046e g     F .text	000000f2 GPIO_Init
000003dc  w      .text	00000000 Break_Point_Handler
00000140 g     F .text	00000020 .hidden __riscv_restore_11
2000009c g     O .bss	00000004 NVIC_Priority_Group
000003dc  w      .text	00000000 SPI1_IRQHandler
000006e4 g     F .text	00000016 USART_Cmd
00001afe g     F .text	0000002a _sbrk_r
00000130 g     F .text	0000000c .hidden __riscv_save_1
000003dc  w      .text	00000000 TAMPER_IRQHandler
00000154 g     F .text	0000000c .hidden __riscv_restore_0
00001cc2 g     F .text	0000002c _read_r
00000116 g     F .text	0000001a .hidden __riscv_save_7
000003dc  w      .text	00000000 Ecall_M_Mode_Handler
20004800 g       .stack	00000000 _heap_end
00001d06 g     F .text	0000000c _isatty
20000090 g     O .data	00000004 _global_impure_ptr
0000014a g     F .text	00000016 .hidden __riscv_restore_5
000007e4 g     F .text	00000392 .hidden __udivdi3
000003dc  w      .text	00000000 DMA1_Channel4_IRQHandler
000007be g     F .text	00000026 _sbrk
0000014a g     F .text	00000016 .hidden __riscv_restore_6
000003dc  w      .text	00000000 USART3_IRQHandler
000003dc  w      .text	00000000 RTC_IRQHandler
200000b0 g       .bss	00000000 _ebss
000003dc  w      .text	00000000 DMA1_Channel7_IRQHandler
000003dc  w      .text	00000000 CAN1_RX1_IRQHandler
0000070c g     F .text	0000002a Delay_Init
000003dc  w      .text	00000000 TIM4_IRQHandler
00000108 g     F .text	00000028 .hidden __riscv_save_9
00001e64 g     O .text	00000020 __sf_fake_stderr
00000116 g     F .text	0000001a .hidden __riscv_save_4
000003dc  w      .text	00000000 I2C1_EV_IRQHandler
00000566 g     F .text	000000be RCC_GetClocksFreq
000003dc  w      .text	00000000 DMA1_Channel6_IRQHandler
0000148e g     F .text	00000040 __sfputs_r
000003dc  w      .text	00000000 UART4_IRQHandler
00001ca6 g     F .text	00000018 memchr
00000642 g     F .text	000000a2 USART_Init
000012ea g     F .text	000000a8 _free_r
000003dc  w      .text	00000000 TIM3_IRQHandler
000003dc  w      .text	00000000 RCC_IRQHandler
00000130 g     F .text	0000000c .hidden __riscv_save_3
000003dc  w      .text	00000000 TIM1_TRG_COM_IRQHandler
000003dc  w      .text	00000000 DMA1_Channel1_IRQHandler
00000000 g       .init	00000000 _start
20000000 g     O .data	00000010 AHBPrescTable
00001d12 g     F .text	0000000c _lseek
000003dc  w      .text	00000000 EXTI15_10_IRQHandler
000003dc  w      .text	00000000 DMA1_Channel8_IRQHandler
00001c00 g     F .text	00000028 _close_r
20000000 g       .dalign	00000000 _data_vma
20000098 g     O .bss	00000001 MCU_Version
00000d50 g     F .text	000000fc __swsetup_r
000003dc  w      .text	00000000 EXTI9_5_IRQHandler
000010fc g     F .text	0000009c __sfp
00000108 g     F .text	00000028 .hidden __riscv_save_10
00001b28 g     F .text	0000002c __sread
00001cbe g     F .text	00000002 __malloc_lock
0000014a g     F .text	00000016 .hidden __riscv_restore_4
00000140 g     F .text	00000020 .hidden __riscv_restore_8
00000f7c g     F .text	00000064 _fflush_r
00000116 g     F .text	0000001a .hidden __riscv_save_6
000003dc  w      .text	00000000 SPI2_IRQHandler
00001e84 g     O .text	00000020 __sf_fake_stdin
00000160 g     F .text	000000a8 memset
00000140 g     F .text	00000020 .hidden __riscv_restore_9
0000014a g     F .text	00000016 .hidden __riscv_restore_7
0000021a g     F .text	00000046 main
00001bcc g     F .text	00000006 __sclose
00001392 g     F .text	000000d4 _malloc_r
000003dc  w      .text	00000000 DMA1_Channel5_IRQHandler
000003dc  w      .text	00000000 EXTI4_IRQHandler
000003dc  w      .text	00000000 USB_LP_CAN1_RX0_IRQHandler
00000260 g     F .text	000000ea SystemInit
00000b76 g     F .text	00000040 iprintf
000003dc  w      .text	00000000 USB_HP_CAN1_TX_IRQHandler
00001d64 g     O .text	00000100 .hidden __clz_tab
00000000 g       .init	00000000 _sinit
00001bd2 g     F .text	0000002e _write_r
000003dc  w      .text	00000000 DMA1_Channel3_IRQHandler
00001752 g     F .text	0000010c _printf_common
2000008c g     O .data	00000004 _impure_ptr
000003dc  w      .text	00000000 TIM1_UP_IRQHandler
00000e4c g     F .text	00000130 __sflush_r
000003dc  w      .text	00000000 WWDG_IRQHandler
000003dc  w      .text	00000000 Ecall_U_Mode_Handler
000003dc  w      .text	00000000 TIM2_IRQHandler
20005000 g       .stack	00000000 _eusrstack
00000130 g     F .text	0000000c .hidden __riscv_save_2
000003dc  w      .text	00000000 SW_Handler
000003dc  w      .text	00000000 TIM1_BRK_IRQHandler
00001202 g     F .text	00000058 __swhatbuf_r
000006fa g     F .text	00000008 USART_SendData
000003dc  w      .text	00000000 EXTI1_IRQHandler
00000116 g     F .text	0000001a .hidden __riscv_save_5
00000786 g     F .text	00000038 _write
20000098 g       .data	00000000 _edata
200000b0 g       .bss	00000000 _end
000003dc  w      .text	00000000 RTCAlarm_IRQHandler
00001f00 g       .dlalign	00000000 _data_lma
000003dc  w      .text	00000000 USART2_IRQHandler
00001b54 g     F .text	00000048 __swrite
000014ce g     F .text	00000284 _vfiprintf_r
00001198 g     F .text	0000006a _fwalk_reent
0000034a g     F .text	00000092 SystemCoreClockUpdate
000003dc  w      .text	00000000 I2C2_ER_IRQHandler
000003dc  w      .text	00000000 DMA1_Channel2_IRQHandler
00001ea4 g     O .text	00000020 __sf_fake_stdout
0000013c g     F .text	00000024 .hidden __riscv_restore_12
00001d1e g     F .text	0000000c _read
000003de  w      .text	00000000 handle_reset
000003dc  w      .text	00000000 CAN1_SCE_IRQHandler
000003dc  w      .text	00000000 FLASH_IRQHandler
00000130 g     F .text	0000000c .hidden __riscv_save_0
000003dc  w      .text	00000000 USBFSWakeUp_IRQHandler
000003dc  w      .text	00000000 USART1_IRQHandler
0000125a g     F .text	00000090 __smakebuf_r
0000185e g     F .text	000002a0 _printf_i
200000a8 g     O .bss	00000004 __malloc_sbrk_start
000003dc  w      .text	00000000 I2C1_ER_IRQHandler
00000560 g     F .text	00000006 NVIC_PriorityGroupConfig
200000a4 g     O .bss	00000004 __malloc_free_list
00000154 g     F .text	0000000c .hidden __riscv_restore_1
000014ce g     F .text	00000284 _vfprintf_r
000003dc  w      .text	00000000 USBWakeUp_IRQHandler
00001cee g     F .text	0000000c _close



Disassembly of section .init:

00000000 <_sinit>:
   0:	3de0006f          	j	3de <handle_reset>

Disassembly of section .vector:

00000004 <_vector_base>:
	...
   c:	0208                	addi	a0,sp,256
   e:	0000                	unimp
  10:	020a                	slli	tp,tp,0x2
  12:	0000                	unimp
  14:	0000                	unimp
  16:	0000                	unimp
  18:	03dc                	addi	a5,sp,452
	...
  22:	0000                	unimp
  24:	03dc                	addi	a5,sp,452
  26:	0000                	unimp
  28:	03dc                	addi	a5,sp,452
	...
  32:	0000                	unimp
  34:	03dc                	addi	a5,sp,452
  36:	0000                	unimp
  38:	0000                	unimp
  3a:	0000                	unimp
  3c:	03dc                	addi	a5,sp,452
  3e:	0000                	unimp
  40:	0000                	unimp
  42:	0000                	unimp
  44:	03dc                	addi	a5,sp,452
  46:	0000                	unimp
  48:	03dc                	addi	a5,sp,452
  4a:	0000                	unimp
  4c:	03dc                	addi	a5,sp,452
  4e:	0000                	unimp
  50:	03dc                	addi	a5,sp,452
  52:	0000                	unimp
  54:	03dc                	addi	a5,sp,452
  56:	0000                	unimp
  58:	03dc                	addi	a5,sp,452
  5a:	0000                	unimp
  5c:	03dc                	addi	a5,sp,452
  5e:	0000                	unimp
  60:	03dc                	addi	a5,sp,452
  62:	0000                	unimp
  64:	03dc                	addi	a5,sp,452
  66:	0000                	unimp
  68:	03dc                	addi	a5,sp,452
  6a:	0000                	unimp
  6c:	03dc                	addi	a5,sp,452
  6e:	0000                	unimp
  70:	03dc                	addi	a5,sp,452
  72:	0000                	unimp
  74:	03dc                	addi	a5,sp,452
  76:	0000                	unimp
  78:	03dc                	addi	a5,sp,452
  7a:	0000                	unimp
  7c:	03dc                	addi	a5,sp,452
  7e:	0000                	unimp
  80:	03dc                	addi	a5,sp,452
  82:	0000                	unimp
  84:	03dc                	addi	a5,sp,452
  86:	0000                	unimp
  88:	03dc                	addi	a5,sp,452
  8a:	0000                	unimp
  8c:	03dc                	addi	a5,sp,452
  8e:	0000                	unimp
  90:	03dc                	addi	a5,sp,452
  92:	0000                	unimp
  94:	03dc                	addi	a5,sp,452
  96:	0000                	unimp
  98:	03dc                	addi	a5,sp,452
  9a:	0000                	unimp
  9c:	03dc                	addi	a5,sp,452
  9e:	0000                	unimp
  a0:	03dc                	addi	a5,sp,452
  a2:	0000                	unimp
  a4:	03dc                	addi	a5,sp,452
  a6:	0000                	unimp
  a8:	03dc                	addi	a5,sp,452
  aa:	0000                	unimp
  ac:	03dc                	addi	a5,sp,452
  ae:	0000                	unimp
  b0:	03dc                	addi	a5,sp,452
  b2:	0000                	unimp
  b4:	03dc                	addi	a5,sp,452
  b6:	0000                	unimp
  b8:	03dc                	addi	a5,sp,452
  ba:	0000                	unimp
  bc:	03dc                	addi	a5,sp,452
  be:	0000                	unimp
  c0:	03dc                	addi	a5,sp,452
  c2:	0000                	unimp
  c4:	03dc                	addi	a5,sp,452
  c6:	0000                	unimp
  c8:	03dc                	addi	a5,sp,452
  ca:	0000                	unimp
  cc:	03dc                	addi	a5,sp,452
  ce:	0000                	unimp
  d0:	03dc                	addi	a5,sp,452
  d2:	0000                	unimp
  d4:	03dc                	addi	a5,sp,452
  d6:	0000                	unimp
  d8:	03dc                	addi	a5,sp,452
  da:	0000                	unimp
  dc:	03dc                	addi	a5,sp,452
  de:	0000                	unimp
  e0:	03dc                	addi	a5,sp,452
  e2:	0000                	unimp
  e4:	03dc                	addi	a5,sp,452
  e6:	0000                	unimp
  e8:	03dc                	addi	a5,sp,452
  ea:	0000                	unimp
  ec:	03dc                	addi	a5,sp,452
  ee:	0000                	unimp
  f0:	03dc                	addi	a5,sp,452
  f2:	0000                	unimp
  f4:	03dc                	addi	a5,sp,452
  f6:	0000                	unimp
  f8:	03dc                	addi	a5,sp,452
  fa:	0000                	unimp
  fc:	03dc                	addi	a5,sp,452
	...

Disassembly of section .text:

00000100 <__riscv_save_12>:
     100:	7139                	addi	sp,sp,-64
     102:	4301                	li	t1,0
     104:	c66e                	sw	s11,12(sp)
     106:	a019                	j	10c <__riscv_save_10+0x4>

00000108 <__riscv_save_10>:
     108:	7139                	addi	sp,sp,-64
     10a:	5341                	li	t1,-16
     10c:	c86a                	sw	s10,16(sp)
     10e:	ca66                	sw	s9,20(sp)
     110:	cc62                	sw	s8,24(sp)
     112:	ce5e                	sw	s7,28(sp)
     114:	a019                	j	11a <__riscv_save_4+0x4>

00000116 <__riscv_save_4>:
     116:	7139                	addi	sp,sp,-64
     118:	5301                	li	t1,-32
     11a:	d05a                	sw	s6,32(sp)
     11c:	d256                	sw	s5,36(sp)
     11e:	d452                	sw	s4,40(sp)
     120:	d64e                	sw	s3,44(sp)
     122:	d84a                	sw	s2,48(sp)
     124:	da26                	sw	s1,52(sp)
     126:	dc22                	sw	s0,56(sp)
     128:	de06                	sw	ra,60(sp)
     12a:	40610133          	sub	sp,sp,t1
     12e:	8282                	jr	t0

00000130 <__riscv_save_0>:
     130:	1141                	addi	sp,sp,-16
     132:	c04a                	sw	s2,0(sp)
     134:	c226                	sw	s1,4(sp)
     136:	c422                	sw	s0,8(sp)
     138:	c606                	sw	ra,12(sp)
     13a:	8282                	jr	t0

0000013c <__riscv_restore_12>:
     13c:	4db2                	lw	s11,12(sp)
     13e:	0141                	addi	sp,sp,16

00000140 <__riscv_restore_10>:
     140:	4d02                	lw	s10,0(sp)
     142:	4c92                	lw	s9,4(sp)
     144:	4c22                	lw	s8,8(sp)
     146:	4bb2                	lw	s7,12(sp)
     148:	0141                	addi	sp,sp,16

0000014a <__riscv_restore_4>:
     14a:	4b02                	lw	s6,0(sp)
     14c:	4a92                	lw	s5,4(sp)
     14e:	4a22                	lw	s4,8(sp)
     150:	49b2                	lw	s3,12(sp)
     152:	0141                	addi	sp,sp,16

00000154 <__riscv_restore_0>:
     154:	4902                	lw	s2,0(sp)
     156:	4492                	lw	s1,4(sp)
     158:	4422                	lw	s0,8(sp)
     15a:	40b2                	lw	ra,12(sp)
     15c:	0141                	addi	sp,sp,16
     15e:	8082                	ret

00000160 <memset>:
     160:	433d                	li	t1,15
     162:	872a                	mv	a4,a0
     164:	02c37363          	bgeu	t1,a2,18a <memset+0x2a>
     168:	00f77793          	andi	a5,a4,15
     16c:	efbd                	bnez	a5,1ea <memset+0x8a>
     16e:	e5ad                	bnez	a1,1d8 <memset+0x78>
     170:	ff067693          	andi	a3,a2,-16
     174:	8a3d                	andi	a2,a2,15
     176:	96ba                	add	a3,a3,a4
     178:	c30c                	sw	a1,0(a4)
     17a:	c34c                	sw	a1,4(a4)
     17c:	c70c                	sw	a1,8(a4)
     17e:	c74c                	sw	a1,12(a4)
     180:	0741                	addi	a4,a4,16
     182:	fed76be3          	bltu	a4,a3,178 <memset+0x18>
     186:	e211                	bnez	a2,18a <memset+0x2a>
     188:	8082                	ret
     18a:	40c306b3          	sub	a3,t1,a2
     18e:	068a                	slli	a3,a3,0x2
     190:	00000297          	auipc	t0,0x0
     194:	9696                	add	a3,a3,t0
     196:	00a68067          	jr	10(a3)
     19a:	00b70723          	sb	a1,14(a4)
     19e:	00b706a3          	sb	a1,13(a4)
     1a2:	00b70623          	sb	a1,12(a4)
     1a6:	00b705a3          	sb	a1,11(a4)
     1aa:	00b70523          	sb	a1,10(a4)
     1ae:	00b704a3          	sb	a1,9(a4)
     1b2:	00b70423          	sb	a1,8(a4)
     1b6:	00b703a3          	sb	a1,7(a4)
     1ba:	00b70323          	sb	a1,6(a4)
     1be:	00b702a3          	sb	a1,5(a4)
     1c2:	00b70223          	sb	a1,4(a4)
     1c6:	00b701a3          	sb	a1,3(a4)
     1ca:	00b70123          	sb	a1,2(a4)
     1ce:	00b700a3          	sb	a1,1(a4)
     1d2:	00b70023          	sb	a1,0(a4)
     1d6:	8082                	ret
     1d8:	0ff5f593          	andi	a1,a1,255
     1dc:	00859693          	slli	a3,a1,0x8
     1e0:	8dd5                	or	a1,a1,a3
     1e2:	01059693          	slli	a3,a1,0x10
     1e6:	8dd5                	or	a1,a1,a3
     1e8:	b761                	j	170 <memset+0x10>
     1ea:	00279693          	slli	a3,a5,0x2
     1ee:	00000297          	auipc	t0,0x0
     1f2:	9696                	add	a3,a3,t0
     1f4:	8286                	mv	t0,ra
     1f6:	fa8680e7          	jalr	-88(a3)
     1fa:	8096                	mv	ra,t0
     1fc:	17c1                	addi	a5,a5,-16
     1fe:	8f1d                	sub	a4,a4,a5
     200:	963e                	add	a2,a2,a5
     202:	f8c374e3          	bgeu	t1,a2,18a <memset+0x2a>
     206:	b7a5                	j	16e <memset+0xe>

00000208 <NMI_Handler>:
     208:	a001                	j	208 <NMI_Handler>

0000020a <HardFault_Handler>:
     20a:	beef07b7          	lui	a5,0xbeef0
     20e:	e000e737          	lui	a4,0xe000e
     212:	08078793          	addi	a5,a5,128 # beef0080 <_eusrstack+0x9eeeb080>
     216:	c73c                	sw	a5,72(a4)
     218:	a001                	j	218 <HardFault_Handler+0xe>

0000021a <main>:
     21a:	f17ff2ef          	jal	t0,130 <__riscv_save_0>
     21e:	4505                	li	a0,1
     220:	2681                	jal	560 <NVIC_PriorityGroupConfig>
     222:	2225                	jal	34a <SystemCoreClockUpdate>
     224:	21e5                	jal	70c <Delay_Init>
     226:	6571                	lui	a0,0x1c
     228:	20050513          	addi	a0,a0,512 # 1c200 <_data_lma+0x1a300>
     22c:	2329                	jal	736 <USART_Printf_Init>
     22e:	200007b7          	lui	a5,0x20000
     232:	0807a583          	lw	a1,128(a5) # 20000080 <SystemCoreClock>
     236:	00002537          	lui	a0,0x2
     23a:	d2c50513          	addi	a0,a0,-724 # 1d2c <_read+0xe>
     23e:	139000ef          	jal	ra,b76 <iprintf>
     242:	240d                	jal	464 <DBGMCU_GetCHIPID>
     244:	85aa                	mv	a1,a0
     246:	00002537          	lui	a0,0x2
     24a:	d3c50513          	addi	a0,a0,-708 # 1d3c <_read+0x1e>
     24e:	129000ef          	jal	ra,b76 <iprintf>
     252:	00002537          	lui	a0,0x2
     256:	d4c50513          	addi	a0,a0,-692 # 1d4c <_read+0x2e>
     25a:	231000ef          	jal	ra,c8a <puts>
     25e:	a001                	j	25e <main+0x44>

00000260 <SystemInit>:
     260:	400217b7          	lui	a5,0x40021
     264:	4398                	lw	a4,0(a5)
     266:	f0ff06b7          	lui	a3,0xf0ff0
     26a:	1141                	addi	sp,sp,-16
     26c:	00176713          	ori	a4,a4,1
     270:	c398                	sw	a4,0(a5)
     272:	43d8                	lw	a4,4(a5)
     274:	00020637          	lui	a2,0x20
     278:	8f75                	and	a4,a4,a3
     27a:	c3d8                	sw	a4,4(a5)
     27c:	4398                	lw	a4,0(a5)
     27e:	fef706b7          	lui	a3,0xfef70
     282:	16fd                	addi	a3,a3,-1
     284:	8f75                	and	a4,a4,a3
     286:	c398                	sw	a4,0(a5)
     288:	4398                	lw	a4,0(a5)
     28a:	fffc06b7          	lui	a3,0xfffc0
     28e:	16fd                	addi	a3,a3,-1
     290:	8f75                	and	a4,a4,a3
     292:	c398                	sw	a4,0(a5)
     294:	43d8                	lw	a4,4(a5)
     296:	ff0106b7          	lui	a3,0xff010
     29a:	16fd                	addi	a3,a3,-1
     29c:	8f75                	and	a4,a4,a3
     29e:	c3d8                	sw	a4,4(a5)
     2a0:	009f0737          	lui	a4,0x9f0
     2a4:	c798                	sw	a4,8(a5)
     2a6:	c402                	sw	zero,8(sp)
     2a8:	c602                	sw	zero,12(sp)
     2aa:	4398                	lw	a4,0(a5)
     2ac:	66c1                	lui	a3,0x10
     2ae:	8f55                	or	a4,a4,a3
     2b0:	c398                	sw	a4,0(a5)
     2b2:	400216b7          	lui	a3,0x40021
     2b6:	6705                	lui	a4,0x1
     2b8:	429c                	lw	a5,0(a3)
     2ba:	8ff1                	and	a5,a5,a2
     2bc:	c63e                	sw	a5,12(sp)
     2be:	47a2                	lw	a5,8(sp)
     2c0:	0785                	addi	a5,a5,1
     2c2:	c43e                	sw	a5,8(sp)
     2c4:	47b2                	lw	a5,12(sp)
     2c6:	e781                	bnez	a5,2ce <SystemInit+0x6e>
     2c8:	47a2                	lw	a5,8(sp)
     2ca:	fee797e3          	bne	a5,a4,2b8 <SystemInit+0x58>
     2ce:	400217b7          	lui	a5,0x40021
     2d2:	439c                	lw	a5,0(a5)
     2d4:	00e79713          	slli	a4,a5,0xe
     2d8:	06075763          	bgez	a4,346 <SystemInit+0xe6>
     2dc:	4785                	li	a5,1
     2de:	c63e                	sw	a5,12(sp)
     2e0:	4732                	lw	a4,12(sp)
     2e2:	4785                	li	a5,1
     2e4:	04f71f63          	bne	a4,a5,342 <SystemInit+0xe2>
     2e8:	400217b7          	lui	a5,0x40021
     2ec:	43d8                	lw	a4,4(a5)
     2ee:	ffc106b7          	lui	a3,0xffc10
     2f2:	16fd                	addi	a3,a3,-1
     2f4:	c3d8                	sw	a4,4(a5)
     2f6:	43d8                	lw	a4,4(a5)
     2f8:	c3d8                	sw	a4,4(a5)
     2fa:	43d8                	lw	a4,4(a5)
     2fc:	40076713          	ori	a4,a4,1024
     300:	c3d8                	sw	a4,4(a5)
     302:	43d8                	lw	a4,4(a5)
     304:	8f75                	and	a4,a4,a3
     306:	c3d8                	sw	a4,4(a5)
     308:	43d8                	lw	a4,4(a5)
     30a:	002906b7          	lui	a3,0x290
     30e:	8f55                	or	a4,a4,a3
     310:	c3d8                	sw	a4,4(a5)
     312:	4398                	lw	a4,0(a5)
     314:	010006b7          	lui	a3,0x1000
     318:	8f55                	or	a4,a4,a3
     31a:	c398                	sw	a4,0(a5)
     31c:	4398                	lw	a4,0(a5)
     31e:	00671693          	slli	a3,a4,0x6
     322:	fe06dde3          	bgez	a3,31c <SystemInit+0xbc>
     326:	43d8                	lw	a4,4(a5)
     328:	400216b7          	lui	a3,0x40021
     32c:	9b71                	andi	a4,a4,-4
     32e:	c3d8                	sw	a4,4(a5)
     330:	43d8                	lw	a4,4(a5)
     332:	00276713          	ori	a4,a4,2
     336:	c3d8                	sw	a4,4(a5)
     338:	4721                	li	a4,8
     33a:	42dc                	lw	a5,4(a3)
     33c:	8bb1                	andi	a5,a5,12
     33e:	fee79ee3          	bne	a5,a4,33a <SystemInit+0xda>
     342:	0141                	addi	sp,sp,16
     344:	8082                	ret
     346:	c602                	sw	zero,12(sp)
     348:	bf61                	j	2e0 <SystemInit+0x80>

0000034a <SystemCoreClockUpdate>:
     34a:	400216b7          	lui	a3,0x40021
     34e:	42dc                	lw	a5,4(a3)
     350:	20000737          	lui	a4,0x20000
     354:	4611                	li	a2,4
     356:	8bb1                	andi	a5,a5,12
     358:	08070713          	addi	a4,a4,128 # 20000080 <SystemCoreClock>
     35c:	00c78563          	beq	a5,a2,366 <SystemCoreClockUpdate+0x1c>
     360:	4621                	li	a2,8
     362:	02c78863          	beq	a5,a2,392 <SystemCoreClockUpdate+0x48>
     366:	007a17b7          	lui	a5,0x7a1
     36a:	20078793          	addi	a5,a5,512 # 7a1200 <_data_lma+0x79f300>
     36e:	c31c                	sw	a5,0(a4)
     370:	400217b7          	lui	a5,0x40021
     374:	43dc                	lw	a5,4(a5)
     376:	8391                	srli	a5,a5,0x4
     378:	00f7f693          	andi	a3,a5,15
     37c:	200007b7          	lui	a5,0x20000
     380:	00078793          	mv	a5,a5
     384:	97b6                	add	a5,a5,a3
     386:	2394                	lbu	a3,0(a5)
     388:	431c                	lw	a5,0(a4)
     38a:	00d7d7b3          	srl	a5,a5,a3
     38e:	c31c                	sw	a5,0(a4)
     390:	8082                	ret
     392:	42dc                	lw	a5,4(a3)
     394:	42d4                	lw	a3,4(a3)
     396:	6641                	lui	a2,0x10
     398:	83c9                	srli	a5,a5,0x12
     39a:	8bbd                	andi	a5,a5,15
     39c:	8ef1                	and	a3,a3,a2
     39e:	0789                	addi	a5,a5,2
     3a0:	4645                	li	a2,17
     3a2:	00c79363          	bne	a5,a2,3a8 <SystemCoreClockUpdate+0x5e>
     3a6:	47c9                	li	a5,18
     3a8:	ee81                	bnez	a3,3c0 <SystemCoreClockUpdate+0x76>
     3aa:	400246b7          	lui	a3,0x40024
     3ae:	8006a683          	lw	a3,-2048(a3) # 40023800 <_eusrstack+0x2001e800>
     3b2:	8ac1                	andi	a3,a3,16
     3b4:	ce89                	beqz	a3,3ce <SystemCoreClockUpdate+0x84>
     3b6:	007a16b7          	lui	a3,0x7a1
     3ba:	20068693          	addi	a3,a3,512 # 7a1200 <_data_lma+0x79f300>
     3be:	a821                	j	3d6 <SystemCoreClockUpdate+0x8c>
     3c0:	400216b7          	lui	a3,0x40021
     3c4:	42d4                	lw	a3,4(a3)
     3c6:	00e69613          	slli	a2,a3,0xe
     3ca:	fe0656e3          	bgez	a2,3b6 <SystemCoreClockUpdate+0x6c>
     3ce:	003d16b7          	lui	a3,0x3d1
     3d2:	90068693          	addi	a3,a3,-1792 # 3d0900 <_data_lma+0x3cea00>
     3d6:	02d787b3          	mul	a5,a5,a3
     3da:	bf51                	j	36e <SystemCoreClockUpdate+0x24>

000003dc <ADC1_2_IRQHandler>:
     3dc:	a001                	j	3dc <ADC1_2_IRQHandler>

000003de <handle_reset>:
     3de:	20000197          	auipc	gp,0x20000
     3e2:	4a218193          	addi	gp,gp,1186 # 20000880 <__global_pointer$>
     3e6:	20005117          	auipc	sp,0x20005
     3ea:	c1a10113          	addi	sp,sp,-998 # 20005000 <_eusrstack>
     3ee:	00002517          	auipc	a0,0x2
     3f2:	b1250513          	addi	a0,a0,-1262 # 1f00 <_data_lma>
     3f6:	20000597          	auipc	a1,0x20000
     3fa:	c0a58593          	addi	a1,a1,-1014 # 20000000 <_data_vma>
     3fe:	81818613          	addi	a2,gp,-2024 # 20000098 <_edata>
     402:	00c5fa63          	bgeu	a1,a2,416 <handle_reset+0x38>
     406:	00052283          	lw	t0,0(a0)
     40a:	0055a023          	sw	t0,0(a1)
     40e:	0511                	addi	a0,a0,4
     410:	0591                	addi	a1,a1,4
     412:	fec5eae3          	bltu	a1,a2,406 <handle_reset+0x28>
     416:	81818513          	addi	a0,gp,-2024 # 20000098 <_edata>
     41a:	83018593          	addi	a1,gp,-2000 # 200000b0 <_ebss>
     41e:	00b57763          	bgeu	a0,a1,42c <handle_reset+0x4e>
     422:	00052023          	sw	zero,0(a0)
     426:	0511                	addi	a0,a0,4
     428:	feb56de3          	bltu	a0,a1,422 <handle_reset+0x44>
     42c:	42fd                	li	t0,31
     42e:	bc029073          	csrw	0xbc0,t0
     432:	428d                	li	t0,3
     434:	80429073          	csrw	0x804,t0
     438:	08800293          	li	t0,136
     43c:	30029073          	csrw	mstatus,t0
     440:	00000297          	auipc	t0,0x0
     444:	bc428293          	addi	t0,t0,-1084 # 4 <_einit>
     448:	0032e293          	ori	t0,t0,3
     44c:	30529073          	csrw	mtvec,t0
     450:	e11ff0ef          	jal	ra,260 <SystemInit>
     454:	00000297          	auipc	t0,0x0
     458:	dc628293          	addi	t0,t0,-570 # 21a <main>
     45c:	34129073          	csrw	mepc,t0
     460:	30200073          	mret

00000464 <DBGMCU_GetCHIPID>:
     464:	1ffff7b7          	lui	a5,0x1ffff
     468:	7047a503          	lw	a0,1796(a5) # 1ffff704 <_data_lma+0x1fffd804>
     46c:	8082                	ret

0000046e <GPIO_Init>:
     46e:	459c                	lw	a5,8(a1)
     470:	0107f713          	andi	a4,a5,16
     474:	00f7f813          	andi	a6,a5,15
     478:	c701                	beqz	a4,480 <GPIO_Init+0x12>
     47a:	41d8                	lw	a4,4(a1)
     47c:	00e86833          	or	a6,a6,a4
     480:	40022737          	lui	a4,0x40022
     484:	5b14                	lw	a3,48(a4)
     486:	0f000737          	lui	a4,0xf000
     48a:	8f75                	and	a4,a4,a3
     48c:	eb4d                	bnez	a4,53e <GPIO_Init+0xd0>
     48e:	4685                	li	a3,1
     490:	80d18c23          	sb	a3,-2024(gp) # 20000098 <_edata>
     494:	40011737          	lui	a4,0x40011
     498:	00e51563          	bne	a0,a4,4a2 <GPIO_Init+0x34>
     49c:	219a                	lhu	a4,0(a1)
     49e:	8335                	srli	a4,a4,0xd
     4a0:	a19a                	sh	a4,0(a1)
     4a2:	218e                	lhu	a1,0(a1)
     4a4:	0ff5f713          	andi	a4,a1,255
     4a8:	c339                	beqz	a4,4ee <GPIO_Init+0x80>
     4aa:	4118                	lw	a4,0(a0)
     4ac:	4681                	li	a3,0
     4ae:	4e85                	li	t4,1
     4b0:	4f3d                	li	t5,15
     4b2:	02800f93          	li	t6,40
     4b6:	04800293          	li	t0,72
     4ba:	4e21                	li	t3,8
     4bc:	00de9633          	sll	a2,t4,a3
     4c0:	00c5f8b3          	and	a7,a1,a2
     4c4:	03161163          	bne	a2,a7,4e6 <GPIO_Init+0x78>
     4c8:	00269893          	slli	a7,a3,0x2
     4cc:	011f1333          	sll	t1,t5,a7
     4d0:	fff34313          	not	t1,t1
     4d4:	00e37733          	and	a4,t1,a4
     4d8:	011818b3          	sll	a7,a6,a7
     4dc:	00e8e733          	or	a4,a7,a4
     4e0:	07f79763          	bne	a5,t6,54e <GPIO_Init+0xe0>
     4e4:	c950                	sw	a2,20(a0)
     4e6:	0685                	addi	a3,a3,1
     4e8:	fdc69ae3          	bne	a3,t3,4bc <GPIO_Init+0x4e>
     4ec:	c118                	sw	a4,0(a0)
     4ee:	0ff00713          	li	a4,255
     4f2:	04b77563          	bgeu	a4,a1,53c <GPIO_Init+0xce>
     4f6:	4154                	lw	a3,4(a0)
     4f8:	4621                	li	a2,8
     4fa:	4e85                	li	t4,1
     4fc:	4f3d                	li	t5,15
     4fe:	02800f93          	li	t6,40
     502:	04800293          	li	t0,72
     506:	4e41                	li	t3,16
     508:	00ce98b3          	sll	a7,t4,a2
     50c:	0115f733          	and	a4,a1,a7
     510:	02e89263          	bne	a7,a4,534 <GPIO_Init+0xc6>
     514:	00261713          	slli	a4,a2,0x2
     518:	1701                	addi	a4,a4,-32
     51a:	00ef1333          	sll	t1,t5,a4
     51e:	fff34313          	not	t1,t1
     522:	00d376b3          	and	a3,t1,a3
     526:	00e81733          	sll	a4,a6,a4
     52a:	8ed9                	or	a3,a3,a4
     52c:	03f79563          	bne	a5,t6,556 <GPIO_Init+0xe8>
     530:	01152a23          	sw	a7,20(a0)
     534:	0605                	addi	a2,a2,1
     536:	fdc619e3          	bne	a2,t3,508 <GPIO_Init+0x9a>
     53a:	c154                	sw	a3,4(a0)
     53c:	8082                	ret
     53e:	40011737          	lui	a4,0x40011
     542:	f6e510e3          	bne	a0,a4,4a2 <GPIO_Init+0x34>
     546:	8181c703          	lbu	a4,-2024(gp) # 20000098 <_edata>
     54a:	df21                	beqz	a4,4a2 <GPIO_Init+0x34>
     54c:	bf81                	j	49c <GPIO_Init+0x2e>
     54e:	f8579ce3          	bne	a5,t0,4e6 <GPIO_Init+0x78>
     552:	c910                	sw	a2,16(a0)
     554:	bf49                	j	4e6 <GPIO_Init+0x78>
     556:	fc579fe3          	bne	a5,t0,534 <GPIO_Init+0xc6>
     55a:	01152823          	sw	a7,16(a0)
     55e:	bfd9                	j	534 <GPIO_Init+0xc6>

00000560 <NVIC_PriorityGroupConfig>:
     560:	80a1ae23          	sw	a0,-2020(gp) # 2000009c <NVIC_Priority_Group>
     564:	8082                	ret

00000566 <RCC_GetClocksFreq>:
     566:	40021737          	lui	a4,0x40021
     56a:	435c                	lw	a5,4(a4)
     56c:	4691                	li	a3,4
     56e:	8bb1                	andi	a5,a5,12
     570:	00d78563          	beq	a5,a3,57a <RCC_GetClocksFreq+0x14>
     574:	46a1                	li	a3,8
     576:	06d78263          	beq	a5,a3,5da <RCC_GetClocksFreq+0x74>
     57a:	007a17b7          	lui	a5,0x7a1
     57e:	20078793          	addi	a5,a5,512 # 7a1200 <_data_lma+0x79f300>
     582:	c11c                	sw	a5,0(a0)
     584:	40021637          	lui	a2,0x40021
     588:	425c                	lw	a5,4(a2)
     58a:	20000737          	lui	a4,0x20000
     58e:	01070713          	addi	a4,a4,16 # 20000010 <APBAHBPrescTable>
     592:	8391                	srli	a5,a5,0x4
     594:	8bbd                	andi	a5,a5,15
     596:	97ba                	add	a5,a5,a4
     598:	2394                	lbu	a3,0(a5)
     59a:	411c                	lw	a5,0(a0)
     59c:	00d7d7b3          	srl	a5,a5,a3
     5a0:	c15c                	sw	a5,4(a0)
     5a2:	4254                	lw	a3,4(a2)
     5a4:	82a1                	srli	a3,a3,0x8
     5a6:	8a9d                	andi	a3,a3,7
     5a8:	96ba                	add	a3,a3,a4
     5aa:	2294                	lbu	a3,0(a3)
     5ac:	00d7d6b3          	srl	a3,a5,a3
     5b0:	c514                	sw	a3,8(a0)
     5b2:	4254                	lw	a3,4(a2)
     5b4:	82ad                	srli	a3,a3,0xb
     5b6:	8a9d                	andi	a3,a3,7
     5b8:	9736                	add	a4,a4,a3
     5ba:	2318                	lbu	a4,0(a4)
     5bc:	00e7d7b3          	srl	a5,a5,a4
     5c0:	c55c                	sw	a5,12(a0)
     5c2:	4258                	lw	a4,4(a2)
     5c4:	8339                	srli	a4,a4,0xe
     5c6:	00377693          	andi	a3,a4,3
     5ca:	80418713          	addi	a4,gp,-2044 # 20000084 <ADCPrescTable>
     5ce:	9736                	add	a4,a4,a3
     5d0:	2318                	lbu	a4,0(a4)
     5d2:	02e7d7b3          	divu	a5,a5,a4
     5d6:	c91c                	sw	a5,16(a0)
     5d8:	8082                	ret
     5da:	435c                	lw	a5,4(a4)
     5dc:	4358                	lw	a4,4(a4)
     5de:	66c1                	lui	a3,0x10
     5e0:	83c9                	srli	a5,a5,0x12
     5e2:	8bbd                	andi	a5,a5,15
     5e4:	8f75                	and	a4,a4,a3
     5e6:	0789                	addi	a5,a5,2
     5e8:	46c5                	li	a3,17
     5ea:	00d79363          	bne	a5,a3,5f0 <RCC_GetClocksFreq+0x8a>
     5ee:	47c9                	li	a5,18
     5f0:	ef01                	bnez	a4,608 <RCC_GetClocksFreq+0xa2>
     5f2:	40024737          	lui	a4,0x40024
     5f6:	80072703          	lw	a4,-2048(a4) # 40023800 <_eusrstack+0x2001e800>
     5fa:	8b41                	andi	a4,a4,16
     5fc:	cf09                	beqz	a4,616 <RCC_GetClocksFreq+0xb0>
     5fe:	007a1737          	lui	a4,0x7a1
     602:	20070713          	addi	a4,a4,512 # 7a1200 <_data_lma+0x79f300>
     606:	a821                	j	61e <RCC_GetClocksFreq+0xb8>
     608:	40021737          	lui	a4,0x40021
     60c:	4358                	lw	a4,4(a4)
     60e:	00e71693          	slli	a3,a4,0xe
     612:	fe06d6e3          	bgez	a3,5fe <RCC_GetClocksFreq+0x98>
     616:	003d1737          	lui	a4,0x3d1
     61a:	90070713          	addi	a4,a4,-1792 # 3d0900 <_data_lma+0x3cea00>
     61e:	02e787b3          	mul	a5,a5,a4
     622:	b785                	j	582 <RCC_GetClocksFreq+0x1c>

00000624 <RCC_APB2PeriphClockCmd>:
     624:	c599                	beqz	a1,632 <RCC_APB2PeriphClockCmd+0xe>
     626:	40021737          	lui	a4,0x40021
     62a:	4f1c                	lw	a5,24(a4)
     62c:	8d5d                	or	a0,a0,a5
     62e:	cf08                	sw	a0,24(a4)
     630:	8082                	ret
     632:	400217b7          	lui	a5,0x40021
     636:	4f98                	lw	a4,24(a5)
     638:	fff54513          	not	a0,a0
     63c:	8d79                	and	a0,a0,a4
     63e:	cf88                	sw	a0,24(a5)
     640:	8082                	ret

00000642 <USART_Init>:
     642:	aefff2ef          	jal	t0,130 <__riscv_save_0>
     646:	291a                	lhu	a4,16(a0)
     648:	77f5                	lui	a5,0xffffd
     64a:	17fd                	addi	a5,a5,-1
     64c:	8ff9                	and	a5,a5,a4
     64e:	21fa                	lhu	a4,6(a1)
     650:	1101                	addi	sp,sp,-32
     652:	842a                	mv	s0,a0
     654:	8fd9                	or	a5,a5,a4
     656:	a91e                	sh	a5,16(a0)
     658:	259a                	lhu	a4,8(a1)
     65a:	21de                	lhu	a5,4(a1)
     65c:	2556                	lhu	a3,12(a0)
     65e:	84ae                	mv	s1,a1
     660:	8fd9                	or	a5,a5,a4
     662:	25ba                	lhu	a4,10(a1)
     664:	8fd9                	or	a5,a5,a4
     666:	777d                	lui	a4,0xfffff
     668:	9f370713          	addi	a4,a4,-1549 # ffffe9f3 <_eusrstack+0xdfff99f3>
     66c:	8f75                	and	a4,a4,a3
     66e:	8fd9                	or	a5,a5,a4
     670:	a55e                	sh	a5,12(a0)
     672:	295e                	lhu	a5,20(a0)
     674:	25da                	lhu	a4,12(a1)
     676:	07c2                	slli	a5,a5,0x10
     678:	83c1                	srli	a5,a5,0x10
     67a:	cff7f793          	andi	a5,a5,-769
     67e:	8fd9                	or	a5,a5,a4
     680:	a95e                	sh	a5,20(a0)
     682:	0068                	addi	a0,sp,12
     684:	35cd                	jal	566 <RCC_GetClocksFreq>
     686:	400147b7          	lui	a5,0x40014
     68a:	80078793          	addi	a5,a5,-2048 # 40013800 <_eusrstack+0x2000e800>
     68e:	04f41563          	bne	s0,a5,6d8 <USART_Init+0x96>
     692:	47e2                	lw	a5,24(sp)
     694:	4565                	li	a0,25
     696:	02f535b3          	mulhu	a1,a0,a5
     69a:	4090                	lw	a2,0(s1)
     69c:	4681                	li	a3,0
     69e:	060a                	slli	a2,a2,0x2
     6a0:	02f50533          	mul	a0,a0,a5
     6a4:	2281                	jal	7e4 <__udivdi3>
     6a6:	06400693          	li	a3,100
     6aa:	02d55733          	divu	a4,a0,a3
     6ae:	0712                	slli	a4,a4,0x4
     6b0:	00475793          	srli	a5,a4,0x4
     6b4:	02f687b3          	mul	a5,a3,a5
     6b8:	8d1d                	sub	a0,a0,a5
     6ba:	00451793          	slli	a5,a0,0x4
     6be:	03278513          	addi	a0,a5,50
     6c2:	63f00793          	li	a5,1599
     6c6:	00a7fb63          	bgeu	a5,a0,6dc <USART_Init+0x9a>
     6ca:	01070513          	addi	a0,a4,16
     6ce:	0542                	slli	a0,a0,0x10
     6d0:	8141                	srli	a0,a0,0x10
     6d2:	a40a                	sh	a0,8(s0)
     6d4:	6105                	addi	sp,sp,32
     6d6:	bcbd                	j	154 <__riscv_restore_0>
     6d8:	47d2                	lw	a5,20(sp)
     6da:	bf6d                	j	694 <USART_Init+0x52>
     6dc:	02d55533          	divu	a0,a0,a3
     6e0:	8d59                	or	a0,a0,a4
     6e2:	b7f5                	j	6ce <USART_Init+0x8c>

000006e4 <USART_Cmd>:
     6e4:	c591                	beqz	a1,6f0 <USART_Cmd+0xc>
     6e6:	255e                	lhu	a5,12(a0)
     6e8:	6709                	lui	a4,0x2
     6ea:	8fd9                	or	a5,a5,a4
     6ec:	a55e                	sh	a5,12(a0)
     6ee:	8082                	ret
     6f0:	255a                	lhu	a4,12(a0)
     6f2:	77f9                	lui	a5,0xffffe
     6f4:	17fd                	addi	a5,a5,-1
     6f6:	8ff9                	and	a5,a5,a4
     6f8:	bfd5                	j	6ec <USART_Cmd+0x8>

000006fa <USART_SendData>:
     6fa:	1ff5f593          	andi	a1,a1,511
     6fe:	a14e                	sh	a1,4(a0)
     700:	8082                	ret

00000702 <USART_GetFlagStatus>:
     702:	210a                	lhu	a0,0(a0)
     704:	8d6d                	and	a0,a0,a1
     706:	00a03533          	snez	a0,a0
     70a:	8082                	ret

0000070c <Delay_Init>:
     70c:	200007b7          	lui	a5,0x20000
     710:	0807a783          	lw	a5,128(a5) # 20000080 <SystemCoreClock>
     714:	007a1737          	lui	a4,0x7a1
     718:	20070713          	addi	a4,a4,512 # 7a1200 <_data_lma+0x79f300>
     71c:	02e7d7b3          	divu	a5,a5,a4
     720:	0ff7f793          	andi	a5,a5,255
     724:	82f18123          	sb	a5,-2014(gp) # 200000a2 <p_us>
     728:	3e800713          	li	a4,1000
     72c:	02e787b3          	mul	a5,a5,a4
     730:	82f19023          	sh	a5,-2016(gp) # 200000a0 <p_ms>
     734:	8082                	ret

00000736 <USART_Printf_Init>:
     736:	9fbff2ef          	jal	t0,130 <__riscv_save_0>
     73a:	842a                	mv	s0,a0
     73c:	6511                	lui	a0,0x4
     73e:	1101                	addi	sp,sp,-32
     740:	4585                	li	a1,1
     742:	0511                	addi	a0,a0,4
     744:	35c5                	jal	624 <RCC_APB2PeriphClockCmd>
     746:	20000793          	li	a5,512
     74a:	827c                	sh	a5,4(sp)
     74c:	40011537          	lui	a0,0x40011
     750:	478d                	li	a5,3
     752:	c43e                	sw	a5,8(sp)
     754:	004c                	addi	a1,sp,4
     756:	47e1                	li	a5,24
     758:	80050513          	addi	a0,a0,-2048 # 40010800 <_eusrstack+0x2000b800>
     75c:	c63e                	sw	a5,12(sp)
     75e:	3b01                	jal	46e <GPIO_Init>
     760:	c822                	sw	s0,16(sp)
     762:	40014437          	lui	s0,0x40014
     766:	000807b7          	lui	a5,0x80
     76a:	080c                	addi	a1,sp,16
     76c:	80040513          	addi	a0,s0,-2048 # 40013800 <_eusrstack+0x2000e800>
     770:	cc3e                	sw	a5,24(sp)
     772:	ca02                	sw	zero,20(sp)
     774:	00011e23          	sh	zero,28(sp)
     778:	35e9                	jal	642 <USART_Init>
     77a:	4585                	li	a1,1
     77c:	80040513          	addi	a0,s0,-2048
     780:	3795                	jal	6e4 <USART_Cmd>
     782:	6105                	addi	sp,sp,32
     784:	bac1                	j	154 <__riscv_restore_0>

00000786 <_write>:
     786:	991ff2ef          	jal	t0,116 <__riscv_save_4>
     78a:	400144b7          	lui	s1,0x40014
     78e:	89ae                	mv	s3,a1
     790:	8932                	mv	s2,a2
     792:	4401                	li	s0,0
     794:	80048493          	addi	s1,s1,-2048 # 40013800 <_eusrstack+0x2000e800>
     798:	01244463          	blt	s0,s2,7a0 <_write+0x1a>
     79c:	854a                	mv	a0,s2
     79e:	b275                	j	14a <__riscv_restore_4>
     7a0:	04000593          	li	a1,64
     7a4:	8526                	mv	a0,s1
     7a6:	3fb1                	jal	702 <USART_GetFlagStatus>
     7a8:	dd65                	beqz	a0,7a0 <_write+0x1a>
     7aa:	008987b3          	add	a5,s3,s0
     7ae:	00078583          	lb	a1,0(a5) # 80000 <_data_lma+0x7e100>
     7b2:	8526                	mv	a0,s1
     7b4:	0405                	addi	s0,s0,1
     7b6:	05c2                	slli	a1,a1,0x10
     7b8:	81c1                	srli	a1,a1,0x10
     7ba:	3781                	jal	6fa <USART_SendData>
     7bc:	bff1                	j	798 <_write+0x12>

000007be <_sbrk>:
     7be:	80818713          	addi	a4,gp,-2040 # 20000088 <curbrk.4672>
     7c2:	431c                	lw	a5,0(a4)
     7c4:	83018693          	addi	a3,gp,-2000 # 200000b0 <_ebss>
     7c8:	953e                	add	a0,a0,a5
     7ca:	00d56b63          	bltu	a0,a3,7e0 <_sbrk+0x22>
     7ce:	200056b7          	lui	a3,0x20005
     7d2:	80068693          	addi	a3,a3,-2048 # 20004800 <_heap_end>
     7d6:	00a6e563          	bltu	a3,a0,7e0 <_sbrk+0x22>
     7da:	c308                	sw	a0,0(a4)
     7dc:	853e                	mv	a0,a5
     7de:	8082                	ret
     7e0:	57fd                	li	a5,-1
     7e2:	bfed                	j	7dc <_sbrk+0x1e>

000007e4 <__udivdi3>:
     7e4:	87b6                	mv	a5,a3
     7e6:	88b2                	mv	a7,a2
     7e8:	832a                	mv	t1,a0
     7ea:	882e                	mv	a6,a1
     7ec:	14069b63          	bnez	a3,942 <__stack_size+0x142>
     7f0:	0ac5f863          	bgeu	a1,a2,8a0 <__stack_size+0xa0>
     7f4:	6741                	lui	a4,0x10
     7f6:	1ae66b63          	bltu	a2,a4,9ac <__stack_size+0x1ac>
     7fa:	010007b7          	lui	a5,0x1000
     7fe:	34f66063          	bltu	a2,a5,b3e <__stack_size+0x33e>
     802:	01865693          	srli	a3,a2,0x18
     806:	47e1                	li	a5,24
     808:	00001717          	auipc	a4,0x1
     80c:	55c70713          	addi	a4,a4,1372 # 1d64 <__clz_tab>
     810:	9736                	add	a4,a4,a3
     812:	2318                	lbu	a4,0(a4)
     814:	97ba                	add	a5,a5,a4
     816:	02000713          	li	a4,32
     81a:	8f1d                	sub	a4,a4,a5
     81c:	cb19                	beqz	a4,832 <__stack_size+0x32>
     81e:	00e59833          	sll	a6,a1,a4
     822:	00f557b3          	srl	a5,a0,a5
     826:	00e618b3          	sll	a7,a2,a4
     82a:	0107e833          	or	a6,a5,a6
     82e:	00e51333          	sll	t1,a0,a4
     832:	0108d613          	srli	a2,a7,0x10
     836:	02c85533          	divu	a0,a6,a2
     83a:	01089693          	slli	a3,a7,0x10
     83e:	82c1                	srli	a3,a3,0x10
     840:	01035793          	srli	a5,t1,0x10
     844:	02c87733          	remu	a4,a6,a2
     848:	02a685b3          	mul	a1,a3,a0
     84c:	0742                	slli	a4,a4,0x10
     84e:	00f76833          	or	a6,a4,a5
     852:	00b87a63          	bgeu	a6,a1,866 <__stack_size+0x66>
     856:	9846                	add	a6,a6,a7
     858:	fff50793          	addi	a5,a0,-1
     85c:	01186463          	bltu	a6,a7,864 <__stack_size+0x64>
     860:	30b86563          	bltu	a6,a1,b6a <__stack_size+0x36a>
     864:	853e                	mv	a0,a5
     866:	40b80833          	sub	a6,a6,a1
     86a:	02c85733          	divu	a4,a6,a2
     86e:	0342                	slli	t1,t1,0x10
     870:	01035313          	srli	t1,t1,0x10
     874:	02c87833          	remu	a6,a6,a2
     878:	02e686b3          	mul	a3,a3,a4
     87c:	0842                	slli	a6,a6,0x10
     87e:	00686833          	or	a6,a6,t1
     882:	00d87b63          	bgeu	a6,a3,898 <__stack_size+0x98>
     886:	9846                	add	a6,a6,a7
     888:	fff70793          	addi	a5,a4,-1
     88c:	01186563          	bltu	a6,a7,896 <__stack_size+0x96>
     890:	1779                	addi	a4,a4,-2
     892:	00d86363          	bltu	a6,a3,898 <__stack_size+0x98>
     896:	873e                	mv	a4,a5
     898:	0542                	slli	a0,a0,0x10
     89a:	8d59                	or	a0,a0,a4
     89c:	4581                	li	a1,0
     89e:	8082                	ret
     8a0:	e601                	bnez	a2,8a8 <__stack_size+0xa8>
     8a2:	4705                	li	a4,1
     8a4:	02c758b3          	divu	a7,a4,a2
     8a8:	6741                	lui	a4,0x10
     8aa:	0ee8e863          	bltu	a7,a4,99a <__stack_size+0x19a>
     8ae:	010007b7          	lui	a5,0x1000
     8b2:	28f8ea63          	bltu	a7,a5,b46 <__stack_size+0x346>
     8b6:	0188d693          	srli	a3,a7,0x18
     8ba:	47e1                	li	a5,24
     8bc:	00001717          	auipc	a4,0x1
     8c0:	4a870713          	addi	a4,a4,1192 # 1d64 <__clz_tab>
     8c4:	9736                	add	a4,a4,a3
     8c6:	2314                	lbu	a3,0(a4)
     8c8:	96be                	add	a3,a3,a5
     8ca:	02000793          	li	a5,32
     8ce:	8f95                	sub	a5,a5,a3
     8d0:	e7fd                	bnez	a5,9be <__stack_size+0x1be>
     8d2:	01089e93          	slli	t4,a7,0x10
     8d6:	41158733          	sub	a4,a1,a7
     8da:	0108df13          	srli	t5,a7,0x10
     8de:	010ede93          	srli	t4,t4,0x10
     8e2:	4585                	li	a1,1
     8e4:	01035793          	srli	a5,t1,0x10
     8e8:	03e75533          	divu	a0,a4,t5
     8ec:	03e77733          	remu	a4,a4,t5
     8f0:	03d506b3          	mul	a3,a0,t4
     8f4:	0742                	slli	a4,a4,0x10
     8f6:	8fd9                	or	a5,a5,a4
     8f8:	00d7fa63          	bgeu	a5,a3,90c <__stack_size+0x10c>
     8fc:	97c6                	add	a5,a5,a7
     8fe:	fff50713          	addi	a4,a0,-1
     902:	0117e463          	bltu	a5,a7,90a <__stack_size+0x10a>
     906:	26d7e563          	bltu	a5,a3,b70 <__stack_size+0x370>
     90a:	853a                	mv	a0,a4
     90c:	8f95                	sub	a5,a5,a3
     90e:	03e7d733          	divu	a4,a5,t5
     912:	0342                	slli	t1,t1,0x10
     914:	01035313          	srli	t1,t1,0x10
     918:	03e7f7b3          	remu	a5,a5,t5
     91c:	03d70eb3          	mul	t4,a4,t4
     920:	07c2                	slli	a5,a5,0x10
     922:	0067e7b3          	or	a5,a5,t1
     926:	01d7fb63          	bgeu	a5,t4,93c <__stack_size+0x13c>
     92a:	97c6                	add	a5,a5,a7
     92c:	fff70693          	addi	a3,a4,-1
     930:	0117e563          	bltu	a5,a7,93a <__stack_size+0x13a>
     934:	1779                	addi	a4,a4,-2
     936:	01d7e363          	bltu	a5,t4,93c <__stack_size+0x13c>
     93a:	8736                	mv	a4,a3
     93c:	0542                	slli	a0,a0,0x10
     93e:	8d59                	or	a0,a0,a4
     940:	8082                	ret
     942:	04d5e163          	bltu	a1,a3,984 <__stack_size+0x184>
     946:	67c1                	lui	a5,0x10
     948:	04f6e163          	bltu	a3,a5,98a <__stack_size+0x18a>
     94c:	010007b7          	lui	a5,0x1000
     950:	1ef6e363          	bltu	a3,a5,b36 <__stack_size+0x336>
     954:	0186d713          	srli	a4,a3,0x18
     958:	4861                	li	a6,24
     95a:	00001797          	auipc	a5,0x1
     95e:	40a78793          	addi	a5,a5,1034 # 1d64 <__clz_tab>
     962:	97ba                	add	a5,a5,a4
     964:	2398                	lbu	a4,0(a5)
     966:	02000e13          	li	t3,32
     96a:	9742                	add	a4,a4,a6
     96c:	40ee0e33          	sub	t3,t3,a4
     970:	0c0e1a63          	bnez	t3,a44 <__stack_size+0x244>
     974:	1cb6ed63          	bltu	a3,a1,b4e <__stack_size+0x34e>
     978:	00c53533          	sltu	a0,a0,a2
     97c:	00154513          	xori	a0,a0,1
     980:	4581                	li	a1,0
     982:	8082                	ret
     984:	4581                	li	a1,0
     986:	4501                	li	a0,0
     988:	8082                	ret
     98a:	0ff00793          	li	a5,255
     98e:	1cd7f363          	bgeu	a5,a3,b54 <__stack_size+0x354>
     992:	0086d713          	srli	a4,a3,0x8
     996:	4821                	li	a6,8
     998:	b7c9                	j	95a <__stack_size+0x15a>
     99a:	0ff00713          	li	a4,255
     99e:	86c6                	mv	a3,a7
     9a0:	f1177ee3          	bgeu	a4,a7,8bc <__stack_size+0xbc>
     9a4:	0088d693          	srli	a3,a7,0x8
     9a8:	47a1                	li	a5,8
     9aa:	bf09                	j	8bc <__stack_size+0xbc>
     9ac:	0ff00713          	li	a4,255
     9b0:	86b2                	mv	a3,a2
     9b2:	e4c77be3          	bgeu	a4,a2,808 <__stack_size+0x8>
     9b6:	00865693          	srli	a3,a2,0x8
     9ba:	47a1                	li	a5,8
     9bc:	b5b1                	j	808 <__stack_size+0x8>
     9be:	00f898b3          	sll	a7,a7,a5
     9c2:	00d5d633          	srl	a2,a1,a3
     9c6:	0108df13          	srli	t5,a7,0x10
     9ca:	03e65e33          	divu	t3,a2,t5
     9ce:	00f59733          	sll	a4,a1,a5
     9d2:	00d556b3          	srl	a3,a0,a3
     9d6:	8f55                	or	a4,a4,a3
     9d8:	01089e93          	slli	t4,a7,0x10
     9dc:	010ede93          	srli	t4,t4,0x10
     9e0:	00f51333          	sll	t1,a0,a5
     9e4:	01075593          	srli	a1,a4,0x10
     9e8:	03e676b3          	remu	a3,a2,t5
     9ec:	03ce87b3          	mul	a5,t4,t3
     9f0:	06c2                	slli	a3,a3,0x10
     9f2:	8ecd                	or	a3,a3,a1
     9f4:	00f6fb63          	bgeu	a3,a5,a0a <__stack_size+0x20a>
     9f8:	96c6                	add	a3,a3,a7
     9fa:	fffe0613          	addi	a2,t3,-1
     9fe:	1716e463          	bltu	a3,a7,b66 <__stack_size+0x366>
     a02:	16f6f263          	bgeu	a3,a5,b66 <__stack_size+0x366>
     a06:	1e79                	addi	t3,t3,-2
     a08:	96c6                	add	a3,a3,a7
     a0a:	8e9d                	sub	a3,a3,a5
     a0c:	03e6d633          	divu	a2,a3,t5
     a10:	01071793          	slli	a5,a4,0x10
     a14:	83c1                	srli	a5,a5,0x10
     a16:	03e6f6b3          	remu	a3,a3,t5
     a1a:	02ce8533          	mul	a0,t4,a2
     a1e:	01069713          	slli	a4,a3,0x10
     a22:	8f5d                	or	a4,a4,a5
     a24:	00a77b63          	bgeu	a4,a0,a3a <__stack_size+0x23a>
     a28:	9746                	add	a4,a4,a7
     a2a:	fff60793          	addi	a5,a2,-1 # 40020fff <_eusrstack+0x2001bfff>
     a2e:	13176863          	bltu	a4,a7,b5e <__stack_size+0x35e>
     a32:	12a77663          	bgeu	a4,a0,b5e <__stack_size+0x35e>
     a36:	1679                	addi	a2,a2,-2
     a38:	9746                	add	a4,a4,a7
     a3a:	010e1593          	slli	a1,t3,0x10
     a3e:	8f09                	sub	a4,a4,a0
     a40:	8dd1                	or	a1,a1,a2
     a42:	b54d                	j	8e4 <__stack_size+0xe4>
     a44:	00e657b3          	srl	a5,a2,a4
     a48:	01c696b3          	sll	a3,a3,t3
     a4c:	8edd                	or	a3,a3,a5
     a4e:	00e5d333          	srl	t1,a1,a4
     a52:	0106df13          	srli	t5,a3,0x10
     a56:	03e357b3          	divu	a5,t1,t5
     a5a:	01069e93          	slli	t4,a3,0x10
     a5e:	010ede93          	srli	t4,t4,0x10
     a62:	01c59833          	sll	a6,a1,t3
     a66:	00e55733          	srl	a4,a0,a4
     a6a:	01076833          	or	a6,a4,a6
     a6e:	01085893          	srli	a7,a6,0x10
     a72:	01c61633          	sll	a2,a2,t3
     a76:	03e37333          	remu	t1,t1,t5
     a7a:	02fe85b3          	mul	a1,t4,a5
     a7e:	0342                	slli	t1,t1,0x10
     a80:	011368b3          	or	a7,t1,a7
     a84:	00b8fb63          	bgeu	a7,a1,a9a <__stack_size+0x29a>
     a88:	98b6                	add	a7,a7,a3
     a8a:	fff78713          	addi	a4,a5,-1
     a8e:	0cd8ea63          	bltu	a7,a3,b62 <__stack_size+0x362>
     a92:	0cb8f863          	bgeu	a7,a1,b62 <__stack_size+0x362>
     a96:	17f9                	addi	a5,a5,-2
     a98:	98b6                	add	a7,a7,a3
     a9a:	40b888b3          	sub	a7,a7,a1
     a9e:	03e8d733          	divu	a4,a7,t5
     aa2:	0842                	slli	a6,a6,0x10
     aa4:	01085813          	srli	a6,a6,0x10
     aa8:	03e8f8b3          	remu	a7,a7,t5
     aac:	02ee8333          	mul	t1,t4,a4
     ab0:	08c2                	slli	a7,a7,0x10
     ab2:	0108e5b3          	or	a1,a7,a6
     ab6:	0065fb63          	bgeu	a1,t1,acc <__stack_size+0x2cc>
     aba:	95b6                	add	a1,a1,a3
     abc:	fff70813          	addi	a6,a4,-1
     ac0:	08d5ed63          	bltu	a1,a3,b5a <__stack_size+0x35a>
     ac4:	0865fb63          	bgeu	a1,t1,b5a <__stack_size+0x35a>
     ac8:	1779                	addi	a4,a4,-2
     aca:	95b6                	add	a1,a1,a3
     acc:	07c2                	slli	a5,a5,0x10
     ace:	6f41                	lui	t5,0x10
     ad0:	8fd9                	or	a5,a5,a4
     ad2:	ffff0713          	addi	a4,t5,-1 # ffff <_data_lma+0xe0ff>
     ad6:	00e7f6b3          	and	a3,a5,a4
     ada:	0107d893          	srli	a7,a5,0x10
     ade:	8f71                	and	a4,a4,a2
     ae0:	8241                	srli	a2,a2,0x10
     ae2:	02e68eb3          	mul	t4,a3,a4
     ae6:	406585b3          	sub	a1,a1,t1
     aea:	02c686b3          	mul	a3,a3,a2
     aee:	010ed813          	srli	a6,t4,0x10
     af2:	02e88733          	mul	a4,a7,a4
     af6:	96ba                	add	a3,a3,a4
     af8:	96c2                	add	a3,a3,a6
     afa:	02c88633          	mul	a2,a7,a2
     afe:	00e6f363          	bgeu	a3,a4,b04 <__stack_size+0x304>
     b02:	967a                	add	a2,a2,t5
     b04:	0106d893          	srli	a7,a3,0x10
     b08:	9646                	add	a2,a2,a7
     b0a:	02c5e263          	bltu	a1,a2,b2e <__stack_size+0x32e>
     b0e:	00c58563          	beq	a1,a2,b18 <__stack_size+0x318>
     b12:	853e                	mv	a0,a5
     b14:	4581                	li	a1,0
     b16:	8082                	ret
     b18:	6741                	lui	a4,0x10
     b1a:	177d                	addi	a4,a4,-1
     b1c:	8ef9                	and	a3,a3,a4
     b1e:	06c2                	slli	a3,a3,0x10
     b20:	00eefeb3          	and	t4,t4,a4
     b24:	01c51533          	sll	a0,a0,t3
     b28:	96f6                	add	a3,a3,t4
     b2a:	fed574e3          	bgeu	a0,a3,b12 <__stack_size+0x312>
     b2e:	fff78513          	addi	a0,a5,-1
     b32:	4581                	li	a1,0
     b34:	8082                	ret
     b36:	0106d713          	srli	a4,a3,0x10
     b3a:	4841                	li	a6,16
     b3c:	bd39                	j	95a <__stack_size+0x15a>
     b3e:	01065693          	srli	a3,a2,0x10
     b42:	47c1                	li	a5,16
     b44:	b1d1                	j	808 <__stack_size+0x8>
     b46:	0108d693          	srli	a3,a7,0x10
     b4a:	47c1                	li	a5,16
     b4c:	bb85                	j	8bc <__stack_size+0xbc>
     b4e:	4581                	li	a1,0
     b50:	4505                	li	a0,1
     b52:	8082                	ret
     b54:	8736                	mv	a4,a3
     b56:	4801                	li	a6,0
     b58:	b509                	j	95a <__stack_size+0x15a>
     b5a:	8742                	mv	a4,a6
     b5c:	bf85                	j	acc <__stack_size+0x2cc>
     b5e:	863e                	mv	a2,a5
     b60:	bde9                	j	a3a <__stack_size+0x23a>
     b62:	87ba                	mv	a5,a4
     b64:	bf1d                	j	a9a <__stack_size+0x29a>
     b66:	8e32                	mv	t3,a2
     b68:	b54d                	j	a0a <__stack_size+0x20a>
     b6a:	1579                	addi	a0,a0,-2
     b6c:	9846                	add	a6,a6,a7
     b6e:	b9e5                	j	866 <__stack_size+0x66>
     b70:	1579                	addi	a0,a0,-2
     b72:	97c6                	add	a5,a5,a7
     b74:	bb61                	j	90c <__stack_size+0x10c>

00000b76 <iprintf>:
     b76:	7139                	addi	sp,sp,-64
     b78:	da3e                	sw	a5,52(sp)
     b7a:	d22e                	sw	a1,36(sp)
     b7c:	d432                	sw	a2,40(sp)
     b7e:	d636                	sw	a3,44(sp)
     b80:	d83a                	sw	a4,48(sp)
     b82:	dc42                	sw	a6,56(sp)
     b84:	de46                	sw	a7,60(sp)
     b86:	80c18793          	addi	a5,gp,-2036 # 2000008c <_impure_ptr>
     b8a:	cc22                	sw	s0,24(sp)
     b8c:	4380                	lw	s0,0(a5)
     b8e:	ca26                	sw	s1,20(sp)
     b90:	ce06                	sw	ra,28(sp)
     b92:	84aa                	mv	s1,a0
     b94:	c409                	beqz	s0,b9e <iprintf+0x28>
     b96:	4c1c                	lw	a5,24(s0)
     b98:	e399                	bnez	a5,b9e <iprintf+0x28>
     b9a:	8522                	mv	a0,s0
     b9c:	29ed                	jal	1096 <__sinit>
     b9e:	440c                	lw	a1,8(s0)
     ba0:	1054                	addi	a3,sp,36
     ba2:	8626                	mv	a2,s1
     ba4:	8522                	mv	a0,s0
     ba6:	c636                	sw	a3,12(sp)
     ba8:	127000ef          	jal	ra,14ce <_vfiprintf_r>
     bac:	40f2                	lw	ra,28(sp)
     bae:	4462                	lw	s0,24(sp)
     bb0:	44d2                	lw	s1,20(sp)
     bb2:	6121                	addi	sp,sp,64
     bb4:	8082                	ret

00000bb6 <_puts_r>:
     bb6:	1101                	addi	sp,sp,-32
     bb8:	ca26                	sw	s1,20(sp)
     bba:	c84a                	sw	s2,16(sp)
     bbc:	ce06                	sw	ra,28(sp)
     bbe:	cc22                	sw	s0,24(sp)
     bc0:	c64e                	sw	s3,12(sp)
     bc2:	c452                	sw	s4,8(sp)
     bc4:	84aa                	mv	s1,a0
     bc6:	892e                	mv	s2,a1
     bc8:	c501                	beqz	a0,bd0 <_puts_r+0x1a>
     bca:	4d1c                	lw	a5,24(a0)
     bcc:	e391                	bnez	a5,bd0 <_puts_r+0x1a>
     bce:	21e1                	jal	1096 <__sinit>
     bd0:	4c9c                	lw	a5,24(s1)
     bd2:	4480                	lw	s0,8(s1)
     bd4:	e399                	bnez	a5,bda <_puts_r+0x24>
     bd6:	8526                	mv	a0,s1
     bd8:	297d                	jal	1096 <__sinit>
     bda:	00001797          	auipc	a5,0x1
     bde:	2aa78793          	addi	a5,a5,682 # 1e84 <__sf_fake_stdin>
     be2:	02f41b63          	bne	s0,a5,c18 <_puts_r+0x62>
     be6:	40c0                	lw	s0,4(s1)
     be8:	245e                	lhu	a5,12(s0)
     bea:	8ba1                	andi	a5,a5,8
     bec:	c7b1                	beqz	a5,c38 <_puts_r+0x82>
     bee:	481c                	lw	a5,16(s0)
     bf0:	c7a1                	beqz	a5,c38 <_puts_r+0x82>
     bf2:	59fd                	li	s3,-1
     bf4:	4a29                	li	s4,10
     bf6:	441c                	lw	a5,8(s0)
     bf8:	00094583          	lbu	a1,0(s2)
     bfc:	17fd                	addi	a5,a5,-1
     bfe:	e9b1                	bnez	a1,c52 <_puts_r+0x9c>
     c00:	c41c                	sw	a5,8(s0)
     c02:	0607dd63          	bgez	a5,c7c <_puts_r+0xc6>
     c06:	8622                	mv	a2,s0
     c08:	45a9                	li	a1,10
     c0a:	8526                	mv	a0,s1
     c0c:	2061                	jal	c94 <__swbuf_r>
     c0e:	57fd                	li	a5,-1
     c10:	02f50863          	beq	a0,a5,c40 <_puts_r+0x8a>
     c14:	4529                	li	a0,10
     c16:	a035                	j	c42 <_puts_r+0x8c>
     c18:	00001797          	auipc	a5,0x1
     c1c:	28c78793          	addi	a5,a5,652 # 1ea4 <__sf_fake_stdout>
     c20:	00f41463          	bne	s0,a5,c28 <_puts_r+0x72>
     c24:	4480                	lw	s0,8(s1)
     c26:	b7c9                	j	be8 <_puts_r+0x32>
     c28:	00001797          	auipc	a5,0x1
     c2c:	23c78793          	addi	a5,a5,572 # 1e64 <__sf_fake_stderr>
     c30:	faf41ce3          	bne	s0,a5,be8 <_puts_r+0x32>
     c34:	44c0                	lw	s0,12(s1)
     c36:	bf4d                	j	be8 <_puts_r+0x32>
     c38:	85a2                	mv	a1,s0
     c3a:	8526                	mv	a0,s1
     c3c:	2a11                	jal	d50 <__swsetup_r>
     c3e:	d955                	beqz	a0,bf2 <_puts_r+0x3c>
     c40:	557d                	li	a0,-1
     c42:	40f2                	lw	ra,28(sp)
     c44:	4462                	lw	s0,24(sp)
     c46:	44d2                	lw	s1,20(sp)
     c48:	4942                	lw	s2,16(sp)
     c4a:	49b2                	lw	s3,12(sp)
     c4c:	4a22                	lw	s4,8(sp)
     c4e:	6105                	addi	sp,sp,32
     c50:	8082                	ret
     c52:	c41c                	sw	a5,8(s0)
     c54:	0905                	addi	s2,s2,1
     c56:	0007d763          	bgez	a5,c64 <_puts_r+0xae>
     c5a:	4c18                	lw	a4,24(s0)
     c5c:	00e7ca63          	blt	a5,a4,c70 <_puts_r+0xba>
     c60:	01458863          	beq	a1,s4,c70 <_puts_r+0xba>
     c64:	401c                	lw	a5,0(s0)
     c66:	00178713          	addi	a4,a5,1
     c6a:	c018                	sw	a4,0(s0)
     c6c:	a38c                	sb	a1,0(a5)
     c6e:	b761                	j	bf6 <_puts_r+0x40>
     c70:	8622                	mv	a2,s0
     c72:	8526                	mv	a0,s1
     c74:	2005                	jal	c94 <__swbuf_r>
     c76:	f93510e3          	bne	a0,s3,bf6 <_puts_r+0x40>
     c7a:	b7d9                	j	c40 <_puts_r+0x8a>
     c7c:	401c                	lw	a5,0(s0)
     c7e:	00178713          	addi	a4,a5,1
     c82:	c018                	sw	a4,0(s0)
     c84:	4729                	li	a4,10
     c86:	a398                	sb	a4,0(a5)
     c88:	b771                	j	c14 <_puts_r+0x5e>

00000c8a <puts>:
     c8a:	80c18793          	addi	a5,gp,-2036 # 2000008c <_impure_ptr>
     c8e:	85aa                	mv	a1,a0
     c90:	4388                	lw	a0,0(a5)
     c92:	b715                	j	bb6 <_puts_r>

00000c94 <__swbuf_r>:
     c94:	1101                	addi	sp,sp,-32
     c96:	cc22                	sw	s0,24(sp)
     c98:	ca26                	sw	s1,20(sp)
     c9a:	c84a                	sw	s2,16(sp)
     c9c:	ce06                	sw	ra,28(sp)
     c9e:	c64e                	sw	s3,12(sp)
     ca0:	84aa                	mv	s1,a0
     ca2:	892e                	mv	s2,a1
     ca4:	8432                	mv	s0,a2
     ca6:	c501                	beqz	a0,cae <__swbuf_r+0x1a>
     ca8:	4d1c                	lw	a5,24(a0)
     caa:	e391                	bnez	a5,cae <__swbuf_r+0x1a>
     cac:	26ed                	jal	1096 <__sinit>
     cae:	00001797          	auipc	a5,0x1
     cb2:	1d678793          	addi	a5,a5,470 # 1e84 <__sf_fake_stdin>
     cb6:	06f41763          	bne	s0,a5,d24 <__swbuf_r+0x90>
     cba:	40c0                	lw	s0,4(s1)
     cbc:	4c1c                	lw	a5,24(s0)
     cbe:	c41c                	sw	a5,8(s0)
     cc0:	245e                	lhu	a5,12(s0)
     cc2:	8ba1                	andi	a5,a5,8
     cc4:	c3c1                	beqz	a5,d44 <__swbuf_r+0xb0>
     cc6:	481c                	lw	a5,16(s0)
     cc8:	cfb5                	beqz	a5,d44 <__swbuf_r+0xb0>
     cca:	481c                	lw	a5,16(s0)
     ccc:	4008                	lw	a0,0(s0)
     cce:	0ff97993          	andi	s3,s2,255
     cd2:	0ff97913          	andi	s2,s2,255
     cd6:	8d1d                	sub	a0,a0,a5
     cd8:	485c                	lw	a5,20(s0)
     cda:	00f54663          	blt	a0,a5,ce6 <__swbuf_r+0x52>
     cde:	85a2                	mv	a1,s0
     ce0:	8526                	mv	a0,s1
     ce2:	2c69                	jal	f7c <_fflush_r>
     ce4:	e525                	bnez	a0,d4c <__swbuf_r+0xb8>
     ce6:	441c                	lw	a5,8(s0)
     ce8:	0505                	addi	a0,a0,1
     cea:	17fd                	addi	a5,a5,-1
     cec:	c41c                	sw	a5,8(s0)
     cee:	401c                	lw	a5,0(s0)
     cf0:	00178713          	addi	a4,a5,1
     cf4:	c018                	sw	a4,0(s0)
     cf6:	01378023          	sb	s3,0(a5)
     cfa:	485c                	lw	a5,20(s0)
     cfc:	00a78863          	beq	a5,a0,d0c <__swbuf_r+0x78>
     d00:	245e                	lhu	a5,12(s0)
     d02:	8b85                	andi	a5,a5,1
     d04:	cb81                	beqz	a5,d14 <__swbuf_r+0x80>
     d06:	47a9                	li	a5,10
     d08:	00f91663          	bne	s2,a5,d14 <__swbuf_r+0x80>
     d0c:	85a2                	mv	a1,s0
     d0e:	8526                	mv	a0,s1
     d10:	24b5                	jal	f7c <_fflush_r>
     d12:	ed0d                	bnez	a0,d4c <__swbuf_r+0xb8>
     d14:	40f2                	lw	ra,28(sp)
     d16:	4462                	lw	s0,24(sp)
     d18:	854a                	mv	a0,s2
     d1a:	44d2                	lw	s1,20(sp)
     d1c:	4942                	lw	s2,16(sp)
     d1e:	49b2                	lw	s3,12(sp)
     d20:	6105                	addi	sp,sp,32
     d22:	8082                	ret
     d24:	00001797          	auipc	a5,0x1
     d28:	18078793          	addi	a5,a5,384 # 1ea4 <__sf_fake_stdout>
     d2c:	00f41463          	bne	s0,a5,d34 <__swbuf_r+0xa0>
     d30:	4480                	lw	s0,8(s1)
     d32:	b769                	j	cbc <__swbuf_r+0x28>
     d34:	00001797          	auipc	a5,0x1
     d38:	13078793          	addi	a5,a5,304 # 1e64 <__sf_fake_stderr>
     d3c:	f8f410e3          	bne	s0,a5,cbc <__swbuf_r+0x28>
     d40:	44c0                	lw	s0,12(s1)
     d42:	bfad                	j	cbc <__swbuf_r+0x28>
     d44:	85a2                	mv	a1,s0
     d46:	8526                	mv	a0,s1
     d48:	2021                	jal	d50 <__swsetup_r>
     d4a:	d141                	beqz	a0,cca <__swbuf_r+0x36>
     d4c:	597d                	li	s2,-1
     d4e:	b7d9                	j	d14 <__swbuf_r+0x80>

00000d50 <__swsetup_r>:
     d50:	1141                	addi	sp,sp,-16
     d52:	80c18793          	addi	a5,gp,-2036 # 2000008c <_impure_ptr>
     d56:	c226                	sw	s1,4(sp)
     d58:	4384                	lw	s1,0(a5)
     d5a:	c422                	sw	s0,8(sp)
     d5c:	c04a                	sw	s2,0(sp)
     d5e:	c606                	sw	ra,12(sp)
     d60:	892a                	mv	s2,a0
     d62:	842e                	mv	s0,a1
     d64:	c489                	beqz	s1,d6e <__swsetup_r+0x1e>
     d66:	4c9c                	lw	a5,24(s1)
     d68:	e399                	bnez	a5,d6e <__swsetup_r+0x1e>
     d6a:	8526                	mv	a0,s1
     d6c:	262d                	jal	1096 <__sinit>
     d6e:	00001797          	auipc	a5,0x1
     d72:	11678793          	addi	a5,a5,278 # 1e84 <__sf_fake_stdin>
     d76:	02f41b63          	bne	s0,a5,dac <__swsetup_r+0x5c>
     d7a:	40c0                	lw	s0,4(s1)
     d7c:	00c41703          	lh	a4,12(s0)
     d80:	01071793          	slli	a5,a4,0x10
     d84:	83c1                	srli	a5,a5,0x10
     d86:	0087f693          	andi	a3,a5,8
     d8a:	eaad                	bnez	a3,dfc <__swsetup_r+0xac>
     d8c:	0107f693          	andi	a3,a5,16
     d90:	ee95                	bnez	a3,dcc <__swsetup_r+0x7c>
     d92:	47a5                	li	a5,9
     d94:	00f92023          	sw	a5,0(s2)
     d98:	04076713          	ori	a4,a4,64
     d9c:	a45a                	sh	a4,12(s0)
     d9e:	557d                	li	a0,-1
     da0:	40b2                	lw	ra,12(sp)
     da2:	4422                	lw	s0,8(sp)
     da4:	4492                	lw	s1,4(sp)
     da6:	4902                	lw	s2,0(sp)
     da8:	0141                	addi	sp,sp,16
     daa:	8082                	ret
     dac:	00001797          	auipc	a5,0x1
     db0:	0f878793          	addi	a5,a5,248 # 1ea4 <__sf_fake_stdout>
     db4:	00f41463          	bne	s0,a5,dbc <__swsetup_r+0x6c>
     db8:	4480                	lw	s0,8(s1)
     dba:	b7c9                	j	d7c <__swsetup_r+0x2c>
     dbc:	00001797          	auipc	a5,0x1
     dc0:	0a878793          	addi	a5,a5,168 # 1e64 <__sf_fake_stderr>
     dc4:	faf41ce3          	bne	s0,a5,d7c <__swsetup_r+0x2c>
     dc8:	44c0                	lw	s0,12(s1)
     dca:	bf4d                	j	d7c <__swsetup_r+0x2c>
     dcc:	8b91                	andi	a5,a5,4
     dce:	c39d                	beqz	a5,df4 <__swsetup_r+0xa4>
     dd0:	584c                	lw	a1,52(s0)
     dd2:	c989                	beqz	a1,de4 <__swsetup_r+0x94>
     dd4:	04440793          	addi	a5,s0,68
     dd8:	00f58463          	beq	a1,a5,de0 <__swsetup_r+0x90>
     ddc:	854a                	mv	a0,s2
     dde:	2331                	jal	12ea <_free_r>
     de0:	02042a23          	sw	zero,52(s0)
     de4:	245e                	lhu	a5,12(s0)
     de6:	00042223          	sw	zero,4(s0)
     dea:	fdb7f793          	andi	a5,a5,-37
     dee:	a45e                	sh	a5,12(s0)
     df0:	481c                	lw	a5,16(s0)
     df2:	c01c                	sw	a5,0(s0)
     df4:	245e                	lhu	a5,12(s0)
     df6:	0087e793          	ori	a5,a5,8
     dfa:	a45e                	sh	a5,12(s0)
     dfc:	481c                	lw	a5,16(s0)
     dfe:	eb99                	bnez	a5,e14 <__swsetup_r+0xc4>
     e00:	245e                	lhu	a5,12(s0)
     e02:	20000713          	li	a4,512
     e06:	2807f793          	andi	a5,a5,640
     e0a:	00e78563          	beq	a5,a4,e14 <__swsetup_r+0xc4>
     e0e:	85a2                	mv	a1,s0
     e10:	854a                	mv	a0,s2
     e12:	21a1                	jal	125a <__smakebuf_r>
     e14:	245e                	lhu	a5,12(s0)
     e16:	0017f713          	andi	a4,a5,1
     e1a:	c31d                	beqz	a4,e40 <__swsetup_r+0xf0>
     e1c:	485c                	lw	a5,20(s0)
     e1e:	00042423          	sw	zero,8(s0)
     e22:	40f007b3          	neg	a5,a5
     e26:	cc1c                	sw	a5,24(s0)
     e28:	481c                	lw	a5,16(s0)
     e2a:	4501                	li	a0,0
     e2c:	fbb5                	bnez	a5,da0 <__swsetup_r+0x50>
     e2e:	00c41783          	lh	a5,12(s0)
     e32:	0807f713          	andi	a4,a5,128
     e36:	d72d                	beqz	a4,da0 <__swsetup_r+0x50>
     e38:	0407e793          	ori	a5,a5,64
     e3c:	a45e                	sh	a5,12(s0)
     e3e:	b785                	j	d9e <__swsetup_r+0x4e>
     e40:	8b89                	andi	a5,a5,2
     e42:	4701                	li	a4,0
     e44:	e391                	bnez	a5,e48 <__swsetup_r+0xf8>
     e46:	4858                	lw	a4,20(s0)
     e48:	c418                	sw	a4,8(s0)
     e4a:	bff9                	j	e28 <__swsetup_r+0xd8>

00000e4c <__sflush_r>:
     e4c:	25de                	lhu	a5,12(a1)
     e4e:	1101                	addi	sp,sp,-32
     e50:	cc22                	sw	s0,24(sp)
     e52:	ca26                	sw	s1,20(sp)
     e54:	ce06                	sw	ra,28(sp)
     e56:	c84a                	sw	s2,16(sp)
     e58:	c64e                	sw	s3,12(sp)
     e5a:	0087f713          	andi	a4,a5,8
     e5e:	84aa                	mv	s1,a0
     e60:	842e                	mv	s0,a1
     e62:	eb79                	bnez	a4,f38 <__sflush_r+0xec>
     e64:	41d8                	lw	a4,4(a1)
     e66:	00e04d63          	bgtz	a4,e80 <__sflush_r+0x34>
     e6a:	41b8                	lw	a4,64(a1)
     e6c:	00e04a63          	bgtz	a4,e80 <__sflush_r+0x34>
     e70:	4501                	li	a0,0
     e72:	40f2                	lw	ra,28(sp)
     e74:	4462                	lw	s0,24(sp)
     e76:	44d2                	lw	s1,20(sp)
     e78:	4942                	lw	s2,16(sp)
     e7a:	49b2                	lw	s3,12(sp)
     e7c:	6105                	addi	sp,sp,32
     e7e:	8082                	ret
     e80:	5458                	lw	a4,44(s0)
     e82:	d77d                	beqz	a4,e70 <__sflush_r+0x24>
     e84:	0004a903          	lw	s2,0(s1)
     e88:	01379693          	slli	a3,a5,0x13
     e8c:	0004a023          	sw	zero,0(s1)
     e90:	0606db63          	bgez	a3,f06 <__sflush_r+0xba>
     e94:	4870                	lw	a2,84(s0)
     e96:	245e                	lhu	a5,12(s0)
     e98:	8b91                	andi	a5,a5,4
     e9a:	c799                	beqz	a5,ea8 <__sflush_r+0x5c>
     e9c:	405c                	lw	a5,4(s0)
     e9e:	8e1d                	sub	a2,a2,a5
     ea0:	585c                	lw	a5,52(s0)
     ea2:	c399                	beqz	a5,ea8 <__sflush_r+0x5c>
     ea4:	403c                	lw	a5,64(s0)
     ea6:	8e1d                	sub	a2,a2,a5
     ea8:	545c                	lw	a5,44(s0)
     eaa:	500c                	lw	a1,32(s0)
     eac:	4681                	li	a3,0
     eae:	8526                	mv	a0,s1
     eb0:	9782                	jalr	a5
     eb2:	57fd                	li	a5,-1
     eb4:	245a                	lhu	a4,12(s0)
     eb6:	00f51d63          	bne	a0,a5,ed0 <__sflush_r+0x84>
     eba:	4094                	lw	a3,0(s1)
     ebc:	47f5                	li	a5,29
     ebe:	06d7e863          	bltu	a5,a3,f2e <__sflush_r+0xe2>
     ec2:	204007b7          	lui	a5,0x20400
     ec6:	0785                	addi	a5,a5,1
     ec8:	00d7d7b3          	srl	a5,a5,a3
     ecc:	8b85                	andi	a5,a5,1
     ece:	c3a5                	beqz	a5,f2e <__sflush_r+0xe2>
     ed0:	481c                	lw	a5,16(s0)
     ed2:	00042223          	sw	zero,4(s0)
     ed6:	c01c                	sw	a5,0(s0)
     ed8:	01371793          	slli	a5,a4,0x13
     edc:	0007d863          	bgez	a5,eec <__sflush_r+0xa0>
     ee0:	57fd                	li	a5,-1
     ee2:	00f51463          	bne	a0,a5,eea <__sflush_r+0x9e>
     ee6:	409c                	lw	a5,0(s1)
     ee8:	e391                	bnez	a5,eec <__sflush_r+0xa0>
     eea:	c868                	sw	a0,84(s0)
     eec:	584c                	lw	a1,52(s0)
     eee:	0124a023          	sw	s2,0(s1)
     ef2:	ddbd                	beqz	a1,e70 <__sflush_r+0x24>
     ef4:	04440793          	addi	a5,s0,68
     ef8:	00f58463          	beq	a1,a5,f00 <__sflush_r+0xb4>
     efc:	8526                	mv	a0,s1
     efe:	26f5                	jal	12ea <_free_r>
     f00:	02042a23          	sw	zero,52(s0)
     f04:	b7b5                	j	e70 <__sflush_r+0x24>
     f06:	500c                	lw	a1,32(s0)
     f08:	4601                	li	a2,0
     f0a:	4685                	li	a3,1
     f0c:	8526                	mv	a0,s1
     f0e:	9702                	jalr	a4
     f10:	57fd                	li	a5,-1
     f12:	862a                	mv	a2,a0
     f14:	f8f511e3          	bne	a0,a5,e96 <__sflush_r+0x4a>
     f18:	409c                	lw	a5,0(s1)
     f1a:	dfb5                	beqz	a5,e96 <__sflush_r+0x4a>
     f1c:	4775                	li	a4,29
     f1e:	00e78563          	beq	a5,a4,f28 <__sflush_r+0xdc>
     f22:	4759                	li	a4,22
     f24:	04e79363          	bne	a5,a4,f6a <__sflush_r+0x11e>
     f28:	0124a023          	sw	s2,0(s1)
     f2c:	b791                	j	e70 <__sflush_r+0x24>
     f2e:	04076713          	ori	a4,a4,64
     f32:	a45a                	sh	a4,12(s0)
     f34:	557d                	li	a0,-1
     f36:	bf35                	j	e72 <__sflush_r+0x26>
     f38:	0105a983          	lw	s3,16(a1)
     f3c:	f2098ae3          	beqz	s3,e70 <__sflush_r+0x24>
     f40:	0005a903          	lw	s2,0(a1)
     f44:	8b8d                	andi	a5,a5,3
     f46:	0135a023          	sw	s3,0(a1)
     f4a:	41390933          	sub	s2,s2,s3
     f4e:	4701                	li	a4,0
     f50:	e391                	bnez	a5,f54 <__sflush_r+0x108>
     f52:	49d8                	lw	a4,20(a1)
     f54:	c418                	sw	a4,8(s0)
     f56:	f1205de3          	blez	s2,e70 <__sflush_r+0x24>
     f5a:	541c                	lw	a5,40(s0)
     f5c:	500c                	lw	a1,32(s0)
     f5e:	86ca                	mv	a3,s2
     f60:	864e                	mv	a2,s3
     f62:	8526                	mv	a0,s1
     f64:	9782                	jalr	a5
     f66:	00a04763          	bgtz	a0,f74 <__sflush_r+0x128>
     f6a:	245e                	lhu	a5,12(s0)
     f6c:	0407e793          	ori	a5,a5,64
     f70:	a45e                	sh	a5,12(s0)
     f72:	b7c9                	j	f34 <__sflush_r+0xe8>
     f74:	99aa                	add	s3,s3,a0
     f76:	40a90933          	sub	s2,s2,a0
     f7a:	bff1                	j	f56 <__sflush_r+0x10a>

00000f7c <_fflush_r>:
     f7c:	499c                	lw	a5,16(a1)
     f7e:	cfb9                	beqz	a5,fdc <_fflush_r+0x60>
     f80:	1101                	addi	sp,sp,-32
     f82:	cc22                	sw	s0,24(sp)
     f84:	ce06                	sw	ra,28(sp)
     f86:	842a                	mv	s0,a0
     f88:	c511                	beqz	a0,f94 <_fflush_r+0x18>
     f8a:	4d1c                	lw	a5,24(a0)
     f8c:	e781                	bnez	a5,f94 <_fflush_r+0x18>
     f8e:	c62e                	sw	a1,12(sp)
     f90:	2219                	jal	1096 <__sinit>
     f92:	45b2                	lw	a1,12(sp)
     f94:	00001797          	auipc	a5,0x1
     f98:	ef078793          	addi	a5,a5,-272 # 1e84 <__sf_fake_stdin>
     f9c:	00f59b63          	bne	a1,a5,fb2 <_fflush_r+0x36>
     fa0:	404c                	lw	a1,4(s0)
     fa2:	00c59783          	lh	a5,12(a1)
     fa6:	c795                	beqz	a5,fd2 <_fflush_r+0x56>
     fa8:	8522                	mv	a0,s0
     faa:	4462                	lw	s0,24(sp)
     fac:	40f2                	lw	ra,28(sp)
     fae:	6105                	addi	sp,sp,32
     fb0:	bd71                	j	e4c <__sflush_r>
     fb2:	00001797          	auipc	a5,0x1
     fb6:	ef278793          	addi	a5,a5,-270 # 1ea4 <__sf_fake_stdout>
     fba:	00f59463          	bne	a1,a5,fc2 <_fflush_r+0x46>
     fbe:	440c                	lw	a1,8(s0)
     fc0:	b7cd                	j	fa2 <_fflush_r+0x26>
     fc2:	00001797          	auipc	a5,0x1
     fc6:	ea278793          	addi	a5,a5,-350 # 1e64 <__sf_fake_stderr>
     fca:	fcf59ce3          	bne	a1,a5,fa2 <_fflush_r+0x26>
     fce:	444c                	lw	a1,12(s0)
     fd0:	bfc9                	j	fa2 <_fflush_r+0x26>
     fd2:	40f2                	lw	ra,28(sp)
     fd4:	4462                	lw	s0,24(sp)
     fd6:	4501                	li	a0,0
     fd8:	6105                	addi	sp,sp,32
     fda:	8082                	ret
     fdc:	4501                	li	a0,0
     fde:	8082                	ret

00000fe0 <std>:
     fe0:	1141                	addi	sp,sp,-16
     fe2:	c422                	sw	s0,8(sp)
     fe4:	c606                	sw	ra,12(sp)
     fe6:	842a                	mv	s0,a0
     fe8:	a54e                	sh	a1,12(a0)
     fea:	a572                	sh	a2,14(a0)
     fec:	00052023          	sw	zero,0(a0)
     ff0:	00052223          	sw	zero,4(a0)
     ff4:	00052423          	sw	zero,8(a0)
     ff8:	06052223          	sw	zero,100(a0)
     ffc:	00052823          	sw	zero,16(a0)
    1000:	00052a23          	sw	zero,20(a0)
    1004:	00052c23          	sw	zero,24(a0)
    1008:	4621                	li	a2,8
    100a:	4581                	li	a1,0
    100c:	05c50513          	addi	a0,a0,92
    1010:	950ff0ef          	jal	ra,160 <memset>
    1014:	00001797          	auipc	a5,0x1
    1018:	b1478793          	addi	a5,a5,-1260 # 1b28 <__sread>
    101c:	d05c                	sw	a5,36(s0)
    101e:	00001797          	auipc	a5,0x1
    1022:	b3678793          	addi	a5,a5,-1226 # 1b54 <__swrite>
    1026:	d41c                	sw	a5,40(s0)
    1028:	00001797          	auipc	a5,0x1
    102c:	b7478793          	addi	a5,a5,-1164 # 1b9c <__sseek>
    1030:	d45c                	sw	a5,44(s0)
    1032:	00001797          	auipc	a5,0x1
    1036:	b9a78793          	addi	a5,a5,-1126 # 1bcc <__sclose>
    103a:	d000                	sw	s0,32(s0)
    103c:	d81c                	sw	a5,48(s0)
    103e:	40b2                	lw	ra,12(sp)
    1040:	4422                	lw	s0,8(sp)
    1042:	0141                	addi	sp,sp,16
    1044:	8082                	ret

00001046 <_cleanup_r>:
    1046:	00000597          	auipc	a1,0x0
    104a:	f3658593          	addi	a1,a1,-202 # f7c <_fflush_r>
    104e:	a2a9                	j	1198 <_fwalk_reent>

00001050 <__sfmoreglue>:
    1050:	1141                	addi	sp,sp,-16
    1052:	c226                	sw	s1,4(sp)
    1054:	06800613          	li	a2,104
    1058:	fff58493          	addi	s1,a1,-1
    105c:	02c484b3          	mul	s1,s1,a2
    1060:	c04a                	sw	s2,0(sp)
    1062:	892e                	mv	s2,a1
    1064:	c422                	sw	s0,8(sp)
    1066:	c606                	sw	ra,12(sp)
    1068:	07448593          	addi	a1,s1,116
    106c:	261d                	jal	1392 <_malloc_r>
    106e:	842a                	mv	s0,a0
    1070:	cd01                	beqz	a0,1088 <__sfmoreglue+0x38>
    1072:	00052023          	sw	zero,0(a0)
    1076:	01252223          	sw	s2,4(a0)
    107a:	0531                	addi	a0,a0,12
    107c:	c408                	sw	a0,8(s0)
    107e:	06848613          	addi	a2,s1,104
    1082:	4581                	li	a1,0
    1084:	8dcff0ef          	jal	ra,160 <memset>
    1088:	8522                	mv	a0,s0
    108a:	40b2                	lw	ra,12(sp)
    108c:	4422                	lw	s0,8(sp)
    108e:	4492                	lw	s1,4(sp)
    1090:	4902                	lw	s2,0(sp)
    1092:	0141                	addi	sp,sp,16
    1094:	8082                	ret

00001096 <__sinit>:
    1096:	4d1c                	lw	a5,24(a0)
    1098:	e3ad                	bnez	a5,10fa <__sinit+0x64>
    109a:	1141                	addi	sp,sp,-16
    109c:	c606                	sw	ra,12(sp)
    109e:	c422                	sw	s0,8(sp)
    10a0:	00000797          	auipc	a5,0x0
    10a4:	fa678793          	addi	a5,a5,-90 # 1046 <_cleanup_r>
    10a8:	d51c                	sw	a5,40(a0)
    10aa:	81018793          	addi	a5,gp,-2032 # 20000090 <_global_impure_ptr>
    10ae:	439c                	lw	a5,0(a5)
    10b0:	04052423          	sw	zero,72(a0)
    10b4:	04052623          	sw	zero,76(a0)
    10b8:	04052823          	sw	zero,80(a0)
    10bc:	00f51463          	bne	a0,a5,10c4 <__sinit+0x2e>
    10c0:	4785                	li	a5,1
    10c2:	cd1c                	sw	a5,24(a0)
    10c4:	842a                	mv	s0,a0
    10c6:	281d                	jal	10fc <__sfp>
    10c8:	c048                	sw	a0,4(s0)
    10ca:	8522                	mv	a0,s0
    10cc:	2805                	jal	10fc <__sfp>
    10ce:	c408                	sw	a0,8(s0)
    10d0:	8522                	mv	a0,s0
    10d2:	202d                	jal	10fc <__sfp>
    10d4:	c448                	sw	a0,12(s0)
    10d6:	4048                	lw	a0,4(s0)
    10d8:	4601                	li	a2,0
    10da:	4591                	li	a1,4
    10dc:	3711                	jal	fe0 <std>
    10de:	4408                	lw	a0,8(s0)
    10e0:	4605                	li	a2,1
    10e2:	45a5                	li	a1,9
    10e4:	3df5                	jal	fe0 <std>
    10e6:	4448                	lw	a0,12(s0)
    10e8:	4609                	li	a2,2
    10ea:	45c9                	li	a1,18
    10ec:	3dd5                	jal	fe0 <std>
    10ee:	4785                	li	a5,1
    10f0:	cc1c                	sw	a5,24(s0)
    10f2:	40b2                	lw	ra,12(sp)
    10f4:	4422                	lw	s0,8(sp)
    10f6:	0141                	addi	sp,sp,16
    10f8:	8082                	ret
    10fa:	8082                	ret

000010fc <__sfp>:
    10fc:	1141                	addi	sp,sp,-16
    10fe:	81018793          	addi	a5,gp,-2032 # 20000090 <_global_impure_ptr>
    1102:	c226                	sw	s1,4(sp)
    1104:	4384                	lw	s1,0(a5)
    1106:	c04a                	sw	s2,0(sp)
    1108:	c606                	sw	ra,12(sp)
    110a:	4c9c                	lw	a5,24(s1)
    110c:	c422                	sw	s0,8(sp)
    110e:	892a                	mv	s2,a0
    1110:	e399                	bnez	a5,1116 <__sfp+0x1a>
    1112:	8526                	mv	a0,s1
    1114:	3749                	jal	1096 <__sinit>
    1116:	04848493          	addi	s1,s1,72
    111a:	4480                	lw	s0,8(s1)
    111c:	40dc                	lw	a5,4(s1)
    111e:	17fd                	addi	a5,a5,-1
    1120:	0007d663          	bgez	a5,112c <__sfp+0x30>
    1124:	409c                	lw	a5,0(s1)
    1126:	cfb9                	beqz	a5,1184 <__sfp+0x88>
    1128:	4084                	lw	s1,0(s1)
    112a:	bfc5                	j	111a <__sfp+0x1e>
    112c:	00c41703          	lh	a4,12(s0)
    1130:	e739                	bnez	a4,117e <__sfp+0x82>
    1132:	77c1                	lui	a5,0xffff0
    1134:	0785                	addi	a5,a5,1
    1136:	06042223          	sw	zero,100(s0)
    113a:	00042023          	sw	zero,0(s0)
    113e:	00042223          	sw	zero,4(s0)
    1142:	00042423          	sw	zero,8(s0)
    1146:	c45c                	sw	a5,12(s0)
    1148:	00042823          	sw	zero,16(s0)
    114c:	00042a23          	sw	zero,20(s0)
    1150:	00042c23          	sw	zero,24(s0)
    1154:	4621                	li	a2,8
    1156:	4581                	li	a1,0
    1158:	05c40513          	addi	a0,s0,92
    115c:	804ff0ef          	jal	ra,160 <memset>
    1160:	02042a23          	sw	zero,52(s0)
    1164:	02042c23          	sw	zero,56(s0)
    1168:	04042423          	sw	zero,72(s0)
    116c:	04042623          	sw	zero,76(s0)
    1170:	8522                	mv	a0,s0
    1172:	40b2                	lw	ra,12(sp)
    1174:	4422                	lw	s0,8(sp)
    1176:	4492                	lw	s1,4(sp)
    1178:	4902                	lw	s2,0(sp)
    117a:	0141                	addi	sp,sp,16
    117c:	8082                	ret
    117e:	06840413          	addi	s0,s0,104
    1182:	bf71                	j	111e <__sfp+0x22>
    1184:	4591                	li	a1,4
    1186:	854a                	mv	a0,s2
    1188:	35e1                	jal	1050 <__sfmoreglue>
    118a:	c088                	sw	a0,0(s1)
    118c:	fd51                	bnez	a0,1128 <__sfp+0x2c>
    118e:	47b1                	li	a5,12
    1190:	00f92023          	sw	a5,0(s2)
    1194:	4401                	li	s0,0
    1196:	bfe9                	j	1170 <__sfp+0x74>

00001198 <_fwalk_reent>:
    1198:	7179                	addi	sp,sp,-48
    119a:	d422                	sw	s0,40(sp)
    119c:	d04a                	sw	s2,32(sp)
    119e:	cc52                	sw	s4,24(sp)
    11a0:	ca56                	sw	s5,20(sp)
    11a2:	c85a                	sw	s6,16(sp)
    11a4:	c65e                	sw	s7,12(sp)
    11a6:	d606                	sw	ra,44(sp)
    11a8:	d226                	sw	s1,36(sp)
    11aa:	ce4e                	sw	s3,28(sp)
    11ac:	8a2a                	mv	s4,a0
    11ae:	8aae                	mv	s5,a1
    11b0:	04850413          	addi	s0,a0,72
    11b4:	4901                	li	s2,0
    11b6:	4b05                	li	s6,1
    11b8:	5bfd                	li	s7,-1
    11ba:	ec09                	bnez	s0,11d4 <_fwalk_reent+0x3c>
    11bc:	50b2                	lw	ra,44(sp)
    11be:	5422                	lw	s0,40(sp)
    11c0:	854a                	mv	a0,s2
    11c2:	5492                	lw	s1,36(sp)
    11c4:	5902                	lw	s2,32(sp)
    11c6:	49f2                	lw	s3,28(sp)
    11c8:	4a62                	lw	s4,24(sp)
    11ca:	4ad2                	lw	s5,20(sp)
    11cc:	4b42                	lw	s6,16(sp)
    11ce:	4bb2                	lw	s7,12(sp)
    11d0:	6145                	addi	sp,sp,48
    11d2:	8082                	ret
    11d4:	4404                	lw	s1,8(s0)
    11d6:	00442983          	lw	s3,4(s0)
    11da:	19fd                	addi	s3,s3,-1
    11dc:	0009d463          	bgez	s3,11e4 <_fwalk_reent+0x4c>
    11e0:	4000                	lw	s0,0(s0)
    11e2:	bfe1                	j	11ba <_fwalk_reent+0x22>
    11e4:	24de                	lhu	a5,12(s1)
    11e6:	00fb7b63          	bgeu	s6,a5,11fc <_fwalk_reent+0x64>
    11ea:	00e49783          	lh	a5,14(s1)
    11ee:	01778763          	beq	a5,s7,11fc <_fwalk_reent+0x64>
    11f2:	85a6                	mv	a1,s1
    11f4:	8552                	mv	a0,s4
    11f6:	9a82                	jalr	s5
    11f8:	00a96933          	or	s2,s2,a0
    11fc:	06848493          	addi	s1,s1,104
    1200:	bfe9                	j	11da <_fwalk_reent+0x42>

00001202 <__swhatbuf_r>:
    1202:	7119                	addi	sp,sp,-128
    1204:	daa6                	sw	s1,116(sp)
    1206:	84ae                	mv	s1,a1
    1208:	00e59583          	lh	a1,14(a1)
    120c:	dca2                	sw	s0,120(sp)
    120e:	de86                	sw	ra,124(sp)
    1210:	8432                	mv	s0,a2
    1212:	0005db63          	bgez	a1,1228 <__swhatbuf_r+0x26>
    1216:	24de                	lhu	a5,12(s1)
    1218:	0006a023          	sw	zero,0(a3)
    121c:	0807f793          	andi	a5,a5,128
    1220:	e785                	bnez	a5,1248 <__swhatbuf_r+0x46>
    1222:	40000793          	li	a5,1024
    1226:	a01d                	j	124c <__swhatbuf_r+0x4a>
    1228:	0830                	addi	a2,sp,24
    122a:	c636                	sw	a3,12(sp)
    122c:	1fd000ef          	jal	ra,1c28 <_fstat_r>
    1230:	46b2                	lw	a3,12(sp)
    1232:	fe0542e3          	bltz	a0,1216 <__swhatbuf_r+0x14>
    1236:	4772                	lw	a4,28(sp)
    1238:	67bd                	lui	a5,0xf
    123a:	8ff9                	and	a5,a5,a4
    123c:	7779                	lui	a4,0xffffe
    123e:	97ba                	add	a5,a5,a4
    1240:	0017b793          	seqz	a5,a5
    1244:	c29c                	sw	a5,0(a3)
    1246:	bff1                	j	1222 <__swhatbuf_r+0x20>
    1248:	04000793          	li	a5,64
    124c:	c01c                	sw	a5,0(s0)
    124e:	50f6                	lw	ra,124(sp)
    1250:	5466                	lw	s0,120(sp)
    1252:	54d6                	lw	s1,116(sp)
    1254:	4501                	li	a0,0
    1256:	6109                	addi	sp,sp,128
    1258:	8082                	ret

0000125a <__smakebuf_r>:
    125a:	25de                	lhu	a5,12(a1)
    125c:	1101                	addi	sp,sp,-32
    125e:	cc22                	sw	s0,24(sp)
    1260:	ce06                	sw	ra,28(sp)
    1262:	ca26                	sw	s1,20(sp)
    1264:	c84a                	sw	s2,16(sp)
    1266:	8b89                	andi	a5,a5,2
    1268:	842e                	mv	s0,a1
    126a:	cf89                	beqz	a5,1284 <__smakebuf_r+0x2a>
    126c:	04740793          	addi	a5,s0,71
    1270:	c01c                	sw	a5,0(s0)
    1272:	c81c                	sw	a5,16(s0)
    1274:	4785                	li	a5,1
    1276:	c85c                	sw	a5,20(s0)
    1278:	40f2                	lw	ra,28(sp)
    127a:	4462                	lw	s0,24(sp)
    127c:	44d2                	lw	s1,20(sp)
    127e:	4942                	lw	s2,16(sp)
    1280:	6105                	addi	sp,sp,32
    1282:	8082                	ret
    1284:	0074                	addi	a3,sp,12
    1286:	0030                	addi	a2,sp,8
    1288:	84aa                	mv	s1,a0
    128a:	3fa5                	jal	1202 <__swhatbuf_r>
    128c:	45a2                	lw	a1,8(sp)
    128e:	892a                	mv	s2,a0
    1290:	8526                	mv	a0,s1
    1292:	2201                	jal	1392 <_malloc_r>
    1294:	e919                	bnez	a0,12aa <__smakebuf_r+0x50>
    1296:	00c41783          	lh	a5,12(s0)
    129a:	2007f713          	andi	a4,a5,512
    129e:	ff69                	bnez	a4,1278 <__smakebuf_r+0x1e>
    12a0:	9bf1                	andi	a5,a5,-4
    12a2:	0027e793          	ori	a5,a5,2
    12a6:	a45e                	sh	a5,12(s0)
    12a8:	b7d1                	j	126c <__smakebuf_r+0x12>
    12aa:	00000797          	auipc	a5,0x0
    12ae:	d9c78793          	addi	a5,a5,-612 # 1046 <_cleanup_r>
    12b2:	d49c                	sw	a5,40(s1)
    12b4:	245e                	lhu	a5,12(s0)
    12b6:	c008                	sw	a0,0(s0)
    12b8:	c808                	sw	a0,16(s0)
    12ba:	0807e793          	ori	a5,a5,128
    12be:	a45e                	sh	a5,12(s0)
    12c0:	47a2                	lw	a5,8(sp)
    12c2:	c85c                	sw	a5,20(s0)
    12c4:	47b2                	lw	a5,12(sp)
    12c6:	cf81                	beqz	a5,12de <__smakebuf_r+0x84>
    12c8:	00e41583          	lh	a1,14(s0)
    12cc:	8526                	mv	a0,s1
    12ce:	185000ef          	jal	ra,1c52 <_isatty_r>
    12d2:	c511                	beqz	a0,12de <__smakebuf_r+0x84>
    12d4:	245e                	lhu	a5,12(s0)
    12d6:	9bf1                	andi	a5,a5,-4
    12d8:	0017e793          	ori	a5,a5,1
    12dc:	a45e                	sh	a5,12(s0)
    12de:	245e                	lhu	a5,12(s0)
    12e0:	00f96933          	or	s2,s2,a5
    12e4:	01241623          	sh	s2,12(s0)
    12e8:	bf41                	j	1278 <__smakebuf_r+0x1e>

000012ea <_free_r>:
    12ea:	c1dd                	beqz	a1,1390 <_free_r+0xa6>
    12ec:	ffc5a783          	lw	a5,-4(a1)
    12f0:	1141                	addi	sp,sp,-16
    12f2:	c422                	sw	s0,8(sp)
    12f4:	c606                	sw	ra,12(sp)
    12f6:	c226                	sw	s1,4(sp)
    12f8:	ffc58413          	addi	s0,a1,-4
    12fc:	0007d363          	bgez	a5,1302 <_free_r+0x18>
    1300:	943e                	add	s0,s0,a5
    1302:	84aa                	mv	s1,a0
    1304:	1bb000ef          	jal	ra,1cbe <__malloc_lock>
    1308:	82418793          	addi	a5,gp,-2012 # 200000a4 <__malloc_free_list>
    130c:	439c                	lw	a5,0(a5)
    130e:	ef81                	bnez	a5,1326 <_free_r+0x3c>
    1310:	00042223          	sw	zero,4(s0)
    1314:	8281a223          	sw	s0,-2012(gp) # 200000a4 <__malloc_free_list>
    1318:	4422                	lw	s0,8(sp)
    131a:	40b2                	lw	ra,12(sp)
    131c:	8526                	mv	a0,s1
    131e:	4492                	lw	s1,4(sp)
    1320:	0141                	addi	sp,sp,16
    1322:	19f0006f          	j	1cc0 <__malloc_unlock>
    1326:	00f47e63          	bgeu	s0,a5,1342 <_free_r+0x58>
    132a:	4014                	lw	a3,0(s0)
    132c:	00d40733          	add	a4,s0,a3
    1330:	00e79663          	bne	a5,a4,133c <_free_r+0x52>
    1334:	4398                	lw	a4,0(a5)
    1336:	43dc                	lw	a5,4(a5)
    1338:	9736                	add	a4,a4,a3
    133a:	c018                	sw	a4,0(s0)
    133c:	c05c                	sw	a5,4(s0)
    133e:	bfd9                	j	1314 <_free_r+0x2a>
    1340:	87ba                	mv	a5,a4
    1342:	43d8                	lw	a4,4(a5)
    1344:	c319                	beqz	a4,134a <_free_r+0x60>
    1346:	fee47de3          	bgeu	s0,a4,1340 <_free_r+0x56>
    134a:	4394                	lw	a3,0(a5)
    134c:	00d78633          	add	a2,a5,a3
    1350:	00861f63          	bne	a2,s0,136e <_free_r+0x84>
    1354:	4010                	lw	a2,0(s0)
    1356:	96b2                	add	a3,a3,a2
    1358:	c394                	sw	a3,0(a5)
    135a:	00d78633          	add	a2,a5,a3
    135e:	fac71de3          	bne	a4,a2,1318 <_free_r+0x2e>
    1362:	4310                	lw	a2,0(a4)
    1364:	4358                	lw	a4,4(a4)
    1366:	96b2                	add	a3,a3,a2
    1368:	c394                	sw	a3,0(a5)
    136a:	c3d8                	sw	a4,4(a5)
    136c:	b775                	j	1318 <_free_r+0x2e>
    136e:	00c47563          	bgeu	s0,a2,1378 <_free_r+0x8e>
    1372:	47b1                	li	a5,12
    1374:	c09c                	sw	a5,0(s1)
    1376:	b74d                	j	1318 <_free_r+0x2e>
    1378:	4010                	lw	a2,0(s0)
    137a:	00c406b3          	add	a3,s0,a2
    137e:	00d71663          	bne	a4,a3,138a <_free_r+0xa0>
    1382:	4314                	lw	a3,0(a4)
    1384:	4358                	lw	a4,4(a4)
    1386:	96b2                	add	a3,a3,a2
    1388:	c014                	sw	a3,0(s0)
    138a:	c058                	sw	a4,4(s0)
    138c:	c3c0                	sw	s0,4(a5)
    138e:	b769                	j	1318 <_free_r+0x2e>
    1390:	8082                	ret

00001392 <_malloc_r>:
    1392:	1101                	addi	sp,sp,-32
    1394:	ca26                	sw	s1,20(sp)
    1396:	00358493          	addi	s1,a1,3
    139a:	98f1                	andi	s1,s1,-4
    139c:	ce06                	sw	ra,28(sp)
    139e:	cc22                	sw	s0,24(sp)
    13a0:	c84a                	sw	s2,16(sp)
    13a2:	c64e                	sw	s3,12(sp)
    13a4:	04a1                	addi	s1,s1,8
    13a6:	47b1                	li	a5,12
    13a8:	04f4f363          	bgeu	s1,a5,13ee <_malloc_r+0x5c>
    13ac:	44b1                	li	s1,12
    13ae:	04b4e263          	bltu	s1,a1,13f2 <_malloc_r+0x60>
    13b2:	892a                	mv	s2,a0
    13b4:	10b000ef          	jal	ra,1cbe <__malloc_lock>
    13b8:	82418793          	addi	a5,gp,-2012 # 200000a4 <__malloc_free_list>
    13bc:	4398                	lw	a4,0(a5)
    13be:	843a                	mv	s0,a4
    13c0:	e039                	bnez	s0,1406 <_malloc_r+0x74>
    13c2:	82818793          	addi	a5,gp,-2008 # 200000a8 <__malloc_sbrk_start>
    13c6:	439c                	lw	a5,0(a5)
    13c8:	e791                	bnez	a5,13d4 <_malloc_r+0x42>
    13ca:	4581                	li	a1,0
    13cc:	854a                	mv	a0,s2
    13ce:	2f05                	jal	1afe <_sbrk_r>
    13d0:	82a1a423          	sw	a0,-2008(gp) # 200000a8 <__malloc_sbrk_start>
    13d4:	85a6                	mv	a1,s1
    13d6:	854a                	mv	a0,s2
    13d8:	271d                	jal	1afe <_sbrk_r>
    13da:	59fd                	li	s3,-1
    13dc:	07351963          	bne	a0,s3,144e <_malloc_r+0xbc>
    13e0:	47b1                	li	a5,12
    13e2:	00f92023          	sw	a5,0(s2)
    13e6:	854a                	mv	a0,s2
    13e8:	0d9000ef          	jal	ra,1cc0 <__malloc_unlock>
    13ec:	a029                	j	13f6 <_malloc_r+0x64>
    13ee:	fc04d0e3          	bgez	s1,13ae <_malloc_r+0x1c>
    13f2:	47b1                	li	a5,12
    13f4:	c11c                	sw	a5,0(a0)
    13f6:	4501                	li	a0,0
    13f8:	40f2                	lw	ra,28(sp)
    13fa:	4462                	lw	s0,24(sp)
    13fc:	44d2                	lw	s1,20(sp)
    13fe:	4942                	lw	s2,16(sp)
    1400:	49b2                	lw	s3,12(sp)
    1402:	6105                	addi	sp,sp,32
    1404:	8082                	ret
    1406:	401c                	lw	a5,0(s0)
    1408:	8f85                	sub	a5,a5,s1
    140a:	0207cf63          	bltz	a5,1448 <_malloc_r+0xb6>
    140e:	46ad                	li	a3,11
    1410:	00f6f663          	bgeu	a3,a5,141c <_malloc_r+0x8a>
    1414:	c01c                	sw	a5,0(s0)
    1416:	943e                	add	s0,s0,a5
    1418:	c004                	sw	s1,0(s0)
    141a:	a031                	j	1426 <_malloc_r+0x94>
    141c:	405c                	lw	a5,4(s0)
    141e:	02871363          	bne	a4,s0,1444 <_malloc_r+0xb2>
    1422:	82f1a223          	sw	a5,-2012(gp) # 200000a4 <__malloc_free_list>
    1426:	854a                	mv	a0,s2
    1428:	099000ef          	jal	ra,1cc0 <__malloc_unlock>
    142c:	00b40513          	addi	a0,s0,11
    1430:	00440793          	addi	a5,s0,4
    1434:	9961                	andi	a0,a0,-8
    1436:	40f50733          	sub	a4,a0,a5
    143a:	df5d                	beqz	a4,13f8 <_malloc_r+0x66>
    143c:	943a                	add	s0,s0,a4
    143e:	8f89                	sub	a5,a5,a0
    1440:	c01c                	sw	a5,0(s0)
    1442:	bf5d                	j	13f8 <_malloc_r+0x66>
    1444:	c35c                	sw	a5,4(a4)
    1446:	b7c5                	j	1426 <_malloc_r+0x94>
    1448:	8722                	mv	a4,s0
    144a:	4040                	lw	s0,4(s0)
    144c:	bf95                	j	13c0 <_malloc_r+0x2e>
    144e:	00350413          	addi	s0,a0,3
    1452:	9871                	andi	s0,s0,-4
    1454:	fc8502e3          	beq	a0,s0,1418 <_malloc_r+0x86>
    1458:	40a405b3          	sub	a1,s0,a0
    145c:	854a                	mv	a0,s2
    145e:	2545                	jal	1afe <_sbrk_r>
    1460:	fb351ce3          	bne	a0,s3,1418 <_malloc_r+0x86>
    1464:	bfb5                	j	13e0 <_malloc_r+0x4e>

00001466 <__sfputc_r>:
    1466:	461c                	lw	a5,8(a2)
    1468:	17fd                	addi	a5,a5,-1
    146a:	c61c                	sw	a5,8(a2)
    146c:	0007da63          	bgez	a5,1480 <__sfputc_r+0x1a>
    1470:	4e18                	lw	a4,24(a2)
    1472:	00e7c563          	blt	a5,a4,147c <__sfputc_r+0x16>
    1476:	47a9                	li	a5,10
    1478:	00f59463          	bne	a1,a5,1480 <__sfputc_r+0x1a>
    147c:	819ff06f          	j	c94 <__swbuf_r>
    1480:	421c                	lw	a5,0(a2)
    1482:	852e                	mv	a0,a1
    1484:	00178713          	addi	a4,a5,1
    1488:	c218                	sw	a4,0(a2)
    148a:	a38c                	sb	a1,0(a5)
    148c:	8082                	ret

0000148e <__sfputs_r>:
    148e:	1101                	addi	sp,sp,-32
    1490:	cc22                	sw	s0,24(sp)
    1492:	ca26                	sw	s1,20(sp)
    1494:	c84a                	sw	s2,16(sp)
    1496:	c64e                	sw	s3,12(sp)
    1498:	c452                	sw	s4,8(sp)
    149a:	ce06                	sw	ra,28(sp)
    149c:	892a                	mv	s2,a0
    149e:	89ae                	mv	s3,a1
    14a0:	8432                	mv	s0,a2
    14a2:	00d604b3          	add	s1,a2,a3
    14a6:	5a7d                	li	s4,-1
    14a8:	00941463          	bne	s0,s1,14b0 <__sfputs_r+0x22>
    14ac:	4501                	li	a0,0
    14ae:	a801                	j	14be <__sfputs_r+0x30>
    14b0:	200c                	lbu	a1,0(s0)
    14b2:	864e                	mv	a2,s3
    14b4:	854a                	mv	a0,s2
    14b6:	3f45                	jal	1466 <__sfputc_r>
    14b8:	0405                	addi	s0,s0,1
    14ba:	ff4517e3          	bne	a0,s4,14a8 <__sfputs_r+0x1a>
    14be:	40f2                	lw	ra,28(sp)
    14c0:	4462                	lw	s0,24(sp)
    14c2:	44d2                	lw	s1,20(sp)
    14c4:	4942                	lw	s2,16(sp)
    14c6:	49b2                	lw	s3,12(sp)
    14c8:	4a22                	lw	s4,8(sp)
    14ca:	6105                	addi	sp,sp,32
    14cc:	8082                	ret

000014ce <_vfiprintf_r>:
    14ce:	7135                	addi	sp,sp,-160
    14d0:	cd22                	sw	s0,152(sp)
    14d2:	cb26                	sw	s1,148(sp)
    14d4:	c94a                	sw	s2,144(sp)
    14d6:	c74e                	sw	s3,140(sp)
    14d8:	cf06                	sw	ra,156(sp)
    14da:	c552                	sw	s4,136(sp)
    14dc:	c356                	sw	s5,132(sp)
    14de:	c15a                	sw	s6,128(sp)
    14e0:	dede                	sw	s7,124(sp)
    14e2:	dce2                	sw	s8,120(sp)
    14e4:	dae6                	sw	s9,116(sp)
    14e6:	89aa                	mv	s3,a0
    14e8:	84ae                	mv	s1,a1
    14ea:	8932                	mv	s2,a2
    14ec:	8436                	mv	s0,a3
    14ee:	c501                	beqz	a0,14f6 <_vfiprintf_r+0x28>
    14f0:	4d1c                	lw	a5,24(a0)
    14f2:	e391                	bnez	a5,14f6 <_vfiprintf_r+0x28>
    14f4:	364d                	jal	1096 <__sinit>
    14f6:	00001797          	auipc	a5,0x1
    14fa:	98e78793          	addi	a5,a5,-1650 # 1e84 <__sf_fake_stdin>
    14fe:	0cf49763          	bne	s1,a5,15cc <_vfiprintf_r+0xfe>
    1502:	0049a483          	lw	s1,4(s3)
    1506:	24de                	lhu	a5,12(s1)
    1508:	8ba1                	andi	a5,a5,8
    150a:	c3fd                	beqz	a5,15f0 <_vfiprintf_r+0x122>
    150c:	489c                	lw	a5,16(s1)
    150e:	c3ed                	beqz	a5,15f0 <_vfiprintf_r+0x122>
    1510:	02000793          	li	a5,32
    1514:	02f104a3          	sb	a5,41(sp)
    1518:	03000793          	li	a5,48
    151c:	d202                	sw	zero,36(sp)
    151e:	02f10523          	sb	a5,42(sp)
    1522:	c622                	sw	s0,12(sp)
    1524:	02500b93          	li	s7,37
    1528:	00001a97          	auipc	s5,0x1
    152c:	99ca8a93          	addi	s5,s5,-1636 # 1ec4 <__sf_fake_stdout+0x20>
    1530:	4c05                	li	s8,1
    1532:	4b29                	li	s6,10
    1534:	844a                	mv	s0,s2
    1536:	201c                	lbu	a5,0(s0)
    1538:	c399                	beqz	a5,153e <_vfiprintf_r+0x70>
    153a:	0d779e63          	bne	a5,s7,1616 <_vfiprintf_r+0x148>
    153e:	41240cb3          	sub	s9,s0,s2
    1542:	000c8d63          	beqz	s9,155c <_vfiprintf_r+0x8e>
    1546:	86e6                	mv	a3,s9
    1548:	864a                	mv	a2,s2
    154a:	85a6                	mv	a1,s1
    154c:	854e                	mv	a0,s3
    154e:	3781                	jal	148e <__sfputs_r>
    1550:	57fd                	li	a5,-1
    1552:	1cf50f63          	beq	a0,a5,1730 <_vfiprintf_r+0x262>
    1556:	5692                	lw	a3,36(sp)
    1558:	96e6                	add	a3,a3,s9
    155a:	d236                	sw	a3,36(sp)
    155c:	201c                	lbu	a5,0(s0)
    155e:	1c078963          	beqz	a5,1730 <_vfiprintf_r+0x262>
    1562:	57fd                	li	a5,-1
    1564:	00140913          	addi	s2,s0,1
    1568:	c802                	sw	zero,16(sp)
    156a:	ce02                	sw	zero,28(sp)
    156c:	ca3e                	sw	a5,20(sp)
    156e:	cc02                	sw	zero,24(sp)
    1570:	040109a3          	sb	zero,83(sp)
    1574:	d482                	sw	zero,104(sp)
    1576:	00094583          	lbu	a1,0(s2)
    157a:	4615                	li	a2,5
    157c:	8556                	mv	a0,s5
    157e:	2725                	jal	1ca6 <memchr>
    1580:	00190413          	addi	s0,s2,1
    1584:	47c2                	lw	a5,16(sp)
    1586:	e951                	bnez	a0,161a <_vfiprintf_r+0x14c>
    1588:	0107f713          	andi	a4,a5,16
    158c:	c709                	beqz	a4,1596 <_vfiprintf_r+0xc8>
    158e:	02000713          	li	a4,32
    1592:	04e109a3          	sb	a4,83(sp)
    1596:	0087f713          	andi	a4,a5,8
    159a:	c709                	beqz	a4,15a4 <_vfiprintf_r+0xd6>
    159c:	02b00713          	li	a4,43
    15a0:	04e109a3          	sb	a4,83(sp)
    15a4:	00094683          	lbu	a3,0(s2)
    15a8:	02a00713          	li	a4,42
    15ac:	06e68f63          	beq	a3,a4,162a <_vfiprintf_r+0x15c>
    15b0:	47f2                	lw	a5,28(sp)
    15b2:	844a                	mv	s0,s2
    15b4:	4681                	li	a3,0
    15b6:	4625                	li	a2,9
    15b8:	2018                	lbu	a4,0(s0)
    15ba:	00140593          	addi	a1,s0,1
    15be:	fd070713          	addi	a4,a4,-48 # ffffdfd0 <_eusrstack+0xdfff8fd0>
    15c2:	0ae67763          	bgeu	a2,a4,1670 <_vfiprintf_r+0x1a2>
    15c6:	cab5                	beqz	a3,163a <_vfiprintf_r+0x16c>
    15c8:	ce3e                	sw	a5,28(sp)
    15ca:	a885                	j	163a <_vfiprintf_r+0x16c>
    15cc:	00001797          	auipc	a5,0x1
    15d0:	8d878793          	addi	a5,a5,-1832 # 1ea4 <__sf_fake_stdout>
    15d4:	00f49563          	bne	s1,a5,15de <_vfiprintf_r+0x110>
    15d8:	0089a483          	lw	s1,8(s3)
    15dc:	b72d                	j	1506 <_vfiprintf_r+0x38>
    15de:	00001797          	auipc	a5,0x1
    15e2:	88678793          	addi	a5,a5,-1914 # 1e64 <__sf_fake_stderr>
    15e6:	f2f490e3          	bne	s1,a5,1506 <_vfiprintf_r+0x38>
    15ea:	00c9a483          	lw	s1,12(s3)
    15ee:	bf21                	j	1506 <_vfiprintf_r+0x38>
    15f0:	85a6                	mv	a1,s1
    15f2:	854e                	mv	a0,s3
    15f4:	f5cff0ef          	jal	ra,d50 <__swsetup_r>
    15f8:	dd01                	beqz	a0,1510 <_vfiprintf_r+0x42>
    15fa:	557d                	li	a0,-1
    15fc:	40fa                	lw	ra,156(sp)
    15fe:	446a                	lw	s0,152(sp)
    1600:	44da                	lw	s1,148(sp)
    1602:	494a                	lw	s2,144(sp)
    1604:	49ba                	lw	s3,140(sp)
    1606:	4a2a                	lw	s4,136(sp)
    1608:	4a9a                	lw	s5,132(sp)
    160a:	4b0a                	lw	s6,128(sp)
    160c:	5bf6                	lw	s7,124(sp)
    160e:	5c66                	lw	s8,120(sp)
    1610:	5cd6                	lw	s9,116(sp)
    1612:	610d                	addi	sp,sp,160
    1614:	8082                	ret
    1616:	0405                	addi	s0,s0,1
    1618:	bf39                	j	1536 <_vfiprintf_r+0x68>
    161a:	41550533          	sub	a0,a0,s5
    161e:	00ac1533          	sll	a0,s8,a0
    1622:	8fc9                	or	a5,a5,a0
    1624:	c83e                	sw	a5,16(sp)
    1626:	8922                	mv	s2,s0
    1628:	b7b9                	j	1576 <_vfiprintf_r+0xa8>
    162a:	4732                	lw	a4,12(sp)
    162c:	00470693          	addi	a3,a4,4
    1630:	4318                	lw	a4,0(a4)
    1632:	c636                	sw	a3,12(sp)
    1634:	02074763          	bltz	a4,1662 <_vfiprintf_r+0x194>
    1638:	ce3a                	sw	a4,28(sp)
    163a:	2018                	lbu	a4,0(s0)
    163c:	02e00793          	li	a5,46
    1640:	04f71d63          	bne	a4,a5,169a <_vfiprintf_r+0x1cc>
    1644:	3018                	lbu	a4,1(s0)
    1646:	02a00793          	li	a5,42
    164a:	02f71b63          	bne	a4,a5,1680 <_vfiprintf_r+0x1b2>
    164e:	47b2                	lw	a5,12(sp)
    1650:	0409                	addi	s0,s0,2
    1652:	00478713          	addi	a4,a5,4
    1656:	439c                	lw	a5,0(a5)
    1658:	c63a                	sw	a4,12(sp)
    165a:	0207c163          	bltz	a5,167c <_vfiprintf_r+0x1ae>
    165e:	ca3e                	sw	a5,20(sp)
    1660:	a82d                	j	169a <_vfiprintf_r+0x1cc>
    1662:	40e00733          	neg	a4,a4
    1666:	0027e793          	ori	a5,a5,2
    166a:	ce3a                	sw	a4,28(sp)
    166c:	c83e                	sw	a5,16(sp)
    166e:	b7f1                	j	163a <_vfiprintf_r+0x16c>
    1670:	036787b3          	mul	a5,a5,s6
    1674:	4685                	li	a3,1
    1676:	842e                	mv	s0,a1
    1678:	97ba                	add	a5,a5,a4
    167a:	bf3d                	j	15b8 <_vfiprintf_r+0xea>
    167c:	57fd                	li	a5,-1
    167e:	b7c5                	j	165e <_vfiprintf_r+0x190>
    1680:	0405                	addi	s0,s0,1
    1682:	ca02                	sw	zero,20(sp)
    1684:	4681                	li	a3,0
    1686:	4781                	li	a5,0
    1688:	4625                	li	a2,9
    168a:	2018                	lbu	a4,0(s0)
    168c:	00140593          	addi	a1,s0,1
    1690:	fd070713          	addi	a4,a4,-48
    1694:	06e67463          	bgeu	a2,a4,16fc <_vfiprintf_r+0x22e>
    1698:	f2f9                	bnez	a3,165e <_vfiprintf_r+0x190>
    169a:	200c                	lbu	a1,0(s0)
    169c:	460d                	li	a2,3
    169e:	00001517          	auipc	a0,0x1
    16a2:	82e50513          	addi	a0,a0,-2002 # 1ecc <__sf_fake_stdout+0x28>
    16a6:	2501                	jal	1ca6 <memchr>
    16a8:	cd11                	beqz	a0,16c4 <_vfiprintf_r+0x1f6>
    16aa:	00001797          	auipc	a5,0x1
    16ae:	82278793          	addi	a5,a5,-2014 # 1ecc <__sf_fake_stdout+0x28>
    16b2:	8d1d                	sub	a0,a0,a5
    16b4:	04000793          	li	a5,64
    16b8:	00a797b3          	sll	a5,a5,a0
    16bc:	4542                	lw	a0,16(sp)
    16be:	0405                	addi	s0,s0,1
    16c0:	8d5d                	or	a0,a0,a5
    16c2:	c82a                	sw	a0,16(sp)
    16c4:	200c                	lbu	a1,0(s0)
    16c6:	4619                	li	a2,6
    16c8:	00001517          	auipc	a0,0x1
    16cc:	80850513          	addi	a0,a0,-2040 # 1ed0 <__sf_fake_stdout+0x2c>
    16d0:	00140913          	addi	s2,s0,1
    16d4:	02b10423          	sb	a1,40(sp)
    16d8:	23f9                	jal	1ca6 <memchr>
    16da:	c135                	beqz	a0,173e <_vfiprintf_r+0x270>
    16dc:	fffff797          	auipc	a5,0xfffff
    16e0:	92478793          	addi	a5,a5,-1756 # 0 <_sinit>
    16e4:	e795                	bnez	a5,1710 <_vfiprintf_r+0x242>
    16e6:	4742                	lw	a4,16(sp)
    16e8:	47b2                	lw	a5,12(sp)
    16ea:	10077713          	andi	a4,a4,256
    16ee:	cf09                	beqz	a4,1708 <_vfiprintf_r+0x23a>
    16f0:	0791                	addi	a5,a5,4
    16f2:	c63e                	sw	a5,12(sp)
    16f4:	5792                	lw	a5,36(sp)
    16f6:	97d2                	add	a5,a5,s4
    16f8:	d23e                	sw	a5,36(sp)
    16fa:	bd2d                	j	1534 <_vfiprintf_r+0x66>
    16fc:	036787b3          	mul	a5,a5,s6
    1700:	4685                	li	a3,1
    1702:	842e                	mv	s0,a1
    1704:	97ba                	add	a5,a5,a4
    1706:	b751                	j	168a <_vfiprintf_r+0x1bc>
    1708:	079d                	addi	a5,a5,7
    170a:	9be1                	andi	a5,a5,-8
    170c:	07a1                	addi	a5,a5,8
    170e:	b7d5                	j	16f2 <_vfiprintf_r+0x224>
    1710:	0078                	addi	a4,sp,12
    1712:	00000697          	auipc	a3,0x0
    1716:	d7c68693          	addi	a3,a3,-644 # 148e <__sfputs_r>
    171a:	8626                	mv	a2,s1
    171c:	080c                	addi	a1,sp,16
    171e:	854e                	mv	a0,s3
    1720:	00000097          	auipc	ra,0x0
    1724:	000000e7          	jalr	zero # 0 <_sinit>
    1728:	57fd                	li	a5,-1
    172a:	8a2a                	mv	s4,a0
    172c:	fcf514e3          	bne	a0,a5,16f4 <_vfiprintf_r+0x226>
    1730:	24de                	lhu	a5,12(s1)
    1732:	0407f793          	andi	a5,a5,64
    1736:	ec0792e3          	bnez	a5,15fa <_vfiprintf_r+0x12c>
    173a:	5512                	lw	a0,36(sp)
    173c:	b5c1                	j	15fc <_vfiprintf_r+0x12e>
    173e:	0078                	addi	a4,sp,12
    1740:	00000697          	auipc	a3,0x0
    1744:	d4e68693          	addi	a3,a3,-690 # 148e <__sfputs_r>
    1748:	8626                	mv	a2,s1
    174a:	080c                	addi	a1,sp,16
    174c:	854e                	mv	a0,s3
    174e:	2a01                	jal	185e <_printf_i>
    1750:	bfe1                	j	1728 <_vfiprintf_r+0x25a>

00001752 <_printf_common>:
    1752:	7179                	addi	sp,sp,-48
    1754:	ca56                	sw	s5,20(sp)
    1756:	499c                	lw	a5,16(a1)
    1758:	8aba                	mv	s5,a4
    175a:	4598                	lw	a4,8(a1)
    175c:	d422                	sw	s0,40(sp)
    175e:	d226                	sw	s1,36(sp)
    1760:	ce4e                	sw	s3,28(sp)
    1762:	cc52                	sw	s4,24(sp)
    1764:	d606                	sw	ra,44(sp)
    1766:	d04a                	sw	s2,32(sp)
    1768:	c85a                	sw	s6,16(sp)
    176a:	c65e                	sw	s7,12(sp)
    176c:	89aa                	mv	s3,a0
    176e:	842e                	mv	s0,a1
    1770:	84b2                	mv	s1,a2
    1772:	8a36                	mv	s4,a3
    1774:	00e7d363          	bge	a5,a4,177a <_printf_common+0x28>
    1778:	87ba                	mv	a5,a4
    177a:	c09c                	sw	a5,0(s1)
    177c:	04344703          	lbu	a4,67(s0)
    1780:	c319                	beqz	a4,1786 <_printf_common+0x34>
    1782:	0785                	addi	a5,a5,1
    1784:	c09c                	sw	a5,0(s1)
    1786:	401c                	lw	a5,0(s0)
    1788:	0207f793          	andi	a5,a5,32
    178c:	c781                	beqz	a5,1794 <_printf_common+0x42>
    178e:	409c                	lw	a5,0(s1)
    1790:	0789                	addi	a5,a5,2
    1792:	c09c                	sw	a5,0(s1)
    1794:	00042903          	lw	s2,0(s0)
    1798:	00697913          	andi	s2,s2,6
    179c:	00091a63          	bnez	s2,17b0 <_printf_common+0x5e>
    17a0:	01940b13          	addi	s6,s0,25
    17a4:	5bfd                	li	s7,-1
    17a6:	445c                	lw	a5,12(s0)
    17a8:	4098                	lw	a4,0(s1)
    17aa:	8f99                	sub	a5,a5,a4
    17ac:	04f94c63          	blt	s2,a5,1804 <_printf_common+0xb2>
    17b0:	401c                	lw	a5,0(s0)
    17b2:	04344683          	lbu	a3,67(s0)
    17b6:	0207f793          	andi	a5,a5,32
    17ba:	00d036b3          	snez	a3,a3
    17be:	eba5                	bnez	a5,182e <_printf_common+0xdc>
    17c0:	04340613          	addi	a2,s0,67
    17c4:	85d2                	mv	a1,s4
    17c6:	854e                	mv	a0,s3
    17c8:	9a82                	jalr	s5
    17ca:	57fd                	li	a5,-1
    17cc:	04f50363          	beq	a0,a5,1812 <_printf_common+0xc0>
    17d0:	401c                	lw	a5,0(s0)
    17d2:	4611                	li	a2,4
    17d4:	4098                	lw	a4,0(s1)
    17d6:	8b99                	andi	a5,a5,6
    17d8:	4454                	lw	a3,12(s0)
    17da:	4481                	li	s1,0
    17dc:	00c79763          	bne	a5,a2,17ea <_printf_common+0x98>
    17e0:	40e684b3          	sub	s1,a3,a4
    17e4:	0004d363          	bgez	s1,17ea <_printf_common+0x98>
    17e8:	4481                	li	s1,0
    17ea:	441c                	lw	a5,8(s0)
    17ec:	4818                	lw	a4,16(s0)
    17ee:	00f75463          	bge	a4,a5,17f6 <_printf_common+0xa4>
    17f2:	8f99                	sub	a5,a5,a4
    17f4:	94be                	add	s1,s1,a5
    17f6:	4901                	li	s2,0
    17f8:	0469                	addi	s0,s0,26
    17fa:	5b7d                	li	s6,-1
    17fc:	05249863          	bne	s1,s2,184c <_printf_common+0xfa>
    1800:	4501                	li	a0,0
    1802:	a809                	j	1814 <_printf_common+0xc2>
    1804:	4685                	li	a3,1
    1806:	865a                	mv	a2,s6
    1808:	85d2                	mv	a1,s4
    180a:	854e                	mv	a0,s3
    180c:	9a82                	jalr	s5
    180e:	01751e63          	bne	a0,s7,182a <_printf_common+0xd8>
    1812:	557d                	li	a0,-1
    1814:	50b2                	lw	ra,44(sp)
    1816:	5422                	lw	s0,40(sp)
    1818:	5492                	lw	s1,36(sp)
    181a:	5902                	lw	s2,32(sp)
    181c:	49f2                	lw	s3,28(sp)
    181e:	4a62                	lw	s4,24(sp)
    1820:	4ad2                	lw	s5,20(sp)
    1822:	4b42                	lw	s6,16(sp)
    1824:	4bb2                	lw	s7,12(sp)
    1826:	6145                	addi	sp,sp,48
    1828:	8082                	ret
    182a:	0905                	addi	s2,s2,1
    182c:	bfad                	j	17a6 <_printf_common+0x54>
    182e:	00d40733          	add	a4,s0,a3
    1832:	03000613          	li	a2,48
    1836:	04c701a3          	sb	a2,67(a4)
    183a:	04544703          	lbu	a4,69(s0)
    183e:	00168793          	addi	a5,a3,1
    1842:	97a2                	add	a5,a5,s0
    1844:	0689                	addi	a3,a3,2
    1846:	04e781a3          	sb	a4,67(a5)
    184a:	bf9d                	j	17c0 <_printf_common+0x6e>
    184c:	4685                	li	a3,1
    184e:	8622                	mv	a2,s0
    1850:	85d2                	mv	a1,s4
    1852:	854e                	mv	a0,s3
    1854:	9a82                	jalr	s5
    1856:	fb650ee3          	beq	a0,s6,1812 <_printf_common+0xc0>
    185a:	0905                	addi	s2,s2,1
    185c:	b745                	j	17fc <_printf_common+0xaa>

0000185e <_printf_i>:
    185e:	7179                	addi	sp,sp,-48
    1860:	d422                	sw	s0,40(sp)
    1862:	d226                	sw	s1,36(sp)
    1864:	d04a                	sw	s2,32(sp)
    1866:	ce4e                	sw	s3,28(sp)
    1868:	d606                	sw	ra,44(sp)
    186a:	cc52                	sw	s4,24(sp)
    186c:	ca56                	sw	s5,20(sp)
    186e:	c85a                	sw	s6,16(sp)
    1870:	89b6                	mv	s3,a3
    1872:	2d94                	lbu	a3,24(a1)
    1874:	06900793          	li	a5,105
    1878:	8932                	mv	s2,a2
    187a:	84aa                	mv	s1,a0
    187c:	842e                	mv	s0,a1
    187e:	04358613          	addi	a2,a1,67
    1882:	02f68d63          	beq	a3,a5,18bc <_printf_i+0x5e>
    1886:	06d7e263          	bltu	a5,a3,18ea <_printf_i+0x8c>
    188a:	05800793          	li	a5,88
    188e:	18f68563          	beq	a3,a5,1a18 <_printf_i+0x1ba>
    1892:	00d7ed63          	bltu	a5,a3,18ac <_printf_i+0x4e>
    1896:	20068d63          	beqz	a3,1ab0 <_printf_i+0x252>
    189a:	04300793          	li	a5,67
    189e:	0af68e63          	beq	a3,a5,195a <_printf_i+0xfc>
    18a2:	04240a93          	addi	s5,s0,66
    18a6:	04d40123          	sb	a3,66(s0)
    18aa:	a0c9                	j	196c <_printf_i+0x10e>
    18ac:	06300793          	li	a5,99
    18b0:	0af68563          	beq	a3,a5,195a <_printf_i+0xfc>
    18b4:	06400793          	li	a5,100
    18b8:	fef695e3          	bne	a3,a5,18a2 <_printf_i+0x44>
    18bc:	401c                	lw	a5,0(s0)
    18be:	4308                	lw	a0,0(a4)
    18c0:	0807f693          	andi	a3,a5,128
    18c4:	00450593          	addi	a1,a0,4
    18c8:	c6c5                	beqz	a3,1970 <_printf_i+0x112>
    18ca:	411c                	lw	a5,0(a0)
    18cc:	c30c                	sw	a1,0(a4)
    18ce:	0007d863          	bgez	a5,18de <_printf_i+0x80>
    18d2:	02d00713          	li	a4,45
    18d6:	40f007b3          	neg	a5,a5
    18da:	04e401a3          	sb	a4,67(s0)
    18de:	00000697          	auipc	a3,0x0
    18e2:	5fa68693          	addi	a3,a3,1530 # 1ed8 <__sf_fake_stdout+0x34>
    18e6:	4729                	li	a4,10
    18e8:	a865                	j	19a0 <_printf_i+0x142>
    18ea:	07000793          	li	a5,112
    18ee:	16f68163          	beq	a3,a5,1a50 <_printf_i+0x1f2>
    18f2:	02d7e563          	bltu	a5,a3,191c <_printf_i+0xbe>
    18f6:	06e00793          	li	a5,110
    18fa:	18f68863          	beq	a3,a5,1a8a <_printf_i+0x22c>
    18fe:	06f00793          	li	a5,111
    1902:	faf690e3          	bne	a3,a5,18a2 <_printf_i+0x44>
    1906:	400c                	lw	a1,0(s0)
    1908:	431c                	lw	a5,0(a4)
    190a:	0805f813          	andi	a6,a1,128
    190e:	00478513          	addi	a0,a5,4
    1912:	06080763          	beqz	a6,1980 <_printf_i+0x122>
    1916:	c308                	sw	a0,0(a4)
    1918:	439c                	lw	a5,0(a5)
    191a:	a885                	j	198a <_printf_i+0x12c>
    191c:	07500793          	li	a5,117
    1920:	fef683e3          	beq	a3,a5,1906 <_printf_i+0xa8>
    1924:	07800793          	li	a5,120
    1928:	12f68863          	beq	a3,a5,1a58 <_printf_i+0x1fa>
    192c:	07300793          	li	a5,115
    1930:	f6f699e3          	bne	a3,a5,18a2 <_printf_i+0x44>
    1934:	431c                	lw	a5,0(a4)
    1936:	41d0                	lw	a2,4(a1)
    1938:	4581                	li	a1,0
    193a:	00478693          	addi	a3,a5,4
    193e:	c314                	sw	a3,0(a4)
    1940:	0007aa83          	lw	s5,0(a5)
    1944:	8556                	mv	a0,s5
    1946:	2685                	jal	1ca6 <memchr>
    1948:	c501                	beqz	a0,1950 <_printf_i+0xf2>
    194a:	41550533          	sub	a0,a0,s5
    194e:	c048                	sw	a0,4(s0)
    1950:	405c                	lw	a5,4(s0)
    1952:	c81c                	sw	a5,16(s0)
    1954:	040401a3          	sb	zero,67(s0)
    1958:	a861                	j	19f0 <_printf_i+0x192>
    195a:	431c                	lw	a5,0(a4)
    195c:	04240a93          	addi	s5,s0,66
    1960:	00478693          	addi	a3,a5,4
    1964:	439c                	lw	a5,0(a5)
    1966:	c314                	sw	a3,0(a4)
    1968:	04f40123          	sb	a5,66(s0)
    196c:	4785                	li	a5,1
    196e:	b7d5                	j	1952 <_printf_i+0xf4>
    1970:	0407f693          	andi	a3,a5,64
    1974:	411c                	lw	a5,0(a0)
    1976:	c30c                	sw	a1,0(a4)
    1978:	dab9                	beqz	a3,18ce <_printf_i+0x70>
    197a:	07c2                	slli	a5,a5,0x10
    197c:	87c1                	srai	a5,a5,0x10
    197e:	bf81                	j	18ce <_printf_i+0x70>
    1980:	0405f593          	andi	a1,a1,64
    1984:	c308                	sw	a0,0(a4)
    1986:	d9c9                	beqz	a1,1918 <_printf_i+0xba>
    1988:	239e                	lhu	a5,0(a5)
    198a:	06f00713          	li	a4,111
    198e:	0ee68663          	beq	a3,a4,1a7a <_printf_i+0x21c>
    1992:	00000697          	auipc	a3,0x0
    1996:	54668693          	addi	a3,a3,1350 # 1ed8 <__sf_fake_stdout+0x34>
    199a:	4729                	li	a4,10
    199c:	040401a3          	sb	zero,67(s0)
    19a0:	404c                	lw	a1,4(s0)
    19a2:	c40c                	sw	a1,8(s0)
    19a4:	0005c563          	bltz	a1,19ae <_printf_i+0x150>
    19a8:	4008                	lw	a0,0(s0)
    19aa:	996d                	andi	a0,a0,-5
    19ac:	c008                	sw	a0,0(s0)
    19ae:	e399                	bnez	a5,19b4 <_printf_i+0x156>
    19b0:	8ab2                	mv	s5,a2
    19b2:	cd89                	beqz	a1,19cc <_printf_i+0x16e>
    19b4:	8ab2                	mv	s5,a2
    19b6:	02e7f5b3          	remu	a1,a5,a4
    19ba:	1afd                	addi	s5,s5,-1
    19bc:	95b6                	add	a1,a1,a3
    19be:	218c                	lbu	a1,0(a1)
    19c0:	00ba8023          	sb	a1,0(s5)
    19c4:	02e7d5b3          	divu	a1,a5,a4
    19c8:	0ae7ff63          	bgeu	a5,a4,1a86 <_printf_i+0x228>
    19cc:	47a1                	li	a5,8
    19ce:	00f71e63          	bne	a4,a5,19ea <_printf_i+0x18c>
    19d2:	401c                	lw	a5,0(s0)
    19d4:	8b85                	andi	a5,a5,1
    19d6:	cb91                	beqz	a5,19ea <_printf_i+0x18c>
    19d8:	4058                	lw	a4,4(s0)
    19da:	481c                	lw	a5,16(s0)
    19dc:	00e7c763          	blt	a5,a4,19ea <_printf_i+0x18c>
    19e0:	03000793          	li	a5,48
    19e4:	fefa8fa3          	sb	a5,-1(s5)
    19e8:	1afd                	addi	s5,s5,-1
    19ea:	41560633          	sub	a2,a2,s5
    19ee:	c810                	sw	a2,16(s0)
    19f0:	874e                	mv	a4,s3
    19f2:	86ca                	mv	a3,s2
    19f4:	0070                	addi	a2,sp,12
    19f6:	85a2                	mv	a1,s0
    19f8:	8526                	mv	a0,s1
    19fa:	3ba1                	jal	1752 <_printf_common>
    19fc:	5a7d                	li	s4,-1
    19fe:	0b451d63          	bne	a0,s4,1ab8 <_printf_i+0x25a>
    1a02:	557d                	li	a0,-1
    1a04:	50b2                	lw	ra,44(sp)
    1a06:	5422                	lw	s0,40(sp)
    1a08:	5492                	lw	s1,36(sp)
    1a0a:	5902                	lw	s2,32(sp)
    1a0c:	49f2                	lw	s3,28(sp)
    1a0e:	4a62                	lw	s4,24(sp)
    1a10:	4ad2                	lw	s5,20(sp)
    1a12:	4b42                	lw	s6,16(sp)
    1a14:	6145                	addi	sp,sp,48
    1a16:	8082                	ret
    1a18:	04d582a3          	sb	a3,69(a1)
    1a1c:	00000697          	auipc	a3,0x0
    1a20:	4bc68693          	addi	a3,a3,1212 # 1ed8 <__sf_fake_stdout+0x34>
    1a24:	400c                	lw	a1,0(s0)
    1a26:	4308                	lw	a0,0(a4)
    1a28:	0805f813          	andi	a6,a1,128
    1a2c:	411c                	lw	a5,0(a0)
    1a2e:	0511                	addi	a0,a0,4
    1a30:	02080d63          	beqz	a6,1a6a <_printf_i+0x20c>
    1a34:	c308                	sw	a0,0(a4)
    1a36:	0015f713          	andi	a4,a1,1
    1a3a:	c701                	beqz	a4,1a42 <_printf_i+0x1e4>
    1a3c:	0205e593          	ori	a1,a1,32
    1a40:	c00c                	sw	a1,0(s0)
    1a42:	4741                	li	a4,16
    1a44:	ffa1                	bnez	a5,199c <_printf_i+0x13e>
    1a46:	400c                	lw	a1,0(s0)
    1a48:	fdf5f593          	andi	a1,a1,-33
    1a4c:	c00c                	sw	a1,0(s0)
    1a4e:	b7b9                	j	199c <_printf_i+0x13e>
    1a50:	419c                	lw	a5,0(a1)
    1a52:	0207e793          	ori	a5,a5,32
    1a56:	c19c                	sw	a5,0(a1)
    1a58:	07800793          	li	a5,120
    1a5c:	04f402a3          	sb	a5,69(s0)
    1a60:	00000697          	auipc	a3,0x0
    1a64:	48c68693          	addi	a3,a3,1164 # 1eec <__sf_fake_stdout+0x48>
    1a68:	bf75                	j	1a24 <_printf_i+0x1c6>
    1a6a:	0405f813          	andi	a6,a1,64
    1a6e:	c308                	sw	a0,0(a4)
    1a70:	fc0803e3          	beqz	a6,1a36 <_printf_i+0x1d8>
    1a74:	07c2                	slli	a5,a5,0x10
    1a76:	83c1                	srli	a5,a5,0x10
    1a78:	bf7d                	j	1a36 <_printf_i+0x1d8>
    1a7a:	00000697          	auipc	a3,0x0
    1a7e:	45e68693          	addi	a3,a3,1118 # 1ed8 <__sf_fake_stdout+0x34>
    1a82:	4721                	li	a4,8
    1a84:	bf21                	j	199c <_printf_i+0x13e>
    1a86:	87ae                	mv	a5,a1
    1a88:	b73d                	j	19b6 <_printf_i+0x158>
    1a8a:	4194                	lw	a3,0(a1)
    1a8c:	431c                	lw	a5,0(a4)
    1a8e:	49cc                	lw	a1,20(a1)
    1a90:	0806f813          	andi	a6,a3,128
    1a94:	00478513          	addi	a0,a5,4
    1a98:	00080663          	beqz	a6,1aa4 <_printf_i+0x246>
    1a9c:	c308                	sw	a0,0(a4)
    1a9e:	439c                	lw	a5,0(a5)
    1aa0:	c38c                	sw	a1,0(a5)
    1aa2:	a039                	j	1ab0 <_printf_i+0x252>
    1aa4:	c308                	sw	a0,0(a4)
    1aa6:	0406f693          	andi	a3,a3,64
    1aaa:	439c                	lw	a5,0(a5)
    1aac:	daf5                	beqz	a3,1aa0 <_printf_i+0x242>
    1aae:	a38e                	sh	a1,0(a5)
    1ab0:	00042823          	sw	zero,16(s0)
    1ab4:	8ab2                	mv	s5,a2
    1ab6:	bf2d                	j	19f0 <_printf_i+0x192>
    1ab8:	4814                	lw	a3,16(s0)
    1aba:	8656                	mv	a2,s5
    1abc:	85ca                	mv	a1,s2
    1abe:	8526                	mv	a0,s1
    1ac0:	9982                	jalr	s3
    1ac2:	f54500e3          	beq	a0,s4,1a02 <_printf_i+0x1a4>
    1ac6:	401c                	lw	a5,0(s0)
    1ac8:	8b89                	andi	a5,a5,2
    1aca:	e78d                	bnez	a5,1af4 <_printf_i+0x296>
    1acc:	47b2                	lw	a5,12(sp)
    1ace:	4448                	lw	a0,12(s0)
    1ad0:	f2f55ae3          	bge	a0,a5,1a04 <_printf_i+0x1a6>
    1ad4:	853e                	mv	a0,a5
    1ad6:	b73d                	j	1a04 <_printf_i+0x1a6>
    1ad8:	4685                	li	a3,1
    1ada:	8656                	mv	a2,s5
    1adc:	85ca                	mv	a1,s2
    1ade:	8526                	mv	a0,s1
    1ae0:	9982                	jalr	s3
    1ae2:	f36500e3          	beq	a0,s6,1a02 <_printf_i+0x1a4>
    1ae6:	0a05                	addi	s4,s4,1
    1ae8:	445c                	lw	a5,12(s0)
    1aea:	4732                	lw	a4,12(sp)
    1aec:	8f99                	sub	a5,a5,a4
    1aee:	fefa45e3          	blt	s4,a5,1ad8 <_printf_i+0x27a>
    1af2:	bfe9                	j	1acc <_printf_i+0x26e>
    1af4:	4a01                	li	s4,0
    1af6:	01940a93          	addi	s5,s0,25
    1afa:	5b7d                	li	s6,-1
    1afc:	b7f5                	j	1ae8 <_printf_i+0x28a>

00001afe <_sbrk_r>:
    1afe:	1141                	addi	sp,sp,-16
    1b00:	c422                	sw	s0,8(sp)
    1b02:	842a                	mv	s0,a0
    1b04:	852e                	mv	a0,a1
    1b06:	8201a623          	sw	zero,-2004(gp) # 200000ac <errno>
    1b0a:	c606                	sw	ra,12(sp)
    1b0c:	cb3fe0ef          	jal	ra,7be <_sbrk>
    1b10:	57fd                	li	a5,-1
    1b12:	00f51763          	bne	a0,a5,1b20 <_sbrk_r+0x22>
    1b16:	82c18793          	addi	a5,gp,-2004 # 200000ac <errno>
    1b1a:	439c                	lw	a5,0(a5)
    1b1c:	c391                	beqz	a5,1b20 <_sbrk_r+0x22>
    1b1e:	c01c                	sw	a5,0(s0)
    1b20:	40b2                	lw	ra,12(sp)
    1b22:	4422                	lw	s0,8(sp)
    1b24:	0141                	addi	sp,sp,16
    1b26:	8082                	ret

00001b28 <__sread>:
    1b28:	1141                	addi	sp,sp,-16
    1b2a:	c422                	sw	s0,8(sp)
    1b2c:	842e                	mv	s0,a1
    1b2e:	00e59583          	lh	a1,14(a1)
    1b32:	c606                	sw	ra,12(sp)
    1b34:	2279                	jal	1cc2 <_read_r>
    1b36:	00054963          	bltz	a0,1b48 <__sread+0x20>
    1b3a:	487c                	lw	a5,84(s0)
    1b3c:	97aa                	add	a5,a5,a0
    1b3e:	c87c                	sw	a5,84(s0)
    1b40:	40b2                	lw	ra,12(sp)
    1b42:	4422                	lw	s0,8(sp)
    1b44:	0141                	addi	sp,sp,16
    1b46:	8082                	ret
    1b48:	245e                	lhu	a5,12(s0)
    1b4a:	777d                	lui	a4,0xfffff
    1b4c:	177d                	addi	a4,a4,-1
    1b4e:	8ff9                	and	a5,a5,a4
    1b50:	a45e                	sh	a5,12(s0)
    1b52:	b7fd                	j	1b40 <__sread+0x18>

00001b54 <__swrite>:
    1b54:	25de                	lhu	a5,12(a1)
    1b56:	1101                	addi	sp,sp,-32
    1b58:	cc22                	sw	s0,24(sp)
    1b5a:	ca26                	sw	s1,20(sp)
    1b5c:	c84a                	sw	s2,16(sp)
    1b5e:	c64e                	sw	s3,12(sp)
    1b60:	ce06                	sw	ra,28(sp)
    1b62:	1007f793          	andi	a5,a5,256
    1b66:	84aa                	mv	s1,a0
    1b68:	842e                	mv	s0,a1
    1b6a:	8932                	mv	s2,a2
    1b6c:	89b6                	mv	s3,a3
    1b6e:	c791                	beqz	a5,1b7a <__swrite+0x26>
    1b70:	00e59583          	lh	a1,14(a1)
    1b74:	4689                	li	a3,2
    1b76:	4601                	li	a2,0
    1b78:	2209                	jal	1c7a <_lseek_r>
    1b7a:	245e                	lhu	a5,12(s0)
    1b7c:	777d                	lui	a4,0xfffff
    1b7e:	177d                	addi	a4,a4,-1
    1b80:	8ff9                	and	a5,a5,a4
    1b82:	a45e                	sh	a5,12(s0)
    1b84:	00e41583          	lh	a1,14(s0)
    1b88:	4462                	lw	s0,24(sp)
    1b8a:	40f2                	lw	ra,28(sp)
    1b8c:	86ce                	mv	a3,s3
    1b8e:	864a                	mv	a2,s2
    1b90:	49b2                	lw	s3,12(sp)
    1b92:	4942                	lw	s2,16(sp)
    1b94:	8526                	mv	a0,s1
    1b96:	44d2                	lw	s1,20(sp)
    1b98:	6105                	addi	sp,sp,32
    1b9a:	a825                	j	1bd2 <_write_r>

00001b9c <__sseek>:
    1b9c:	1141                	addi	sp,sp,-16
    1b9e:	c422                	sw	s0,8(sp)
    1ba0:	842e                	mv	s0,a1
    1ba2:	00e59583          	lh	a1,14(a1)
    1ba6:	c606                	sw	ra,12(sp)
    1ba8:	28c9                	jal	1c7a <_lseek_r>
    1baa:	57fd                	li	a5,-1
    1bac:	245a                	lhu	a4,12(s0)
    1bae:	00f51a63          	bne	a0,a5,1bc2 <__sseek+0x26>
    1bb2:	77fd                	lui	a5,0xfffff
    1bb4:	17fd                	addi	a5,a5,-1
    1bb6:	8ff9                	and	a5,a5,a4
    1bb8:	a45e                	sh	a5,12(s0)
    1bba:	40b2                	lw	ra,12(sp)
    1bbc:	4422                	lw	s0,8(sp)
    1bbe:	0141                	addi	sp,sp,16
    1bc0:	8082                	ret
    1bc2:	6785                	lui	a5,0x1
    1bc4:	8fd9                	or	a5,a5,a4
    1bc6:	a45e                	sh	a5,12(s0)
    1bc8:	c868                	sw	a0,84(s0)
    1bca:	bfc5                	j	1bba <__sseek+0x1e>

00001bcc <__sclose>:
    1bcc:	00e59583          	lh	a1,14(a1)
    1bd0:	a805                	j	1c00 <_close_r>

00001bd2 <_write_r>:
    1bd2:	1141                	addi	sp,sp,-16
    1bd4:	c422                	sw	s0,8(sp)
    1bd6:	842a                	mv	s0,a0
    1bd8:	852e                	mv	a0,a1
    1bda:	85b2                	mv	a1,a2
    1bdc:	8636                	mv	a2,a3
    1bde:	8201a623          	sw	zero,-2004(gp) # 200000ac <errno>
    1be2:	c606                	sw	ra,12(sp)
    1be4:	ba3fe0ef          	jal	ra,786 <_write>
    1be8:	57fd                	li	a5,-1
    1bea:	00f51763          	bne	a0,a5,1bf8 <_write_r+0x26>
    1bee:	82c18793          	addi	a5,gp,-2004 # 200000ac <errno>
    1bf2:	439c                	lw	a5,0(a5)
    1bf4:	c391                	beqz	a5,1bf8 <_write_r+0x26>
    1bf6:	c01c                	sw	a5,0(s0)
    1bf8:	40b2                	lw	ra,12(sp)
    1bfa:	4422                	lw	s0,8(sp)
    1bfc:	0141                	addi	sp,sp,16
    1bfe:	8082                	ret

00001c00 <_close_r>:
    1c00:	1141                	addi	sp,sp,-16
    1c02:	c422                	sw	s0,8(sp)
    1c04:	842a                	mv	s0,a0
    1c06:	852e                	mv	a0,a1
    1c08:	8201a623          	sw	zero,-2004(gp) # 200000ac <errno>
    1c0c:	c606                	sw	ra,12(sp)
    1c0e:	20c5                	jal	1cee <_close>
    1c10:	57fd                	li	a5,-1
    1c12:	00f51763          	bne	a0,a5,1c20 <_close_r+0x20>
    1c16:	82c18793          	addi	a5,gp,-2004 # 200000ac <errno>
    1c1a:	439c                	lw	a5,0(a5)
    1c1c:	c391                	beqz	a5,1c20 <_close_r+0x20>
    1c1e:	c01c                	sw	a5,0(s0)
    1c20:	40b2                	lw	ra,12(sp)
    1c22:	4422                	lw	s0,8(sp)
    1c24:	0141                	addi	sp,sp,16
    1c26:	8082                	ret

00001c28 <_fstat_r>:
    1c28:	1141                	addi	sp,sp,-16
    1c2a:	c422                	sw	s0,8(sp)
    1c2c:	842a                	mv	s0,a0
    1c2e:	852e                	mv	a0,a1
    1c30:	85b2                	mv	a1,a2
    1c32:	8201a623          	sw	zero,-2004(gp) # 200000ac <errno>
    1c36:	c606                	sw	ra,12(sp)
    1c38:	20c9                	jal	1cfa <_fstat>
    1c3a:	57fd                	li	a5,-1
    1c3c:	00f51763          	bne	a0,a5,1c4a <_fstat_r+0x22>
    1c40:	82c18793          	addi	a5,gp,-2004 # 200000ac <errno>
    1c44:	439c                	lw	a5,0(a5)
    1c46:	c391                	beqz	a5,1c4a <_fstat_r+0x22>
    1c48:	c01c                	sw	a5,0(s0)
    1c4a:	40b2                	lw	ra,12(sp)
    1c4c:	4422                	lw	s0,8(sp)
    1c4e:	0141                	addi	sp,sp,16
    1c50:	8082                	ret

00001c52 <_isatty_r>:
    1c52:	1141                	addi	sp,sp,-16
    1c54:	c422                	sw	s0,8(sp)
    1c56:	842a                	mv	s0,a0
    1c58:	852e                	mv	a0,a1
    1c5a:	8201a623          	sw	zero,-2004(gp) # 200000ac <errno>
    1c5e:	c606                	sw	ra,12(sp)
    1c60:	205d                	jal	1d06 <_isatty>
    1c62:	57fd                	li	a5,-1
    1c64:	00f51763          	bne	a0,a5,1c72 <_isatty_r+0x20>
    1c68:	82c18793          	addi	a5,gp,-2004 # 200000ac <errno>
    1c6c:	439c                	lw	a5,0(a5)
    1c6e:	c391                	beqz	a5,1c72 <_isatty_r+0x20>
    1c70:	c01c                	sw	a5,0(s0)
    1c72:	40b2                	lw	ra,12(sp)
    1c74:	4422                	lw	s0,8(sp)
    1c76:	0141                	addi	sp,sp,16
    1c78:	8082                	ret

00001c7a <_lseek_r>:
    1c7a:	1141                	addi	sp,sp,-16
    1c7c:	c422                	sw	s0,8(sp)
    1c7e:	842a                	mv	s0,a0
    1c80:	852e                	mv	a0,a1
    1c82:	85b2                	mv	a1,a2
    1c84:	8636                	mv	a2,a3
    1c86:	8201a623          	sw	zero,-2004(gp) # 200000ac <errno>
    1c8a:	c606                	sw	ra,12(sp)
    1c8c:	2059                	jal	1d12 <_lseek>
    1c8e:	57fd                	li	a5,-1
    1c90:	00f51763          	bne	a0,a5,1c9e <_lseek_r+0x24>
    1c94:	82c18793          	addi	a5,gp,-2004 # 200000ac <errno>
    1c98:	439c                	lw	a5,0(a5)
    1c9a:	c391                	beqz	a5,1c9e <_lseek_r+0x24>
    1c9c:	c01c                	sw	a5,0(s0)
    1c9e:	40b2                	lw	ra,12(sp)
    1ca0:	4422                	lw	s0,8(sp)
    1ca2:	0141                	addi	sp,sp,16
    1ca4:	8082                	ret

00001ca6 <memchr>:
    1ca6:	0ff5f593          	andi	a1,a1,255
    1caa:	962a                	add	a2,a2,a0
    1cac:	00c51463          	bne	a0,a2,1cb4 <memchr+0xe>
    1cb0:	4501                	li	a0,0
    1cb2:	8082                	ret
    1cb4:	211c                	lbu	a5,0(a0)
    1cb6:	feb78ee3          	beq	a5,a1,1cb2 <memchr+0xc>
    1cba:	0505                	addi	a0,a0,1
    1cbc:	bfc5                	j	1cac <memchr+0x6>

00001cbe <__malloc_lock>:
    1cbe:	8082                	ret

00001cc0 <__malloc_unlock>:
    1cc0:	8082                	ret

00001cc2 <_read_r>:
    1cc2:	1141                	addi	sp,sp,-16
    1cc4:	c422                	sw	s0,8(sp)
    1cc6:	842a                	mv	s0,a0
    1cc8:	852e                	mv	a0,a1
    1cca:	85b2                	mv	a1,a2
    1ccc:	8636                	mv	a2,a3
    1cce:	8201a623          	sw	zero,-2004(gp) # 200000ac <errno>
    1cd2:	c606                	sw	ra,12(sp)
    1cd4:	20a9                	jal	1d1e <_read>
    1cd6:	57fd                	li	a5,-1
    1cd8:	00f51763          	bne	a0,a5,1ce6 <_read_r+0x24>
    1cdc:	82c18793          	addi	a5,gp,-2004 # 200000ac <errno>
    1ce0:	439c                	lw	a5,0(a5)
    1ce2:	c391                	beqz	a5,1ce6 <_read_r+0x24>
    1ce4:	c01c                	sw	a5,0(s0)
    1ce6:	40b2                	lw	ra,12(sp)
    1ce8:	4422                	lw	s0,8(sp)
    1cea:	0141                	addi	sp,sp,16
    1cec:	8082                	ret

00001cee <_close>:
    1cee:	05800793          	li	a5,88
    1cf2:	82f1a623          	sw	a5,-2004(gp) # 200000ac <errno>
    1cf6:	557d                	li	a0,-1
    1cf8:	8082                	ret

00001cfa <_fstat>:
    1cfa:	05800793          	li	a5,88
    1cfe:	82f1a623          	sw	a5,-2004(gp) # 200000ac <errno>
    1d02:	557d                	li	a0,-1
    1d04:	8082                	ret

00001d06 <_isatty>:
    1d06:	05800793          	li	a5,88
    1d0a:	82f1a623          	sw	a5,-2004(gp) # 200000ac <errno>
    1d0e:	4501                	li	a0,0
    1d10:	8082                	ret

00001d12 <_lseek>:
    1d12:	05800793          	li	a5,88
    1d16:	82f1a623          	sw	a5,-2004(gp) # 200000ac <errno>
    1d1a:	557d                	li	a0,-1
    1d1c:	8082                	ret

00001d1e <_read>:
    1d1e:	05800793          	li	a5,88
    1d22:	82f1a623          	sw	a5,-2004(gp) # 200000ac <errno>
    1d26:	557d                	li	a0,-1
    1d28:	8082                	ret
    1d2a:	0000                	unimp
    1d2c:	74737953          	0x74737953
    1d30:	6d65                	lui	s10,0x19
    1d32:	3a6b6c43          	fmadd.d	fs8,fs6,ft6,ft7,unknown
    1d36:	6425                	lui	s0,0x9
    1d38:	0a0d                	addi	s4,s4,3
    1d3a:	0000                	unimp
    1d3c:	70696843          	fmadd.s	fa6,fs2,ft6,fa4,unknown
    1d40:	4449                	li	s0,18
    1d42:	253a                	lhu	a4,10(a0)
    1d44:	3830                	lbu	a2,19(s0)
    1d46:	0d78                	addi	a4,sp,668
    1d48:	000a                	c.slli	zero,0x2
    1d4a:	0000                	unimp
    1d4c:	6854                	flw	fa3,20(s0)
    1d4e:	7369                	lui	t1,0xffffa
    1d50:	6920                	flw	fs0,80(a0)
    1d52:	72702073          	csrr	zero,0x727
    1d56:	6e69                	lui	t3,0x1a
    1d58:	6674                	flw	fa3,76(a2)
    1d5a:	6520                	flw	fs0,72(a0)
    1d5c:	6178                	flw	fa4,68(a0)
    1d5e:	706d                	c.lui	zero,0xffffb
    1d60:	656c                	flw	fa1,76(a0)
    1d62:	000d                	c.nop	3

00001d64 <__clz_tab>:
    1d64:	0100 0202 0303 0303 0404 0404 0404 0404     ................
    1d74:	0505 0505 0505 0505 0505 0505 0505 0505     ................
    1d84:	0606 0606 0606 0606 0606 0606 0606 0606     ................
    1d94:	0606 0606 0606 0606 0606 0606 0606 0606     ................
    1da4:	0707 0707 0707 0707 0707 0707 0707 0707     ................
    1db4:	0707 0707 0707 0707 0707 0707 0707 0707     ................
    1dc4:	0707 0707 0707 0707 0707 0707 0707 0707     ................
    1dd4:	0707 0707 0707 0707 0707 0707 0707 0707     ................
    1de4:	0808 0808 0808 0808 0808 0808 0808 0808     ................
    1df4:	0808 0808 0808 0808 0808 0808 0808 0808     ................
    1e04:	0808 0808 0808 0808 0808 0808 0808 0808     ................
    1e14:	0808 0808 0808 0808 0808 0808 0808 0808     ................
    1e24:	0808 0808 0808 0808 0808 0808 0808 0808     ................
    1e34:	0808 0808 0808 0808 0808 0808 0808 0808     ................
    1e44:	0808 0808 0808 0808 0808 0808 0808 0808     ................
    1e54:	0808 0808 0808 0808 0808 0808 0808 0808     ................

00001e64 <__sf_fake_stderr>:
	...

00001e84 <__sf_fake_stdin>:
	...

00001ea4 <__sf_fake_stdout>:
	...
    1ec4:	2d23 2b30 0020 0000 6c68 004c 6665 4567     #-0+ ...hlL.efgE
    1ed4:	4746 0000 3130 3332 3534 3736 3938 4241     FG..0123456789AB
    1ee4:	4443 4645 0000 0000 3130 3332 3534 3736     CDEF....01234567
    1ef4:	3938 6261 6463 6665 0000 0000               89abcdef....
