
CH32V203_Remote_Control.elf:     file format elf32-littleriscv
CH32V203_Remote_Control.elf
architecture: riscv:rv32, flags 0x00000112:
EXEC_P, HAS_SYMS, D_PAGED
start address 0x00000000

Program Header:
    LOAD off    0x00001000 vaddr 0x00000000 paddr 0x00000000 align 2**12
         filesz 0x0000c9c0 memsz 0x0000c9c0 flags r-x
    LOAD off    0x0000e000 vaddr 0x20000000 paddr 0x0000c9c0 align 2**12
         filesz 0x00000100 memsz 0x00002724 flags rw-
    LOAD off    0x0000e800 vaddr 0x20004800 paddr 0x20004800 align 2**12
         filesz 0x00000000 memsz 0x00000800 flags rw-

Sections:
Idx Name          Size      VMA       LMA       File off  Algn
  0 .init         00000038  00000000  00000000  00001000  2**1
                  CONTENTS, ALLOC, LOAD, READONLY, CODE
  1 .vector       00000108  00000038  00000038  00001038  2**1
                  CONTENTS, ALLOC, LOAD, READONLY, CODE
  2 .text         0000c880  00000140  00000140  00001140  2**2
                  CONTENTS, ALLOC, LOAD, READONLY, CODE
  3 .fini         00000000  0000c9c0  0000c9c0  0000e100  2**0
                  CONTENTS, ALLOC, LOAD, CODE
  4 .dalign       00000000  20000000  20000000  0000e100  2**0
                  CONTENTS
  5 .dlalign      00000000  0000c9c0  0000c9c0  0000e100  2**0
                  CONTENTS
  6 .data         00000100  20000000  0000c9c0  0000e000  2**2
                  CONTENTS, ALLOC, LOAD, DATA
  7 .bss          00002624  20000100  0000cac0  0000e100  2**2
                  ALLOC
  8 .stack        00000800  20004800  20004800  0000e800  2**0
                  ALLOC
  9 .debug_line   00018fcb  00000000  00000000  0000e100  2**0
                  CONTENTS, READONLY, DEBUGGING
 10 .debug_info   0001beda  00000000  00000000  000270cb  2**0
                  CONTENTS, READONLY, DEBUGGING
 11 .debug_abbrev 0000574e  00000000  00000000  00042fa5  2**0
                  CONTENTS, READONLY, DEBUGGING
 12 .debug_aranges 00001228  00000000  00000000  000486f8  2**3
                  CONTENTS, READONLY, DEBUGGING
 13 .debug_str    00005e66  00000000  00000000  00049920  2**0
                  CONTENTS, READONLY, DEBUGGING
 14 .debug_ranges 00000fb0  00000000  00000000  0004f788  2**3
                  CONTENTS, READONLY, DEBUGGING
 15 .comment      00000033  00000000  00000000  00050738  2**0
                  CONTENTS, READONLY
 16 .debug_frame  00004540  00000000  00000000  0005076c  2**2
                  CONTENTS, READONLY, DEBUGGING
SYMBOL TABLE:
00000000 l    d  .init	00000000 .init
00000038 l    d  .vector	00000000 .vector
00000140 l    d  .text	00000000 .text
0000c9c0 l    d  .fini	00000000 .fini
20000000 l    d  .dalign	00000000 .dalign
0000c9c0 l    d  .dlalign	00000000 .dlalign
20000000 l    d  .data	00000000 .data
20000100 l    d  .bss	00000000 .bss
20004800 l    d  .stack	00000000 .stack
00000000 l    d  .debug_line	00000000 .debug_line
00000000 l    d  .debug_info	00000000 .debug_info
00000000 l    d  .debug_abbrev	00000000 .debug_abbrev
00000000 l    d  .debug_aranges	00000000 .debug_aranges
00000000 l    d  .debug_str	00000000 .debug_str
00000000 l    d  .debug_ranges	00000000 .debug_ranges
00000000 l    d  .comment	00000000 .comment
00000000 l    d  .debug_frame	00000000 .debug_frame
00000000 l    df *ABS*	00000000 ./wch_sdk/Startup/startup_ch32v20x_D6.o
00000038 l       .vector	00000000 _vector_base
00000000 l    df *ABS*	00000000 ch32v20x_adc.c
00000000 l    df *ABS*	00000000 ch32v20x_dma.c
00000000 l    df *ABS*	00000000 ch32v20x_gpio.c
00000000 l    df *ABS*	00000000 ch32v20x_rcc.c
20000000 l     O .data	00000010 APBAHBPrescTable
200000f0 l     O .data	00000004 ADCPrescTable
00000000 l    df *ABS*	00000000 ch32v20x_usart.c
00000000 l    df *ABS*	00000000 ch32v20x_it.c
200000f4 l     O .data	00000004 curbrk.5455
00000000 l    df *ABS*	00000000 main.c
00000000 l    df *ABS*	00000000 system_ch32v20x.c
00001aa8 l     F .text	00000014 SetSysClock
00001abc l     F .text	000000c6 SetSysClockTo72_HSI
00000000 l    df *ABS*	00000000 lora3a22_config.c
000020e4 l     F .text	0000010c lora3a22_gpio_init
000021f0 l     F .text	000000fc lora3a22_self_test
000022ec l     F .text	00000156 lora3a22_restore_default
00000000 l    df *ABS*	00000000 lora3a22_control.c
20000101 l     O .bss	00000001 lora3a22_sleep_flag
20000104 l     O .bss	00000004 lora3a22_idle_count
20000108 l     O .bss	00000001 default_pair_channel
2000010c l     O .bss	00000004 td_lora3a22_send
20000110 l     O .bss	00000004 td_pair
20000114 l     O .bss	00000004 td_calibration
20000118 l     O .bss	00000004 lora3a22_mutex
00002950 l     F .text	00000086 limit
00000000 l    df *ABS*	00000000 zf_common_fifo.c
00003250 l     F .text	0000004e fifo_head_offset
0000329e l     F .text	0000004e fifo_end_offset
00000000 l    df *ABS*	00000000 clock.c
2000011c l     O .bss	00000004 rt_tick
00000000 l    df *ABS*	00000000 components.c
00003a96 l     F .text	00000010 rti_start
00003aa6 l     F .text	00000010 rti_board_start
00003ab6 l     F .text	00000010 rti_board_end
00003ac6 l     F .text	00000010 rti_end
00000000 l    df *ABS*	00000000 device.c
00000000 l    df *ABS*	00000000 idle.c
00003e8c l     F .text	00000044 rt_list_remove
200002c8 l     O .bss	00000090 idle
20000358 l     O .bss	00000200 rt_thread_stack
20000558 l     O .bss	00000010 idle_hook_list
00003ed0 l     F .text	0000002c _has_defunct_thread
00003fa8 l     F .text	0000004c rt_thread_idle_entry
00000000 l    df *ABS*	00000000 ipc.c
00004034 l     F .text	00000028 rt_list_init
0000405c l     F .text	00000042 rt_list_insert_before
0000409e l     F .text	00000028 rt_list_isempty
000040c6 l     F .text	00000024 rt_ipc_object_init
000040ea l     F .text	000000c0 rt_ipc_list_suspend
000041aa l     F .text	0000002c rt_ipc_list_resume
00000000 l    df *ABS*	00000000 irq.c
20000120 l     O .bss	00000004 rt_interrupt_enter_hook
20000124 l     O .bss	00000004 rt_interrupt_leave_hook
00000000 l    df *ABS*	00000000 kservice.c
2000012c l     O .bss	00000004 __rt_errno
20000130 l     O .bss	00000004 _console_device
000052f6 l     F .text	0000006a divide
00005360 l     F .text	00000056 skip_atoi
000053b6 l     F .text	0000026a print_number
0000c2cc l     O .text	00000011 large_digits.2583
0000c2e0 l     O .text	00000011 small_digits.2582
20000568 l     O .bss	00000080 rt_log_buf.2693
00000000 l    df *ABS*	00000000 mem.c
20000134 l     O .bss	00000004 rt_malloc_hook
20000138 l     O .bss	00000004 rt_free_hook
2000013c l     O .bss	00000004 heap_ptr
20000140 l     O .bss	00000004 heap_end
20000144 l     O .bss	00000004 lfree
200005e8 l     O .bss	00000028 heap_sem
20000148 l     O .bss	00000004 mem_size_aligned
2000014c l     O .bss	00000004 used_mem
20000150 l     O .bss	00000004 max_mem
00005d88 l     F .text	000000de plug_holes
00000000 l    df *ABS*	00000000 object.c
00006320 l     F .text	00000042 rt_list_insert_after
00006362 l     F .text	00000044 rt_list_remove
20000010 l     O .data	00000080 rt_object_container
20000154 l     O .bss	00000004 rt_object_attach_hook
20000158 l     O .bss	00000004 rt_object_detach_hook
00000000 l    df *ABS*	00000000 scheduler.c
00006632 l     F .text	00000028 rt_list_init
0000665a l     F .text	00000042 rt_list_insert_before
0000669c l     F .text	00000044 rt_list_remove
000066e0 l     F .text	00000028 rt_list_isempty
20000168 l     O .bss	00000002 rt_scheduler_lock_nest
20000180 l     O .bss	00000004 rt_scheduler_hook
00000000 l    df *ABS*	00000000 thread.c
000069c4 l     F .text	00000028 rt_list_init
000069ec l     F .text	00000042 rt_list_insert_after
00006a2e l     F .text	00000042 rt_list_insert_before
00006a70 l     F .text	00000044 rt_list_remove
20000184 l     O .bss	00000004 rt_thread_suspend_hook
20000188 l     O .bss	00000004 rt_thread_resume_hook
2000018c l     O .bss	00000004 rt_thread_inited_hook
00006b36 l     F .text	00000136 _rt_thread_init
00000000 l    df *ABS*	00000000 timer.c
00007160 l     F .text	00000028 rt_list_init
00007188 l     F .text	00000042 rt_list_insert_after
000071ca l     F .text	00000044 rt_list_remove
0000720e l     F .text	00000028 rt_list_isempty
20000190 l     O .bss	00000008 rt_timer_list
20000198 l     O .bss	00000004 rt_timer_enter_hook
2000019c l     O .bss	00000004 rt_timer_exit_hook
00007236 l     F .text	00000098 _rt_timer_init
000072ce l     F .text	00000044 _rt_timer_remove
200001a0 l     O .bss	00000004 random_nr.2483
00000000 l    df *ABS*	00000000 cpuport.c
00000000 l    df *ABS*	00000000 cmd.c
0000790e l     F .text	00000028 rt_list_isempty
00007936 l     F .text	00000046 rt_list_len
000079b8 l     F .text	0000009e object_name_maxlen
00007a56 l     F .text	00000030 object_split
00007a86 l     F .text	00000186 _list_thread
00007c36 l     F .text	0000006a show_wait_queue
00007ca0 l     F .text	0000010e _list_sem
00007dd8 l     F .text	000000fc _list_event
00007efe l     F .text	000000cc _list_mutex
00007ff4 l     F .text	0000012a _list_mailbox
00008148 l     F .text	0000010e _list_msgqueue
00008280 l     F .text	000000d4 _list_timer
0000837e l     F .text	000000da _list_device
00000000 l    df *ABS*	00000000 msh.c
00008590 l     F .text	0000022e msh_split
000087be l     F .text	00000098 msh_get_cmd
00008856 l     F .text	000000d4 _msh_exec_cmd
000089e4 l     F .text	00000068 str_common
00000000 l    df *ABS*	00000000 msh_cmd.c
00000000 l    df *ABS*	00000000 shell.c
20000690 l     O .bss	00000081 finsh_prompt.4315
00008bfa l     F .text	00000018 finsh_getchar
00008c12 l     F .text	00000026 finsh_rx_ind
00008d02 l     F .text	0000004a shell_auto_complete
00008d4c l     F .text	0000003e shell_handle_history
00008d8a l     F .text	000001da shell_push_history
00000000 l    df *ABS*	00000000 board.c
0000968a l     F .text	000000d6 _SysTick_Config
20000714 l     O .bss	00002000 rt_heap
00000000 l    df *ABS*	00000000 adc.c
00000000 l    df *ABS*	00000000 battery_manage.c
00009c0a l     F .text	00000018 get_battery_adc
00009c22 l     F .text	00000136 battery_thread
00000000 l    df *ABS*	00000000 joystick.c
00000000 l    df *ABS*	00000000 led.c
00000000 l    df *ABS*	00000000 power.c
200001dc l     O .bss	00000002 count.6152
00000000 l    df *ABS*	00000000 uart.c
00000000 l    df *ABS*	00000000 divsf3.c
00000000 l    df *ABS*	00000000 mulsf3.c
00000000 l    df *ABS*	00000000 fixunssfsi.c
00000000 l    df *ABS*	00000000 floatunsisf.c
00000000 l    df *ABS*	00000000 libgcc2.c
00000000 l    df *ABS*	00000000 memcmp.c
00000000 l    df *ABS*	00000000 memcpy.c
00000000 l    df *ABS*	00000000 rand.c
00000000 l    df *ABS*	00000000 strlen.c
00000000 l    df *ABS*	00000000 strncmp.c
00000000 l    df *ABS*	00000000 malloc.c
00000000 l    df *ABS*	00000000 nano-mallocr.c
00000000 l    df *ABS*	00000000 sbrkr.c
00000000 l    df *ABS*	00000000 mlock.c
00000000 l    df *ABS*	00000000 libgcc2.c
00000000 l    df *ABS*	00000000 impure.c
20000090 l     O .data	00000060 impure_data
00000000 l    df *ABS*	00000000 symbol.c
00000000 l    df *ABS*	00000000 reent.c
000003b0  w      .text	00000000 EXTI2_IRQHandler
00002dd6 g     F .text	00000284 pair_thread
00006192 g     F .text	00000052 rt_calloc
200001c4 g     O .bss	00000004 uart_mb
0000c8bc g     O .text	0000000c __fsym_list_thread
00003b52 g     F .text	00000016 entry
00007c0c g     F .text	0000002a list_thread
00008f64 g     F .text	0000062c finsh_thread_entry
0000660c g     F .text	00000026 rt_object_is_systemobject
00005172 g     F .text	0000008c rt_strncpy
000077ae g     F .text	000000a4 rt_hw_stack_init
00006f2a g     F .text	0000002c rt_thread_mdelay
00000b98 g     F .text	00000040 DMA_Cmd
0000892a g     F .text	000000ba msh_exec
0000c4c8 g     O .text	0000000d __fsym_list_mailbox_name
00006508 g     F .text	000000b2 rt_object_allocate
0000c1cc g     O .text	00000100 __lowest_bit_bitmap
2000027c g     O .bss	00000038 lora3a22_target
200008f0 g       .data	00000000 __global_pointer$
00006754 g     F .text	00000040 rt_system_scheduler_start
000003d6  w      .text	00000000 TIM1_CC_IRQHandler
200001a8 g     O .bss	00000004 rt_interrupt_to_thread
000033e6 g     F .text	000002dc fifo_write_buffer
000018b8 g     F .text	0000003a HardFault_Handler
0000b386 g     F .text	00000002 __malloc_unlock
0000062a g     F .text	0000003e ADC_DMACmd
0000c3d4 g     O .text	00000009 __fsym_list_sem_name
00003180 g     F .text	00000060 calibration_thread_create
000031e0 g     F .text	00000070 key_pair_calibration_init
0000a9c0 g     F .text	000002ae .hidden __divsf3
00003e6a g     F .text	00000022 rt_device_set_rx_indicate
000098ee g     F .text	0000006c SysTick_Handler
000006ba g     F .text	00000022 ADC_StartCalibration
000061e4 g     F .text	000000fa rt_free
200001a4 g     O .bss	00000004 rt_interrupt_from_thread
00005e66 g     F .text	00000104 rt_system_heap_init
000003a2  w      .text	00000000 PVD_IRQHandler
00003b68 g     F .text	0000001c main_thread_entry
0000c320 g     O .text	00000007 __fsym_reboot_name
00007688 g     F .text	000000dc rt_timer_check
0000685c g     F .text	0000007c rt_schedule_insert_thread
00007dae g     F .text	0000002a list_sem
00003c80 g     F .text	00000108 rt_device_open
0000184e g     F .text	0000006a NMI_Handler
000003b2  w      .text	00000000 EXTI3_IRQHandler
00008482 g     F .text	00000074 list
00002732 g     F .text	0000021e lora3a22_init
0000c2f4 g     O .text	00000009 __fsym_list_mem_name
200001bc g     O .bss	00000004 _sysvar_table_begin
0000c49c g     O .text	00000011 __fsym___cmd_list_mutex_name
0000c9c0 g       .text	00000000 __rtmsymtab_start
000095b6 g     F .text	00000026 finsh_system_var_init
000016c4 g     F .text	00000044 USART_GetFlagStatus
00003efc g     F .text	000000ac rt_thread_idle_excute
0000702c g     F .text	00000088 rt_thread_suspend
00005c40 g     F .text	000000ae rt_kprintf
20002720 g     O .bss	00000004 errno
00004f2c g     F .text	00000016 rt_interrupt_get_nest
20000100 g       .bss	00000000 _sbss
00000800 g       *ABS*	00000000 __stack_size
0000a39c g     F .text	00000092 led_thread_create
000036c2 g     F .text	00000292 fifo_read_buffer
00000af0 g     F .text	000000a8 DMA_Init
00007122 g     F .text	0000003e rt_thread_timeout
0000c37c g     O .text	0000000c __fsym___cmd_clear_name
00008b6a g     F .text	00000020 cmd_free
0000c934 g     O .text	0000000c __fsym_list_msgqueue
0000c434 g     O .text	00000015 __fsym_list_event_desc
0000c9ac g       .text	00000000 __rt_init_start
0000811e g     F .text	0000002a list_mailbox
20000244 g     O .bss	00000038 lora3a22_local
0000c9ac g       .text	00000000 __fsymtab_end
0000a5e4 g     F .text	00000108 uart1_init
0000c388 g     O .text	00000014 __fsym___cmd_clear_desc
200001b0 g     O .bss	00000004 shell
00001fca g     F .text	0000011a lora3a22_write_reg
0000b0b4 g     F .text	000000b2 memcpy
000005ec g     F .text	0000003e ADC_Cmd
000095dc g     F .text	000000ae finsh_system_init
00003b14 g     F .text	0000003e rt_components_init
000003ac  w      .text	00000000 EXTI0_IRQHandler
000003e2  w      .text	00000000 I2C2_EV_IRQHandler
00007312 g     F .text	00000052 rt_timer_init
0000c9c0 g       .text	00000000 __rt_init_end
00003ff4 g     F .text	00000040 rt_thread_idle_init
200000f8 g     O .data	00000004 SystemCoreClock
0000c904 g     O .text	0000000c __fsym_list_mutex
200001b8 g     O .bss	00000004 _syscall_table_end
0000b27a g     F .text	0000000a malloc
00006708 g     F .text	0000004c rt_system_scheduler_init
00003bf2 g     F .text	0000008e rt_device_find
00000140 g       .text	00000000 rt_hw_context_switch_to
00004a14 g     F .text	000000b4 rt_mb_create
00000038 g       .init	00000000 _einit
00003954 g     F .text	00000074 fifo_init
200001ac g     O .bss	00000004 rt_thread_switch_interrupt_flag
000011b6 g     F .text	00000046 RCC_APB2PeriphClockCmd
0000c9bc g     O .text	00000004 __rt_init_rti_end
000003c4  w      .text	00000000 ADC1_2_IRQHandler
200001d4 g     O .bss	00000004 led_event
00000bd8 g     F .text	00000260 GPIO_Init
0000c3fc g     O .text	0000000f __fsym___cmd_list_sem_name
00000ee2 g     F .text	00000046 RCC_ADCCLKConfig
0000039a  w      .text	00000000 Break_Point_Handler
0000c940 g     O .text	0000000c __fsym___cmd_list_msgqueue
0000c628 g     O .text	0000001a __fsym_list_desc
000030ba g     F .text	000000c6 calibration_thread
000003e6  w      .text	00000000 SPI1_IRQHandler
00006f56 g     F .text	000000d6 rt_thread_control
00000668 g     F .text	00000022 ADC_ResetCalibration
0000157c g     F .text	00000058 USART_Cmd
0000c620 g     O .text	00000005 __fsym_list_name
000078d4 g     F .text	0000003a rt_hw_context_switch_interrupt
0000c33c g     O .text	0000000d __fsym___cmd_reboot_name
0000b352 g     F .text	00000032 _sbrk_r
000003a4  w      .text	00000000 TAMPER_IRQHandler
00009ee4 g     F .text	000001da joystick_and_key_init
0000a588 g     F .text	0000005c power_thread_create
00009db8 g     F .text	00000036 battery_init
0000c3c8 g     O .text	0000000c __fsym___cmd_list_thread_desc
0000c360 g     O .text	00000006 __fsym_clear_name
00006d44 g     F .text	0000008c rt_thread_create
00006dd0 g     F .text	00000062 rt_thread_delete
0000c9c0 g       .text	00000000 __rtmsymtab_end
0000c580 g     O .text	0000000b __fsym_list_timer_name
00001802 g     F .text	0000004c USART_ClearITPendingBit
00006e32 g     F .text	00000088 rt_thread_yield
00003b84 g     F .text	0000003a rt_application_init
000011fc g     F .text	00000046 RCC_APB1PeriphClockCmd
00000396  w      .text	00000000 Ecall_M_Mode_Handler
00005f6a g     F .text	00000228 rt_malloc
20004800 g       .stack	00000000 _heap_end
0000431e g     F .text	0000007e rt_sem_release
0000c8d4 g     O .text	0000000c __fsym_list_sem
000046e4 g     F .text	00000056 rt_event_create
00009760  w    F .text	00000016 rt_heap_begin_get
0000c97c g     O .text	0000000c __fsym_list
00001170 g     F .text	00000046 RCC_AHBPeriphClockCmd
000003bc  w      .text	00000000 DMA1_Channel4_IRQHandler
00000750 g     F .text	00000248 ADC_RegularChannelConfig
00007852 g     F .text	00000020 sw_setpend
00001c40 g     F .text	00000028 lora3a22_target_callback
000018f2 g     F .text	00000072 _sbrk
0000c3b4 g     O .text	00000012 __fsym___cmd_list_thread_name
0000c898 g     O .text	0000000c __fsym___cmd_reboot
200001c8 g     O .bss	00000004 td_battery
0000c4d8 g     O .text	00000018 __fsym_list_mailbox_desc
00002442 g     F .text	0000006c lora3a22_set_group_addr
00007364 g     F .text	00000034 rt_timer_detach
0000a42e g     F .text	0000008e power_init
000084f6 g     F .text	00000010 msh_is_used
00001cfe g     F .text	000001a8 lora3a22_set_work_mode
0000995a g     F .text	000000ac USART3_IRQHandler
00003ad6 g     F .text	0000003e rt_components_board_init
0000c328 g     O .text	00000011 __fsym_reboot_desc
000003a6  w      .text	00000000 RTC_IRQHandler
000006dc g     F .text	00000030 ADC_GetCalibrationStatus
000052b0 g     F .text	00000046 rt_show_version
20002724 g       .bss	00000000 _ebss
00001708 g     F .text	000000fa USART_GetITStatus
00009590 g     F .text	00000026 finsh_system_function_init
0000c9ac g     O .text	00000004 __rt_init_rti_start
000003c2  w      .text	00000000 DMA1_Channel7_IRQHandler
0000473a g     F .text	00000140 rt_event_send
0000070c g     F .text	00000044 ADC_SoftwareStartConvCmd
0000978c g     F .text	000000b4 rt_hw_board_init
0000068a g     F .text	00000030 ADC_GetResetCalibrationStatus
0000c8b0 g     O .text	0000000c __fsym___cmd_clear
000003ca  w      .text	00000000 CAN1_RX1_IRQHandler
000070b4 g     F .text	0000006e rt_thread_resume
00003bbe g     F .text	00000034 rtthread_startup
0000c51c g     O .text	0000000e __fsym_list_msgqueue_name
00009d58 g     F .text	00000060 battery_thread_create
000075f4 g     F .text	00000094 rt_timer_control
000063a6 g     F .text	0000005c rt_object_get_information
20000610 g     O .bss	00000080 rt_thread_priority_table
000003dc  w      .text	00000000 TIM4_IRQHandler
0000799a g     F .text	0000001e clear
20000164 g     O .bss	00000004 rt_object_put_hook
00000e8e g     F .text	00000054 GPIO_WriteBit
00006ab4 g     F .text	00000082 rt_thread_exit
0000c460 g     O .text	00000015 __fsym___cmd_list_event_desc
000050aa g     F .text	000000c8 rt_memmove
0000797c g     F .text	0000001e reboot
000003de  w      .text	00000000 I2C1_EV_IRQHandler
00002d24 g     F .text	00000082 lora3a22_send_thread_create
0000c928 g     O .text	0000000c __fsym___cmd_list_mailbox
00002570 g     F .text	000001c2 lora3a22_pair
000003f6  w      .text	00000000 USBHD_IRQHandler
00000f28 g     F .text	00000248 RCC_GetClocksFreq
000003c0  w      .text	00000000 DMA1_Channel6_IRQHandler
0000b022 g     F .text	0000006e .hidden __clzsi2
00008256 g     F .text	0000002a list_msgqueue
00001c68 g     F .text	00000096 UART4_IRQHandler
00001366 g     F .text	00000216 USART_Init
0000305a g     F .text	00000060 pair_thread_create
000003da  w      .text	00000000 TIM3_IRQHandler
000003aa  w      .text	00000000 RCC_IRQHandler
00005274 g     F .text	0000003c rt_strlen
00009a06 g     F .text	00000204 adc_dma_init
000003d4  w      .text	00000000 TIM1_TRG_COM_IRQHandler
0000c88c g     O .text	0000000c __fsym_reboot
200002b4 g     O .bss	00000012 lora3a22_transfer
0000c988 g     O .text	0000000c __fsym___cmd_help
000003b6  w      .text	00000000 DMA1_Channel1_IRQHandler
20000170 g     O .bss	00000001 rt_current_priority
0000c958 g     O .text	0000000c __fsym___cmd_list_timer
00000000 g       .init	00000000 _start
0000c504 g     O .text	00000018 __fsym___cmd_list_mailbox_desc
0000439c g     F .text	00000070 rt_mutex_create
0000b1bc g     F .text	00000084 rand
00007ed4 g     F .text	0000002a list_event
000003f0  w      .text	00000000 EXTI15_10_IRQHandler
0000b252 g     F .text	00000028 strncmp
00002da6 g     F .text	00000030 set_pair_channel
000015d4 g     F .text	000000c4 USART_ITConfig
0000c608 g     O .text	00000016 __fsym___cmd_list_device_desc
0000c964 g     O .text	0000000c __fsym_list_device
0000c910 g     O .text	0000000c __fsym___cmd_list_mutex
0000a4bc g     F .text	000000aa power_thread
000003fc  w      .text	00000000 DMA1_Channel8_IRQHandler
0000c644 g     O .text	0000000b __fsym___cmd_help_name
000039da g     F .text	00000052 rt_tick_increase
000062de g     F .text	00000042 list_mem
0000c674 g     O .text	0000001b __fsym___cmd_ps_desc
0000c484 g     O .text	00000015 __fsym_list_mutex_desc
00007596 g     F .text	0000005e rt_timer_stop
0000c69c g     O .text	00000024 __fsym___cmd_free_desc
20000000 g       .dalign	00000000 _data_vma
00005620 g     F .text	0000060e rt_vsnprintf
0000c8c8 g     O .text	0000000c __fsym___cmd_list_thread
0000a566 g     F .text	00000022 poweroff
0000b090 g     F .text	00000024 memcmp
20000100 g     O .bss	00000001 MCU_Version
000003ce  w      .text	00000000 EXTI9_5_IRQHandler
0000c368 g     O .text	00000014 __fsym_clear_desc
00007872 g     F .text	00000024 sw_clearpend
00003a2c g     F .text	0000006a rt_tick_from_millisecond
200001b4 g     O .bss	00000004 _syscall_table_begin
00009776  w    F .text	00000016 rt_heap_end_get
00008b8a g     F .text	00000070 finsh_get_prompt
000012ce g     F .text	00000098 USART_DeInit
0000b384 g     F .text	00000002 __malloc_lock
00005cee g     F .text	0000009a __rt_ffs
000003e8  w      .text	00000000 SPI2_IRQHandler
00008a4c g     F .text	000000fe msh_auto_complete
200001c0 g     O .bss	00000004 _sysvar_table_end
0000693a g     F .text	00000036 rt_enter_critical
00006eba g     F .text	00000070 rt_thread_sleep
000002ea g     F .text	000000a8 memset
00001ea6 g     F .text	00000124 lora3a22_write_regs
00001964 g     F .text	000000c8 main
00001b82 g     F .text	00000028 lora3a22_local_callback
00004ac8 g     F .text	000001ca rt_mb_send_wait
0000c650 g     O .text	00000015 __fsym___cmd_help_desc
0000b166 g     F .text	00000056 srand
00004eec g     F .text	00000040 rt_interrupt_leave
0000c5a4 g     O .text	00000011 __fsym___cmd_list_timer_name
000077a0 g     F .text	0000000e rt_system_timer_thread_init
00006c6c g     F .text	0000006a rt_thread_init
0000b284 g     F .text	000000ce _malloc_r
0000c5b8 g     O .text	00000015 __fsym___cmd_list_timer_desc
000098c2 g     F .text	0000002c rt_hw_console_getchar
0000c9ac g       .text	00000000 __vsymtab_start
00004c92 g     F .text	0000002a rt_mb_send
000003be  w      .text	00000000 DMA1_Channel5_IRQHandler
0000487a g     F .text	0000019a rt_event_recv
000003b4  w      .text	00000000 EXTI4_IRQHandler
0000a248 g     F .text	00000154 led_thread
0000c40c g     O .text	00000019 __fsym___cmd_list_sem_desc
20000128 g     O .bss	00000001 rt_interrupt_nest
000003c8  w      .text	00000000 USB_LP_CAN1_RX0_IRQHandler
0000c4b0 g     O .text	00000015 __fsym___cmd_list_mutex_desc
0000c34c g     O .text	00000011 __fsym___cmd_reboot_desc
00009840 g     F .text	00000082 rt_hw_console_output
0000ac6e g     F .text	00000290 .hidden __mulsf3
20000160 g     O .bss	00000004 rt_object_take_hook
00008354 g     F .text	0000002a list_timer
0000c560 g     O .text	0000001d __fsym___cmd_list_msgqueue_desc
00001a2c g     F .text	0000007c SystemInit
0000c690 g     O .text	0000000b __fsym___cmd_free_name
00007896 g     F .text	00000024 rt_hw_interrupt_disable
0000440c g     F .text	00000190 rt_mutex_take
00006ce8 g     F .text	0000005c rt_thread_startup
2000016c g     O .bss	00000004 rt_current_thread
00005c2e g     F .text	00000012 rt_console_get_device
000003c6  w      .text	00000000 USB_HP_CAN1_TX_IRQHandler
0000c780 g     O .text	00000100 .hidden __clz_tab
00000000 g       .init	00000000 _sinit
0000c478 g     O .text	0000000b __fsym_list_mutex_name
000003f8  w      .text	00000000 USBHDWakeUp_IRQHandler
20002714 g     O .bss	0000000a g_adc_reg_value
000003ba  w      .text	00000000 DMA1_Channel3_IRQHandler
20000174 g     O .bss	00000004 rt_thread_ready_priority_group
200001cc g     O .bss	00000008 g_adc_calibration_value
0000c9a0 g     O .text	0000000c __fsym___cmd_free
200000fc g     O .data	00000004 _impure_ptr
000003d2  w      .text	00000000 TIM1_UP_IRQHandler
0000c4f0 g     O .text	00000013 __fsym___cmd_list_mailbox_name
0000c5f4 g     O .text	00000012 __fsym___cmd_list_device_name
20000178 g     O .bss	00000008 rt_thread_defunct
00004cbc g     F .text	000001f0 rt_mb_recv
0000c9b4 g     O .text	00000004 __rt_init_rti_board_end
000003a0  w      .text	00000000 WWDG_IRQHandler
000041d6 g     F .text	0000005a rt_sem_init
000001b6 g       .text	00000000 rt_hw_context_switch_exit
00004f8a g     F .text	00000120 rt_memset
00008458 g     F .text	0000002a list_device
00001288 g     F .text	00000046 RCC_APB1PeriphResetCmd
0000a6ec g     F .text	00000138 uart3_init
0000c91c g     O .text	0000000c __fsym_list_mailbox
00000398  w      .text	00000000 Ecall_U_Mode_Handler
000051fe g     F .text	00000076 rt_strncmp
0000c8f8 g     O .text	0000000c __fsym___cmd_list_event
0000c9ac g       .text	00000000 __vsymtab_end
0000c668 g     O .text	00000009 __fsym___cmd_ps_name
0000c94c g     O .text	0000000c __fsym_list_timer
000003d8  w      .text	00000000 TIM2_IRQHandler
0000a0be g     F .text	0000018a led_init
20005000 g       .stack	00000000 _eusrstack
000064be g     F .text	0000004a rt_object_detach
00000210 g       .text	00000000 SW_Handler
20000228 g     O .bss	0000001c lora3a22_uart_fifo
0000048c g     F .text	00000060 ADC_DeInit
00004f42 g     F .text	00000048 rt_set_errno
00007764 g     F .text	0000003c rt_system_timer_init
000068d8 g     F .text	00000062 rt_schedule_remove_thread
000003d0  w      .text	00000000 TIM1_BRK_IRQHandler
000004ec g     F .text	00000100 ADC_Init
00001698 g     F .text	0000002c USART_SendData
00004eac g     F .text	00000040 rt_interrupt_enter
000003ae  w      .text	00000000 EXTI1_IRQHandler
00009dee g     F .text	000000f6 joystick_calibration
000078ba g     F .text	0000001a rt_hw_interrupt_enable
0000c880 g     O .text	0000000c __fsym_list_mem
20000100 g       .data	00000000 _edata
0000c970 g     O .text	0000000c __fsym___cmd_list_device
20002724 g       .bss	00000000 _end
0000c54c g     O .text	00000014 __fsym___cmd_list_msgqueue_name
00006970 g     F .text	00000054 rt_exit_critical
000003f2  w      .text	00000000 RTCAlarm_IRQHandler
00007fca g     F .text	0000002a list_mutex
00008b4a g     F .text	00000020 cmd_ps
0000c9c0 g       .dlalign	00000000 _data_lma
00008c38 g     F .text	000000ca finsh_set_device
000003ec  w      .text	00000000 USART2_IRQHandler
00003d88 g     F .text	00000080 rt_device_close
00006cd6 g     F .text	00000012 rt_thread_self
200001d8 g     O .bss	00000004 td_led
0000c9b8 g     O .text	00000004 __rt_init_finsh_system_init
0000c5dc g     O .text	00000016 __fsym_list_device_desc
0000af54 g     F .text	000000ce .hidden __floatunsisf
000032ec g     F .text	000000d8 fifo_clear
0000c3a8 g     O .text	0000000c __fsym_list_thread_desc
0000a824 g     F .text	00000116 uart4_init
000003e4  w      .text	00000000 I2C2_ER_IRQHandler
000003b8  w      .text	00000000 DMA1_Channel2_IRQHandler
0000459c g     F .text	00000148 rt_mutex_release
000065ba g     F .text	00000052 rt_object_delete
000039c8 g     F .text	00000012 rt_tick_get
000029d6 g     F .text	0000034e lora3a22_send_thread
0000c428 g     O .text	0000000b __fsym_list_event_name
000003fe  w      .text	00000000 handle_reset
000003cc  w      .text	00000000 CAN1_SCE_IRQHandler
0000aefe g     F .text	00000056 .hidden __fixunssfsi
0000c8ec g     O .text	0000000c __fsym_list_event
2000015c g     O .bss	00000004 rt_object_trytake_hook
000003a8  w      .text	00000000 FLASH_IRQHandler
0000c44c g     O .text	00000011 __fsym___cmd_list_event_name
200001e8 g     O .bss	00000040 lora3a22_uart_buff
0000c300 g     O .text	0000001e __fsym_list_mem_desc
00004230 g     F .text	000000ee rt_sem_take
00001baa g     F .text	00000096 USART1_IRQHandler
0000c8e0 g     O .text	0000000c __fsym___cmd_list_sem
0000a97a g     F .text	00000046 uart_write_buffer
0000b240 g     F .text	00000012 strlen
0000c58c g     O .text	00000015 __fsym_list_timer_desc
000033c4 g     F .text	00000022 fifo_used
000024ae g     F .text	000000c2 lora3a22_send_dat
200001e4 g     O .bss	00000004 __malloc_sbrk_start
00001242 g     F .text	00000046 RCC_APB2PeriphResetCmd
000003e0  w      .text	00000000 I2C1_ER_IRQHandler
00000998 g     F .text	00000158 DMA_DeInit
0000c9b0 g     O .text	00000004 __rt_init_rti_board_start
00003e08 g     F .text	00000062 rt_device_write
200001e0 g     O .bss	00000004 __malloc_free_list
0000c39c g     O .text	0000000c __fsym_list_thread_name
0000c880 g       .text	00000000 __fsymtab_start
0000c8a4 g     O .text	0000000c __fsym_clear
00006794 g     F .text	000000c8 rt_schedule
00006402 g     F .text	000000bc rt_object_init
0000c994 g     O .text	0000000c __fsym___cmd_ps
00000e38 g     F .text	00000056 GPIO_ReadInputDataBit
00007398 g     F .text	000001fe rt_timer_start
00008506 g     F .text	0000008a msh_help
000003f4  w      .text	00000000 USBWakeUp_IRQHandler
0000015c g       .text	00000000 rt_hw_context_switch
0000c5d0 g     O .text	0000000c __fsym_list_device_name
0000c52c g     O .text	0000001d __fsym_list_msgqueue_desc
0000a93a g     F .text	00000040 uart_write_byte
0000c3e0 g     O .text	00000019 __fsym_list_sem_desc



Disassembly of section .init:

00000000 <_sinit>:
   0:	3fe0006f          	j	3fe <handle_reset>
   4:	00000013          	nop
   8:	00000013          	nop
   c:	00000013          	nop
  10:	00000013          	nop
  14:	00000013          	nop
  18:	00000013          	nop
  1c:	00000013          	nop
  20:	00000013          	nop
  24:	00000013          	nop
  28:	00000013          	nop
  2c:	00000013          	nop
  30:	00000013          	nop
  34:	00100073          	ebreak

Disassembly of section .vector:

00000038 <_vector_base>:
	...
  40:	184e                	slli	a6,a6,0x33
  42:	0000                	unimp
  44:	18b8                	addi	a4,sp,120
  46:	0000                	unimp
  48:	0000                	unimp
  4a:	0000                	unimp
  4c:	0396                	slli	t2,t2,0x5
	...
  56:	0000                	unimp
  58:	0398                	addi	a4,sp,448
  5a:	0000                	unimp
  5c:	039a                	slli	t2,t2,0x6
	...
  66:	0000                	unimp
  68:	98ee                	add	a7,a7,s11
  6a:	0000                	unimp
  6c:	0000                	unimp
  6e:	0000                	unimp
  70:	0210                	addi	a2,sp,256
  72:	0000                	unimp
  74:	0000                	unimp
  76:	0000                	unimp
  78:	03a0                	addi	s0,sp,456
  7a:	0000                	unimp
  7c:	03a2                	slli	t2,t2,0x8
  7e:	0000                	unimp
  80:	03a4                	addi	s1,sp,456
  82:	0000                	unimp
  84:	03a6                	slli	t2,t2,0x9
  86:	0000                	unimp
  88:	03a8                	addi	a0,sp,456
  8a:	0000                	unimp
  8c:	03aa                	slli	t2,t2,0xa
  8e:	0000                	unimp
  90:	03ac                	addi	a1,sp,456
  92:	0000                	unimp
  94:	03ae                	slli	t2,t2,0xb
  96:	0000                	unimp
  98:	03b0                	addi	a2,sp,456
  9a:	0000                	unimp
  9c:	03b2                	slli	t2,t2,0xc
  9e:	0000                	unimp
  a0:	03b4                	addi	a3,sp,456
  a2:	0000                	unimp
  a4:	03b6                	slli	t2,t2,0xd
  a6:	0000                	unimp
  a8:	03b8                	addi	a4,sp,456
  aa:	0000                	unimp
  ac:	03ba                	slli	t2,t2,0xe
  ae:	0000                	unimp
  b0:	03bc                	addi	a5,sp,456
  b2:	0000                	unimp
  b4:	03be                	slli	t2,t2,0xf
  b6:	0000                	unimp
  b8:	03c0                	addi	s0,sp,452
  ba:	0000                	unimp
  bc:	03c2                	slli	t2,t2,0x10
  be:	0000                	unimp
  c0:	03c4                	addi	s1,sp,452
  c2:	0000                	unimp
  c4:	03c6                	slli	t2,t2,0x11
  c6:	0000                	unimp
  c8:	03c8                	addi	a0,sp,452
  ca:	0000                	unimp
  cc:	03ca                	slli	t2,t2,0x12
  ce:	0000                	unimp
  d0:	03cc                	addi	a1,sp,452
  d2:	0000                	unimp
  d4:	03ce                	slli	t2,t2,0x13
  d6:	0000                	unimp
  d8:	03d0                	addi	a2,sp,452
  da:	0000                	unimp
  dc:	03d2                	slli	t2,t2,0x14
  de:	0000                	unimp
  e0:	03d4                	addi	a3,sp,452
  e2:	0000                	unimp
  e4:	03d6                	slli	t2,t2,0x15
  e6:	0000                	unimp
  e8:	03d8                	addi	a4,sp,452
  ea:	0000                	unimp
  ec:	03da                	slli	t2,t2,0x16
  ee:	0000                	unimp
  f0:	03dc                	addi	a5,sp,452
  f2:	0000                	unimp
  f4:	03de                	slli	t2,t2,0x17
  f6:	0000                	unimp
  f8:	03e0                	addi	s0,sp,460
  fa:	0000                	unimp
  fc:	03e2                	slli	t2,t2,0x18
  fe:	0000                	unimp
 100:	03e4                	addi	s1,sp,460
 102:	0000                	unimp
 104:	03e6                	slli	t2,t2,0x19
 106:	0000                	unimp
 108:	03e8                	addi	a0,sp,460
 10a:	0000                	unimp
 10c:	1baa                	slli	s7,s7,0x2a
 10e:	0000                	unimp
 110:	03ec                	addi	a1,sp,460
 112:	0000                	unimp
 114:	995a                	add	s2,s2,s6
 116:	0000                	unimp
 118:	03f0                	addi	a2,sp,460
 11a:	0000                	unimp
 11c:	03f2                	slli	t2,t2,0x1c
 11e:	0000                	unimp
 120:	03f4                	addi	a3,sp,460
 122:	0000                	unimp
 124:	03f6                	slli	t2,t2,0x1d
 126:	0000                	unimp
 128:	03f8                	addi	a4,sp,460
 12a:	0000                	unimp
 12c:	1c68                	addi	a0,sp,572
 12e:	0000                	unimp
 130:	03fc                	addi	a5,sp,460
	...

Disassembly of section .text:

00000140 <rt_hw_context_switch_to>:
     140:	20005297          	auipc	t0,0x20005
     144:	ec028293          	addi	t0,t0,-320 # 20005000 <_eusrstack>
     148:	e0028293          	addi	t0,t0,-512
     14c:	34029073          	csrw	mscratch,t0
     150:	00052103          	lw	sp,0(a0)
     154:	4522                	lw	a0,8(sp)
     156:	30051073          	csrw	mstatus,a0
     15a:	a8b1                	j	1b6 <rt_hw_context_switch_exit>

0000015c <rt_hw_context_switch>:
     15c:	7119                	addi	sp,sp,-128
     15e:	00252023          	sw	sp,0(a0)
     162:	c006                	sw	ra,0(sp)
     164:	c206                	sw	ra,4(sp)
     166:	ca16                	sw	t0,20(sp)
     168:	300022f3          	csrr	t0,mstatus
     16c:	0082f293          	andi	t0,t0,8
     170:	00028463          	beqz	t0,178 <rt_hw_context_switch+0x1c>
     174:	08000293          	li	t0,128
     178:	c416                	sw	t0,8(sp)
     17a:	c812                	sw	tp,16(sp)
     17c:	cc1a                	sw	t1,24(sp)
     17e:	ce1e                	sw	t2,28(sp)
     180:	d022                	sw	s0,32(sp)
     182:	d226                	sw	s1,36(sp)
     184:	d42a                	sw	a0,40(sp)
     186:	d62e                	sw	a1,44(sp)
     188:	d832                	sw	a2,48(sp)
     18a:	da36                	sw	a3,52(sp)
     18c:	dc3a                	sw	a4,56(sp)
     18e:	de3e                	sw	a5,60(sp)
     190:	c0c2                	sw	a6,64(sp)
     192:	c2c6                	sw	a7,68(sp)
     194:	c4ca                	sw	s2,72(sp)
     196:	c6ce                	sw	s3,76(sp)
     198:	c8d2                	sw	s4,80(sp)
     19a:	cad6                	sw	s5,84(sp)
     19c:	ccda                	sw	s6,88(sp)
     19e:	cede                	sw	s7,92(sp)
     1a0:	d0e2                	sw	s8,96(sp)
     1a2:	d2e6                	sw	s9,100(sp)
     1a4:	d4ea                	sw	s10,104(sp)
     1a6:	d6ee                	sw	s11,108(sp)
     1a8:	d8f2                	sw	t3,112(sp)
     1aa:	daf6                	sw	t4,116(sp)
     1ac:	dcfa                	sw	t5,120(sp)
     1ae:	defe                	sw	t6,124(sp)
     1b0:	0005a103          	lw	sp,0(a1)
     1b4:	a009                	j	1b6 <rt_hw_context_switch_exit>

000001b6 <rt_hw_context_switch_exit>:
     1b6:	4502                	lw	a0,0(sp)
     1b8:	34151073          	csrw	mepc,a0
     1bc:	4092                	lw	ra,4(sp)
     1be:	00002537          	lui	a0,0x2
     1c2:	80050513          	addi	a0,a0,-2048 # 1800 <USART_GetITStatus+0xf8>
     1c6:	30052073          	csrs	mstatus,a0
     1ca:	4522                	lw	a0,8(sp)
     1cc:	30052073          	csrs	mstatus,a0
     1d0:	4242                	lw	tp,16(sp)
     1d2:	42d2                	lw	t0,20(sp)
     1d4:	4362                	lw	t1,24(sp)
     1d6:	43f2                	lw	t2,28(sp)
     1d8:	5402                	lw	s0,32(sp)
     1da:	5492                	lw	s1,36(sp)
     1dc:	5522                	lw	a0,40(sp)
     1de:	55b2                	lw	a1,44(sp)
     1e0:	5642                	lw	a2,48(sp)
     1e2:	56d2                	lw	a3,52(sp)
     1e4:	5762                	lw	a4,56(sp)
     1e6:	57f2                	lw	a5,60(sp)
     1e8:	4806                	lw	a6,64(sp)
     1ea:	4896                	lw	a7,68(sp)
     1ec:	4926                	lw	s2,72(sp)
     1ee:	49b6                	lw	s3,76(sp)
     1f0:	4a46                	lw	s4,80(sp)
     1f2:	4ad6                	lw	s5,84(sp)
     1f4:	4b66                	lw	s6,88(sp)
     1f6:	4bf6                	lw	s7,92(sp)
     1f8:	5c06                	lw	s8,96(sp)
     1fa:	5c96                	lw	s9,100(sp)
     1fc:	5d26                	lw	s10,104(sp)
     1fe:	5db6                	lw	s11,108(sp)
     200:	5e46                	lw	t3,112(sp)
     202:	5ed6                	lw	t4,116(sp)
     204:	5f66                	lw	t5,120(sp)
     206:	5ff6                	lw	t6,124(sp)
     208:	6109                	addi	sp,sp,128
     20a:	30200073          	mret
	...

00000210 <SW_Handler>:
     210:	7119                	addi	sp,sp,-128
     212:	ca16                	sw	t0,20(sp)
     214:	08000293          	li	t0,128
     218:	c416                	sw	t0,8(sp)
     21a:	c206                	sw	ra,4(sp)
     21c:	c812                	sw	tp,16(sp)
     21e:	cc1a                	sw	t1,24(sp)
     220:	ce1e                	sw	t2,28(sp)
     222:	d022                	sw	s0,32(sp)
     224:	d226                	sw	s1,36(sp)
     226:	d42a                	sw	a0,40(sp)
     228:	d62e                	sw	a1,44(sp)
     22a:	d832                	sw	a2,48(sp)
     22c:	da36                	sw	a3,52(sp)
     22e:	dc3a                	sw	a4,56(sp)
     230:	de3e                	sw	a5,60(sp)
     232:	c0c2                	sw	a6,64(sp)
     234:	c2c6                	sw	a7,68(sp)
     236:	c4ca                	sw	s2,72(sp)
     238:	c6ce                	sw	s3,76(sp)
     23a:	c8d2                	sw	s4,80(sp)
     23c:	cad6                	sw	s5,84(sp)
     23e:	ccda                	sw	s6,88(sp)
     240:	cede                	sw	s7,92(sp)
     242:	d0e2                	sw	s8,96(sp)
     244:	d2e6                	sw	s9,100(sp)
     246:	d4ea                	sw	s10,104(sp)
     248:	d6ee                	sw	s11,108(sp)
     24a:	d8f2                	sw	t3,112(sp)
     24c:	daf6                	sw	t4,116(sp)
     24e:	dcfa                	sw	t5,120(sp)
     250:	defe                	sw	t6,124(sp)
     252:	34011173          	csrrw	sp,mscratch,sp
     256:	457040ef          	jal	ra,4eac <rt_interrupt_enter>
     25a:	618070ef          	jal	ra,7872 <sw_clearpend>
     25e:	48f040ef          	jal	ra,4eec <rt_interrupt_leave>
     262:	34011173          	csrrw	sp,mscratch,sp
     266:	8bc18413          	addi	s0,gp,-1860 # 200001ac <rt_thread_switch_interrupt_flag>
     26a:	00042903          	lw	s2,0(s0)
     26e:	02090463          	beqz	s2,296 <SW_Handler+0x86>
     272:	00042023          	sw	zero,0(s0)
     276:	34102573          	csrr	a0,mepc
     27a:	c02a                	sw	a0,0(sp)
     27c:	8b418413          	addi	s0,gp,-1868 # 200001a4 <rt_interrupt_from_thread>
     280:	4004                	lw	s1,0(s0)
     282:	0024a023          	sw	sp,0(s1)
     286:	8b818413          	addi	s0,gp,-1864 # 200001a8 <rt_interrupt_to_thread>
     28a:	4004                	lw	s1,0(s0)
     28c:	0004a103          	lw	sp,0(s1)
     290:	4502                	lw	a0,0(sp)
     292:	34151073          	csrw	mepc,a0
     296:	4092                	lw	ra,4(sp)
     298:	000022b7          	lui	t0,0x2
     29c:	80028293          	addi	t0,t0,-2048 # 1800 <USART_GetITStatus+0xf8>
     2a0:	3002a073          	csrs	mstatus,t0
     2a4:	42a2                	lw	t0,8(sp)
     2a6:	3002a073          	csrs	mstatus,t0
     2aa:	4242                	lw	tp,16(sp)
     2ac:	42d2                	lw	t0,20(sp)
     2ae:	4362                	lw	t1,24(sp)
     2b0:	43f2                	lw	t2,28(sp)
     2b2:	5402                	lw	s0,32(sp)
     2b4:	5492                	lw	s1,36(sp)
     2b6:	5522                	lw	a0,40(sp)
     2b8:	55b2                	lw	a1,44(sp)
     2ba:	5642                	lw	a2,48(sp)
     2bc:	56d2                	lw	a3,52(sp)
     2be:	5762                	lw	a4,56(sp)
     2c0:	57f2                	lw	a5,60(sp)
     2c2:	4806                	lw	a6,64(sp)
     2c4:	4896                	lw	a7,68(sp)
     2c6:	4926                	lw	s2,72(sp)
     2c8:	49b6                	lw	s3,76(sp)
     2ca:	4a46                	lw	s4,80(sp)
     2cc:	4ad6                	lw	s5,84(sp)
     2ce:	4b66                	lw	s6,88(sp)
     2d0:	4bf6                	lw	s7,92(sp)
     2d2:	5c06                	lw	s8,96(sp)
     2d4:	5c96                	lw	s9,100(sp)
     2d6:	5d26                	lw	s10,104(sp)
     2d8:	5db6                	lw	s11,108(sp)
     2da:	5e46                	lw	t3,112(sp)
     2dc:	5ed6                	lw	t4,116(sp)
     2de:	5f66                	lw	t5,120(sp)
     2e0:	5ff6                	lw	t6,124(sp)
     2e2:	6109                	addi	sp,sp,128
     2e4:	30200073          	mret
	...

000002ea <memset>:
     2ea:	433d                	li	t1,15
     2ec:	872a                	mv	a4,a0
     2ee:	02c37363          	bgeu	t1,a2,314 <memset+0x2a>
     2f2:	00f77793          	andi	a5,a4,15
     2f6:	efbd                	bnez	a5,374 <memset+0x8a>
     2f8:	e5ad                	bnez	a1,362 <memset+0x78>
     2fa:	ff067693          	andi	a3,a2,-16
     2fe:	8a3d                	andi	a2,a2,15
     300:	96ba                	add	a3,a3,a4
     302:	c30c                	sw	a1,0(a4)
     304:	c34c                	sw	a1,4(a4)
     306:	c70c                	sw	a1,8(a4)
     308:	c74c                	sw	a1,12(a4)
     30a:	0741                	addi	a4,a4,16
     30c:	fed76be3          	bltu	a4,a3,302 <memset+0x18>
     310:	e211                	bnez	a2,314 <memset+0x2a>
     312:	8082                	ret
     314:	40c306b3          	sub	a3,t1,a2
     318:	068a                	slli	a3,a3,0x2
     31a:	00000297          	auipc	t0,0x0
     31e:	9696                	add	a3,a3,t0
     320:	00a68067          	jr	10(a3)
     324:	00b70723          	sb	a1,14(a4)
     328:	00b706a3          	sb	a1,13(a4)
     32c:	00b70623          	sb	a1,12(a4)
     330:	00b705a3          	sb	a1,11(a4)
     334:	00b70523          	sb	a1,10(a4)
     338:	00b704a3          	sb	a1,9(a4)
     33c:	00b70423          	sb	a1,8(a4)
     340:	00b703a3          	sb	a1,7(a4)
     344:	00b70323          	sb	a1,6(a4)
     348:	00b702a3          	sb	a1,5(a4)
     34c:	00b70223          	sb	a1,4(a4)
     350:	00b701a3          	sb	a1,3(a4)
     354:	00b70123          	sb	a1,2(a4)
     358:	00b700a3          	sb	a1,1(a4)
     35c:	00b70023          	sb	a1,0(a4)
     360:	8082                	ret
     362:	0ff5f593          	andi	a1,a1,255
     366:	00859693          	slli	a3,a1,0x8
     36a:	8dd5                	or	a1,a1,a3
     36c:	01059693          	slli	a3,a1,0x10
     370:	8dd5                	or	a1,a1,a3
     372:	b761                	j	2fa <memset+0x10>
     374:	00279693          	slli	a3,a5,0x2
     378:	00000297          	auipc	t0,0x0
     37c:	9696                	add	a3,a3,t0
     37e:	8286                	mv	t0,ra
     380:	fa8680e7          	jalr	-88(a3)
     384:	8096                	mv	ra,t0
     386:	17c1                	addi	a5,a5,-16
     388:	8f1d                	sub	a4,a4,a5
     38a:	963e                	add	a2,a2,a5
     38c:	f8c374e3          	bgeu	t1,a2,314 <memset+0x2a>
     390:	b7a5                	j	2f8 <memset+0xe>
     392:	a001                	j	392 <memset+0xa8>
     394:	a001                	j	394 <memset+0xaa>

00000396 <Ecall_M_Mode_Handler>:
     396:	a001                	j	396 <Ecall_M_Mode_Handler>

00000398 <Ecall_U_Mode_Handler>:
     398:	a001                	j	398 <Ecall_U_Mode_Handler>

0000039a <Break_Point_Handler>:
     39a:	a001                	j	39a <Break_Point_Handler>
     39c:	a001                	j	39c <Break_Point_Handler+0x2>
     39e:	a001                	j	39e <Break_Point_Handler+0x4>

000003a0 <WWDG_IRQHandler>:
     3a0:	a001                	j	3a0 <WWDG_IRQHandler>

000003a2 <PVD_IRQHandler>:
     3a2:	a001                	j	3a2 <PVD_IRQHandler>

000003a4 <TAMPER_IRQHandler>:
     3a4:	a001                	j	3a4 <TAMPER_IRQHandler>

000003a6 <RTC_IRQHandler>:
     3a6:	a001                	j	3a6 <RTC_IRQHandler>

000003a8 <FLASH_IRQHandler>:
     3a8:	a001                	j	3a8 <FLASH_IRQHandler>

000003aa <RCC_IRQHandler>:
     3aa:	a001                	j	3aa <RCC_IRQHandler>

000003ac <EXTI0_IRQHandler>:
     3ac:	a001                	j	3ac <EXTI0_IRQHandler>

000003ae <EXTI1_IRQHandler>:
     3ae:	a001                	j	3ae <EXTI1_IRQHandler>

000003b0 <EXTI2_IRQHandler>:
     3b0:	a001                	j	3b0 <EXTI2_IRQHandler>

000003b2 <EXTI3_IRQHandler>:
     3b2:	a001                	j	3b2 <EXTI3_IRQHandler>

000003b4 <EXTI4_IRQHandler>:
     3b4:	a001                	j	3b4 <EXTI4_IRQHandler>

000003b6 <DMA1_Channel1_IRQHandler>:
     3b6:	a001                	j	3b6 <DMA1_Channel1_IRQHandler>

000003b8 <DMA1_Channel2_IRQHandler>:
     3b8:	a001                	j	3b8 <DMA1_Channel2_IRQHandler>

000003ba <DMA1_Channel3_IRQHandler>:
     3ba:	a001                	j	3ba <DMA1_Channel3_IRQHandler>

000003bc <DMA1_Channel4_IRQHandler>:
     3bc:	a001                	j	3bc <DMA1_Channel4_IRQHandler>

000003be <DMA1_Channel5_IRQHandler>:
     3be:	a001                	j	3be <DMA1_Channel5_IRQHandler>

000003c0 <DMA1_Channel6_IRQHandler>:
     3c0:	a001                	j	3c0 <DMA1_Channel6_IRQHandler>

000003c2 <DMA1_Channel7_IRQHandler>:
     3c2:	a001                	j	3c2 <DMA1_Channel7_IRQHandler>

000003c4 <ADC1_2_IRQHandler>:
     3c4:	a001                	j	3c4 <ADC1_2_IRQHandler>

000003c6 <USB_HP_CAN1_TX_IRQHandler>:
     3c6:	a001                	j	3c6 <USB_HP_CAN1_TX_IRQHandler>

000003c8 <USB_LP_CAN1_RX0_IRQHandler>:
     3c8:	a001                	j	3c8 <USB_LP_CAN1_RX0_IRQHandler>

000003ca <CAN1_RX1_IRQHandler>:
     3ca:	a001                	j	3ca <CAN1_RX1_IRQHandler>

000003cc <CAN1_SCE_IRQHandler>:
     3cc:	a001                	j	3cc <CAN1_SCE_IRQHandler>

000003ce <EXTI9_5_IRQHandler>:
     3ce:	a001                	j	3ce <EXTI9_5_IRQHandler>

000003d0 <TIM1_BRK_IRQHandler>:
     3d0:	a001                	j	3d0 <TIM1_BRK_IRQHandler>

000003d2 <TIM1_UP_IRQHandler>:
     3d2:	a001                	j	3d2 <TIM1_UP_IRQHandler>

000003d4 <TIM1_TRG_COM_IRQHandler>:
     3d4:	a001                	j	3d4 <TIM1_TRG_COM_IRQHandler>

000003d6 <TIM1_CC_IRQHandler>:
     3d6:	a001                	j	3d6 <TIM1_CC_IRQHandler>

000003d8 <TIM2_IRQHandler>:
     3d8:	a001                	j	3d8 <TIM2_IRQHandler>

000003da <TIM3_IRQHandler>:
     3da:	a001                	j	3da <TIM3_IRQHandler>

000003dc <TIM4_IRQHandler>:
     3dc:	a001                	j	3dc <TIM4_IRQHandler>

000003de <I2C1_EV_IRQHandler>:
     3de:	a001                	j	3de <I2C1_EV_IRQHandler>

000003e0 <I2C1_ER_IRQHandler>:
     3e0:	a001                	j	3e0 <I2C1_ER_IRQHandler>

000003e2 <I2C2_EV_IRQHandler>:
     3e2:	a001                	j	3e2 <I2C2_EV_IRQHandler>

000003e4 <I2C2_ER_IRQHandler>:
     3e4:	a001                	j	3e4 <I2C2_ER_IRQHandler>

000003e6 <SPI1_IRQHandler>:
     3e6:	a001                	j	3e6 <SPI1_IRQHandler>

000003e8 <SPI2_IRQHandler>:
     3e8:	a001                	j	3e8 <SPI2_IRQHandler>
     3ea:	a001                	j	3ea <SPI2_IRQHandler+0x2>

000003ec <USART2_IRQHandler>:
     3ec:	a001                	j	3ec <USART2_IRQHandler>
     3ee:	a001                	j	3ee <USART2_IRQHandler+0x2>

000003f0 <EXTI15_10_IRQHandler>:
     3f0:	a001                	j	3f0 <EXTI15_10_IRQHandler>

000003f2 <RTCAlarm_IRQHandler>:
     3f2:	a001                	j	3f2 <RTCAlarm_IRQHandler>

000003f4 <USBWakeUp_IRQHandler>:
     3f4:	a001                	j	3f4 <USBWakeUp_IRQHandler>

000003f6 <USBHD_IRQHandler>:
     3f6:	a001                	j	3f6 <USBHD_IRQHandler>

000003f8 <USBHDWakeUp_IRQHandler>:
     3f8:	a001                	j	3f8 <USBHDWakeUp_IRQHandler>
     3fa:	a001                	j	3fa <USBHDWakeUp_IRQHandler+0x2>

000003fc <DMA1_Channel8_IRQHandler>:
     3fc:	a001                	j	3fc <DMA1_Channel8_IRQHandler>

000003fe <handle_reset>:
     3fe:	20000197          	auipc	gp,0x20000
     402:	4f218193          	addi	gp,gp,1266 # 200008f0 <__global_pointer$>
     406:	20005117          	auipc	sp,0x20005
     40a:	bfa10113          	addi	sp,sp,-1030 # 20005000 <_eusrstack>
     40e:	0000c517          	auipc	a0,0xc
     412:	5b250513          	addi	a0,a0,1458 # c9c0 <__rt_init_end>
     416:	20000597          	auipc	a1,0x20000
     41a:	bea58593          	addi	a1,a1,-1046 # 20000000 <_data_vma>
     41e:	81018613          	addi	a2,gp,-2032 # 20000100 <_edata>
     422:	00c5fa63          	bgeu	a1,a2,436 <handle_reset+0x38>
     426:	00052283          	lw	t0,0(a0)
     42a:	0055a023          	sw	t0,0(a1)
     42e:	0511                	addi	a0,a0,4
     430:	0591                	addi	a1,a1,4
     432:	fec5eae3          	bltu	a1,a2,426 <handle_reset+0x28>
     436:	81018513          	addi	a0,gp,-2032 # 20000100 <_edata>
     43a:	20002597          	auipc	a1,0x20002
     43e:	2ea58593          	addi	a1,a1,746 # 20002724 <_ebss>
     442:	00b57763          	bgeu	a0,a1,450 <handle_reset+0x52>
     446:	00052023          	sw	zero,0(a0)
     44a:	0511                	addi	a0,a0,4
     44c:	feb56de3          	bltu	a0,a1,446 <handle_reset+0x48>
     450:	42fd                	li	t0,31
     452:	bc029073          	csrw	0xbc0,t0
     456:	4289                	li	t0,2
     458:	80429073          	csrw	0x804,t0
     45c:	000022b7          	lui	t0,0x2
     460:	80028293          	addi	t0,t0,-2048 # 1800 <USART_GetITStatus+0xf8>
     464:	3002a073          	csrs	mstatus,t0
     468:	00000297          	auipc	t0,0x0
     46c:	bd028293          	addi	t0,t0,-1072 # 38 <_einit>
     470:	0032e293          	ori	t0,t0,3
     474:	30529073          	csrw	mtvec,t0
     478:	5b4010ef          	jal	ra,1a2c <SystemInit>
     47c:	00003297          	auipc	t0,0x3
     480:	6d628293          	addi	t0,t0,1750 # 3b52 <entry>
     484:	34129073          	csrw	mepc,t0
     488:	30200073          	mret

0000048c <ADC_DeInit>:
     48c:	1101                	addi	sp,sp,-32
     48e:	ce06                	sw	ra,28(sp)
     490:	cc22                	sw	s0,24(sp)
     492:	1000                	addi	s0,sp,32
     494:	fea42623          	sw	a0,-20(s0)
     498:	fec42703          	lw	a4,-20(s0)
     49c:	400127b7          	lui	a5,0x40012
     4a0:	40078793          	addi	a5,a5,1024 # 40012400 <_eusrstack+0x2000d400>
     4a4:	00f71d63          	bne	a4,a5,4be <ADC_DeInit+0x32>
     4a8:	4585                	li	a1,1
     4aa:	20000513          	li	a0,512
     4ae:	595000ef          	jal	ra,1242 <RCC_APB2PeriphResetCmd>
     4b2:	4581                	li	a1,0
     4b4:	20000513          	li	a0,512
     4b8:	58b000ef          	jal	ra,1242 <RCC_APB2PeriphResetCmd>
     4bc:	a01d                	j	4e2 <ADC_DeInit+0x56>
     4be:	fec42703          	lw	a4,-20(s0)
     4c2:	400137b7          	lui	a5,0x40013
     4c6:	80078793          	addi	a5,a5,-2048 # 40012800 <_eusrstack+0x2000d800>
     4ca:	00f71c63          	bne	a4,a5,4e2 <ADC_DeInit+0x56>
     4ce:	4585                	li	a1,1
     4d0:	40000513          	li	a0,1024
     4d4:	56f000ef          	jal	ra,1242 <RCC_APB2PeriphResetCmd>
     4d8:	4581                	li	a1,0
     4da:	40000513          	li	a0,1024
     4de:	565000ef          	jal	ra,1242 <RCC_APB2PeriphResetCmd>
     4e2:	0001                	nop
     4e4:	40f2                	lw	ra,28(sp)
     4e6:	4462                	lw	s0,24(sp)
     4e8:	6105                	addi	sp,sp,32
     4ea:	8082                	ret

000004ec <ADC_Init>:
     4ec:	7179                	addi	sp,sp,-48
     4ee:	d622                	sw	s0,44(sp)
     4f0:	1800                	addi	s0,sp,48
     4f2:	fca42e23          	sw	a0,-36(s0)
     4f6:	fcb42c23          	sw	a1,-40(s0)
     4fa:	fe042623          	sw	zero,-20(s0)
     4fe:	fe0405a3          	sb	zero,-21(s0)
     502:	fdc42783          	lw	a5,-36(s0)
     506:	43dc                	lw	a5,4(a5)
     508:	fef42623          	sw	a5,-20(s0)
     50c:	fec42703          	lw	a4,-20(s0)
     510:	e0f107b7          	lui	a5,0xe0f10
     514:	eff78793          	addi	a5,a5,-257 # e0f0feff <_eusrstack+0xc0f0aeff>
     518:	8ff9                	and	a5,a5,a4
     51a:	fef42623          	sw	a5,-20(s0)
     51e:	fd842783          	lw	a5,-40(s0)
     522:	4398                	lw	a4,0(a5)
     524:	fd842783          	lw	a5,-40(s0)
     528:	4f9c                	lw	a5,24(a5)
     52a:	8f5d                	or	a4,a4,a5
     52c:	fd842783          	lw	a5,-40(s0)
     530:	4fdc                	lw	a5,28(a5)
     532:	8f5d                	or	a4,a4,a5
     534:	fd842783          	lw	a5,-40(s0)
     538:	43dc                	lw	a5,4(a5)
     53a:	07a2                	slli	a5,a5,0x8
     53c:	8fd9                	or	a5,a5,a4
     53e:	fec42703          	lw	a4,-20(s0)
     542:	8fd9                	or	a5,a5,a4
     544:	fef42623          	sw	a5,-20(s0)
     548:	fdc42783          	lw	a5,-36(s0)
     54c:	fec42703          	lw	a4,-20(s0)
     550:	c3d8                	sw	a4,4(a5)
     552:	fdc42783          	lw	a5,-36(s0)
     556:	479c                	lw	a5,8(a5)
     558:	fef42623          	sw	a5,-20(s0)
     55c:	fec42703          	lw	a4,-20(s0)
     560:	fff1f7b7          	lui	a5,0xfff1f
     564:	7fd78793          	addi	a5,a5,2045 # fff1f7fd <_eusrstack+0xdff1a7fd>
     568:	8ff9                	and	a5,a5,a4
     56a:	fef42623          	sw	a5,-20(s0)
     56e:	fd842783          	lw	a5,-40(s0)
     572:	4b98                	lw	a4,16(a5)
     574:	fd842783          	lw	a5,-40(s0)
     578:	47dc                	lw	a5,12(a5)
     57a:	8f5d                	or	a4,a4,a5
     57c:	fd842783          	lw	a5,-40(s0)
     580:	479c                	lw	a5,8(a5)
     582:	0786                	slli	a5,a5,0x1
     584:	8fd9                	or	a5,a5,a4
     586:	fec42703          	lw	a4,-20(s0)
     58a:	8fd9                	or	a5,a5,a4
     58c:	fef42623          	sw	a5,-20(s0)
     590:	fdc42783          	lw	a5,-36(s0)
     594:	fec42703          	lw	a4,-20(s0)
     598:	c798                	sw	a4,8(a5)
     59a:	fdc42783          	lw	a5,-36(s0)
     59e:	57dc                	lw	a5,44(a5)
     5a0:	fef42623          	sw	a5,-20(s0)
     5a4:	fec42703          	lw	a4,-20(s0)
     5a8:	ff1007b7          	lui	a5,0xff100
     5ac:	17fd                	addi	a5,a5,-1
     5ae:	8ff9                	and	a5,a5,a4
     5b0:	fef42623          	sw	a5,-20(s0)
     5b4:	fd842783          	lw	a5,-40(s0)
     5b8:	2bdc                	lbu	a5,20(a5)
     5ba:	17fd                	addi	a5,a5,-1
     5bc:	0ff7f713          	andi	a4,a5,255
     5c0:	feb44783          	lbu	a5,-21(s0)
     5c4:	8fd9                	or	a5,a5,a4
     5c6:	fef405a3          	sb	a5,-21(s0)
     5ca:	feb44783          	lbu	a5,-21(s0)
     5ce:	07d2                	slli	a5,a5,0x14
     5d0:	fec42703          	lw	a4,-20(s0)
     5d4:	8fd9                	or	a5,a5,a4
     5d6:	fef42623          	sw	a5,-20(s0)
     5da:	fdc42783          	lw	a5,-36(s0)
     5de:	fec42703          	lw	a4,-20(s0)
     5e2:	d7d8                	sw	a4,44(a5)
     5e4:	0001                	nop
     5e6:	5432                	lw	s0,44(sp)
     5e8:	6145                	addi	sp,sp,48
     5ea:	8082                	ret

000005ec <ADC_Cmd>:
     5ec:	1101                	addi	sp,sp,-32
     5ee:	ce22                	sw	s0,28(sp)
     5f0:	1000                	addi	s0,sp,32
     5f2:	fea42623          	sw	a0,-20(s0)
     5f6:	feb42423          	sw	a1,-24(s0)
     5fa:	fe842783          	lw	a5,-24(s0)
     5fe:	cb91                	beqz	a5,612 <ADC_Cmd+0x26>
     600:	fec42783          	lw	a5,-20(s0)
     604:	479c                	lw	a5,8(a5)
     606:	0017e713          	ori	a4,a5,1
     60a:	fec42783          	lw	a5,-20(s0)
     60e:	c798                	sw	a4,8(a5)
     610:	a809                	j	622 <ADC_Cmd+0x36>
     612:	fec42783          	lw	a5,-20(s0)
     616:	479c                	lw	a5,8(a5)
     618:	ffe7f713          	andi	a4,a5,-2
     61c:	fec42783          	lw	a5,-20(s0)
     620:	c798                	sw	a4,8(a5)
     622:	0001                	nop
     624:	4472                	lw	s0,28(sp)
     626:	6105                	addi	sp,sp,32
     628:	8082                	ret

0000062a <ADC_DMACmd>:
     62a:	1101                	addi	sp,sp,-32
     62c:	ce22                	sw	s0,28(sp)
     62e:	1000                	addi	s0,sp,32
     630:	fea42623          	sw	a0,-20(s0)
     634:	feb42423          	sw	a1,-24(s0)
     638:	fe842783          	lw	a5,-24(s0)
     63c:	cb91                	beqz	a5,650 <ADC_DMACmd+0x26>
     63e:	fec42783          	lw	a5,-20(s0)
     642:	479c                	lw	a5,8(a5)
     644:	1007e713          	ori	a4,a5,256
     648:	fec42783          	lw	a5,-20(s0)
     64c:	c798                	sw	a4,8(a5)
     64e:	a809                	j	660 <ADC_DMACmd+0x36>
     650:	fec42783          	lw	a5,-20(s0)
     654:	479c                	lw	a5,8(a5)
     656:	eff7f713          	andi	a4,a5,-257
     65a:	fec42783          	lw	a5,-20(s0)
     65e:	c798                	sw	a4,8(a5)
     660:	0001                	nop
     662:	4472                	lw	s0,28(sp)
     664:	6105                	addi	sp,sp,32
     666:	8082                	ret

00000668 <ADC_ResetCalibration>:
     668:	1101                	addi	sp,sp,-32
     66a:	ce22                	sw	s0,28(sp)
     66c:	1000                	addi	s0,sp,32
     66e:	fea42623          	sw	a0,-20(s0)
     672:	fec42783          	lw	a5,-20(s0)
     676:	479c                	lw	a5,8(a5)
     678:	0087e713          	ori	a4,a5,8
     67c:	fec42783          	lw	a5,-20(s0)
     680:	c798                	sw	a4,8(a5)
     682:	0001                	nop
     684:	4472                	lw	s0,28(sp)
     686:	6105                	addi	sp,sp,32
     688:	8082                	ret

0000068a <ADC_GetResetCalibrationStatus>:
     68a:	7179                	addi	sp,sp,-48
     68c:	d622                	sw	s0,44(sp)
     68e:	1800                	addi	s0,sp,48
     690:	fca42e23          	sw	a0,-36(s0)
     694:	fe042623          	sw	zero,-20(s0)
     698:	fdc42783          	lw	a5,-36(s0)
     69c:	479c                	lw	a5,8(a5)
     69e:	8ba1                	andi	a5,a5,8
     6a0:	c789                	beqz	a5,6aa <ADC_GetResetCalibrationStatus+0x20>
     6a2:	4785                	li	a5,1
     6a4:	fef42623          	sw	a5,-20(s0)
     6a8:	a019                	j	6ae <ADC_GetResetCalibrationStatus+0x24>
     6aa:	fe042623          	sw	zero,-20(s0)
     6ae:	fec42783          	lw	a5,-20(s0)
     6b2:	853e                	mv	a0,a5
     6b4:	5432                	lw	s0,44(sp)
     6b6:	6145                	addi	sp,sp,48
     6b8:	8082                	ret

000006ba <ADC_StartCalibration>:
     6ba:	1101                	addi	sp,sp,-32
     6bc:	ce22                	sw	s0,28(sp)
     6be:	1000                	addi	s0,sp,32
     6c0:	fea42623          	sw	a0,-20(s0)
     6c4:	fec42783          	lw	a5,-20(s0)
     6c8:	479c                	lw	a5,8(a5)
     6ca:	0047e713          	ori	a4,a5,4
     6ce:	fec42783          	lw	a5,-20(s0)
     6d2:	c798                	sw	a4,8(a5)
     6d4:	0001                	nop
     6d6:	4472                	lw	s0,28(sp)
     6d8:	6105                	addi	sp,sp,32
     6da:	8082                	ret

000006dc <ADC_GetCalibrationStatus>:
     6dc:	7179                	addi	sp,sp,-48
     6de:	d622                	sw	s0,44(sp)
     6e0:	1800                	addi	s0,sp,48
     6e2:	fca42e23          	sw	a0,-36(s0)
     6e6:	fe042623          	sw	zero,-20(s0)
     6ea:	fdc42783          	lw	a5,-36(s0)
     6ee:	479c                	lw	a5,8(a5)
     6f0:	8b91                	andi	a5,a5,4
     6f2:	c789                	beqz	a5,6fc <ADC_GetCalibrationStatus+0x20>
     6f4:	4785                	li	a5,1
     6f6:	fef42623          	sw	a5,-20(s0)
     6fa:	a019                	j	700 <ADC_GetCalibrationStatus+0x24>
     6fc:	fe042623          	sw	zero,-20(s0)
     700:	fec42783          	lw	a5,-20(s0)
     704:	853e                	mv	a0,a5
     706:	5432                	lw	s0,44(sp)
     708:	6145                	addi	sp,sp,48
     70a:	8082                	ret

0000070c <ADC_SoftwareStartConvCmd>:
     70c:	1101                	addi	sp,sp,-32
     70e:	ce22                	sw	s0,28(sp)
     710:	1000                	addi	s0,sp,32
     712:	fea42623          	sw	a0,-20(s0)
     716:	feb42423          	sw	a1,-24(s0)
     71a:	fe842783          	lw	a5,-24(s0)
     71e:	cb99                	beqz	a5,734 <ADC_SoftwareStartConvCmd+0x28>
     720:	fec42783          	lw	a5,-20(s0)
     724:	4798                	lw	a4,8(a5)
     726:	005007b7          	lui	a5,0x500
     72a:	8f5d                	or	a4,a4,a5
     72c:	fec42783          	lw	a5,-20(s0)
     730:	c798                	sw	a4,8(a5)
     732:	a819                	j	748 <ADC_SoftwareStartConvCmd+0x3c>
     734:	fec42783          	lw	a5,-20(s0)
     738:	4798                	lw	a4,8(a5)
     73a:	ffb007b7          	lui	a5,0xffb00
     73e:	17fd                	addi	a5,a5,-1
     740:	8f7d                	and	a4,a4,a5
     742:	fec42783          	lw	a5,-20(s0)
     746:	c798                	sw	a4,8(a5)
     748:	0001                	nop
     74a:	4472                	lw	s0,28(sp)
     74c:	6105                	addi	sp,sp,32
     74e:	8082                	ret

00000750 <ADC_RegularChannelConfig>:
     750:	7179                	addi	sp,sp,-48
     752:	d622                	sw	s0,44(sp)
     754:	1800                	addi	s0,sp,48
     756:	fca42e23          	sw	a0,-36(s0)
     75a:	87ae                	mv	a5,a1
     75c:	8736                	mv	a4,a3
     75e:	fcf40da3          	sb	a5,-37(s0)
     762:	87b2                	mv	a5,a2
     764:	fcf40d23          	sb	a5,-38(s0)
     768:	87ba                	mv	a5,a4
     76a:	fcf40ca3          	sb	a5,-39(s0)
     76e:	fe042623          	sw	zero,-20(s0)
     772:	fe042423          	sw	zero,-24(s0)
     776:	fdb44703          	lbu	a4,-37(s0)
     77a:	47a5                	li	a5,9
     77c:	06e7f663          	bgeu	a5,a4,7e8 <ADC_RegularChannelConfig+0x98>
     780:	fdc42783          	lw	a5,-36(s0)
     784:	47dc                	lw	a5,12(a5)
     786:	fef42623          	sw	a5,-20(s0)
     78a:	fdb44783          	lbu	a5,-37(s0)
     78e:	ff678713          	addi	a4,a5,-10 # ffaffff6 <_eusrstack+0xdfafaff6>
     792:	87ba                	mv	a5,a4
     794:	0786                	slli	a5,a5,0x1
     796:	97ba                	add	a5,a5,a4
     798:	471d                	li	a4,7
     79a:	00f717b3          	sll	a5,a4,a5
     79e:	fef42423          	sw	a5,-24(s0)
     7a2:	fe842783          	lw	a5,-24(s0)
     7a6:	fff7c793          	not	a5,a5
     7aa:	fec42703          	lw	a4,-20(s0)
     7ae:	8ff9                	and	a5,a5,a4
     7b0:	fef42623          	sw	a5,-20(s0)
     7b4:	fd944683          	lbu	a3,-39(s0)
     7b8:	fdb44783          	lbu	a5,-37(s0)
     7bc:	ff678713          	addi	a4,a5,-10
     7c0:	87ba                	mv	a5,a4
     7c2:	0786                	slli	a5,a5,0x1
     7c4:	97ba                	add	a5,a5,a4
     7c6:	00f697b3          	sll	a5,a3,a5
     7ca:	fef42423          	sw	a5,-24(s0)
     7ce:	fec42703          	lw	a4,-20(s0)
     7d2:	fe842783          	lw	a5,-24(s0)
     7d6:	8fd9                	or	a5,a5,a4
     7d8:	fef42623          	sw	a5,-20(s0)
     7dc:	fdc42783          	lw	a5,-36(s0)
     7e0:	fec42703          	lw	a4,-20(s0)
     7e4:	c7d8                	sw	a4,12(a5)
     7e6:	a085                	j	846 <__stack_size+0x46>
     7e8:	fdc42783          	lw	a5,-36(s0)
     7ec:	4b9c                	lw	a5,16(a5)
     7ee:	fef42623          	sw	a5,-20(s0)
     7f2:	fdb44703          	lbu	a4,-37(s0)
     7f6:	87ba                	mv	a5,a4
     7f8:	0786                	slli	a5,a5,0x1
     7fa:	97ba                	add	a5,a5,a4
     7fc:	471d                	li	a4,7
     7fe:	00f717b3          	sll	a5,a4,a5
     802:	fef42423          	sw	a5,-24(s0)
     806:	fe842783          	lw	a5,-24(s0)
     80a:	fff7c793          	not	a5,a5
     80e:	fec42703          	lw	a4,-20(s0)
     812:	8ff9                	and	a5,a5,a4
     814:	fef42623          	sw	a5,-20(s0)
     818:	fd944683          	lbu	a3,-39(s0)
     81c:	fdb44703          	lbu	a4,-37(s0)
     820:	87ba                	mv	a5,a4
     822:	0786                	slli	a5,a5,0x1
     824:	97ba                	add	a5,a5,a4
     826:	00f697b3          	sll	a5,a3,a5
     82a:	fef42423          	sw	a5,-24(s0)
     82e:	fec42703          	lw	a4,-20(s0)
     832:	fe842783          	lw	a5,-24(s0)
     836:	8fd9                	or	a5,a5,a4
     838:	fef42623          	sw	a5,-20(s0)
     83c:	fdc42783          	lw	a5,-36(s0)
     840:	fec42703          	lw	a4,-20(s0)
     844:	cb98                	sw	a4,16(a5)
     846:	fda44703          	lbu	a4,-38(s0)
     84a:	4799                	li	a5,6
     84c:	06e7e663          	bltu	a5,a4,8b8 <__stack_size+0xb8>
     850:	fdc42783          	lw	a5,-36(s0)
     854:	5bdc                	lw	a5,52(a5)
     856:	fef42623          	sw	a5,-20(s0)
     85a:	fda44783          	lbu	a5,-38(s0)
     85e:	fff78713          	addi	a4,a5,-1
     862:	87ba                	mv	a5,a4
     864:	078a                	slli	a5,a5,0x2
     866:	97ba                	add	a5,a5,a4
     868:	477d                	li	a4,31
     86a:	00f717b3          	sll	a5,a4,a5
     86e:	fef42423          	sw	a5,-24(s0)
     872:	fe842783          	lw	a5,-24(s0)
     876:	fff7c793          	not	a5,a5
     87a:	fec42703          	lw	a4,-20(s0)
     87e:	8ff9                	and	a5,a5,a4
     880:	fef42623          	sw	a5,-20(s0)
     884:	fdb44683          	lbu	a3,-37(s0)
     888:	fda44783          	lbu	a5,-38(s0)
     88c:	fff78713          	addi	a4,a5,-1
     890:	87ba                	mv	a5,a4
     892:	078a                	slli	a5,a5,0x2
     894:	97ba                	add	a5,a5,a4
     896:	00f697b3          	sll	a5,a3,a5
     89a:	fef42423          	sw	a5,-24(s0)
     89e:	fec42703          	lw	a4,-20(s0)
     8a2:	fe842783          	lw	a5,-24(s0)
     8a6:	8fd9                	or	a5,a5,a4
     8a8:	fef42623          	sw	a5,-20(s0)
     8ac:	fdc42783          	lw	a5,-36(s0)
     8b0:	fec42703          	lw	a4,-20(s0)
     8b4:	dbd8                	sw	a4,52(a5)
     8b6:	a8e9                	j	990 <__stack_size+0x190>
     8b8:	fda44703          	lbu	a4,-38(s0)
     8bc:	47b1                	li	a5,12
     8be:	06e7e663          	bltu	a5,a4,92a <__stack_size+0x12a>
     8c2:	fdc42783          	lw	a5,-36(s0)
     8c6:	5b9c                	lw	a5,48(a5)
     8c8:	fef42623          	sw	a5,-20(s0)
     8cc:	fda44783          	lbu	a5,-38(s0)
     8d0:	ff978713          	addi	a4,a5,-7
     8d4:	87ba                	mv	a5,a4
     8d6:	078a                	slli	a5,a5,0x2
     8d8:	97ba                	add	a5,a5,a4
     8da:	477d                	li	a4,31
     8dc:	00f717b3          	sll	a5,a4,a5
     8e0:	fef42423          	sw	a5,-24(s0)
     8e4:	fe842783          	lw	a5,-24(s0)
     8e8:	fff7c793          	not	a5,a5
     8ec:	fec42703          	lw	a4,-20(s0)
     8f0:	8ff9                	and	a5,a5,a4
     8f2:	fef42623          	sw	a5,-20(s0)
     8f6:	fdb44683          	lbu	a3,-37(s0)
     8fa:	fda44783          	lbu	a5,-38(s0)
     8fe:	ff978713          	addi	a4,a5,-7
     902:	87ba                	mv	a5,a4
     904:	078a                	slli	a5,a5,0x2
     906:	97ba                	add	a5,a5,a4
     908:	00f697b3          	sll	a5,a3,a5
     90c:	fef42423          	sw	a5,-24(s0)
     910:	fec42703          	lw	a4,-20(s0)
     914:	fe842783          	lw	a5,-24(s0)
     918:	8fd9                	or	a5,a5,a4
     91a:	fef42623          	sw	a5,-20(s0)
     91e:	fdc42783          	lw	a5,-36(s0)
     922:	fec42703          	lw	a4,-20(s0)
     926:	db98                	sw	a4,48(a5)
     928:	a0a5                	j	990 <__stack_size+0x190>
     92a:	fdc42783          	lw	a5,-36(s0)
     92e:	57dc                	lw	a5,44(a5)
     930:	fef42623          	sw	a5,-20(s0)
     934:	fda44783          	lbu	a5,-38(s0)
     938:	ff378713          	addi	a4,a5,-13
     93c:	87ba                	mv	a5,a4
     93e:	078a                	slli	a5,a5,0x2
     940:	97ba                	add	a5,a5,a4
     942:	477d                	li	a4,31
     944:	00f717b3          	sll	a5,a4,a5
     948:	fef42423          	sw	a5,-24(s0)
     94c:	fe842783          	lw	a5,-24(s0)
     950:	fff7c793          	not	a5,a5
     954:	fec42703          	lw	a4,-20(s0)
     958:	8ff9                	and	a5,a5,a4
     95a:	fef42623          	sw	a5,-20(s0)
     95e:	fdb44683          	lbu	a3,-37(s0)
     962:	fda44783          	lbu	a5,-38(s0)
     966:	ff378713          	addi	a4,a5,-13
     96a:	87ba                	mv	a5,a4
     96c:	078a                	slli	a5,a5,0x2
     96e:	97ba                	add	a5,a5,a4
     970:	00f697b3          	sll	a5,a3,a5
     974:	fef42423          	sw	a5,-24(s0)
     978:	fec42703          	lw	a4,-20(s0)
     97c:	fe842783          	lw	a5,-24(s0)
     980:	8fd9                	or	a5,a5,a4
     982:	fef42623          	sw	a5,-20(s0)
     986:	fdc42783          	lw	a5,-36(s0)
     98a:	fec42703          	lw	a4,-20(s0)
     98e:	d7d8                	sw	a4,44(a5)
     990:	0001                	nop
     992:	5432                	lw	s0,44(sp)
     994:	6145                	addi	sp,sp,48
     996:	8082                	ret

00000998 <DMA_DeInit>:
     998:	1101                	addi	sp,sp,-32
     99a:	ce22                	sw	s0,28(sp)
     99c:	1000                	addi	s0,sp,32
     99e:	fea42623          	sw	a0,-20(s0)
     9a2:	fec42783          	lw	a5,-20(s0)
     9a6:	4398                	lw	a4,0(a5)
     9a8:	67c1                	lui	a5,0x10
     9aa:	17f9                	addi	a5,a5,-2
     9ac:	8f7d                	and	a4,a4,a5
     9ae:	fec42783          	lw	a5,-20(s0)
     9b2:	c398                	sw	a4,0(a5)
     9b4:	fec42783          	lw	a5,-20(s0)
     9b8:	0007a023          	sw	zero,0(a5) # 10000 <__rt_init_end+0x3640>
     9bc:	fec42783          	lw	a5,-20(s0)
     9c0:	0007a223          	sw	zero,4(a5)
     9c4:	fec42783          	lw	a5,-20(s0)
     9c8:	0007a423          	sw	zero,8(a5)
     9cc:	fec42783          	lw	a5,-20(s0)
     9d0:	0007a623          	sw	zero,12(a5)
     9d4:	fec42703          	lw	a4,-20(s0)
     9d8:	400207b7          	lui	a5,0x40020
     9dc:	07a1                	addi	a5,a5,8
     9de:	00f71b63          	bne	a4,a5,9f4 <DMA_DeInit+0x5c>
     9e2:	400207b7          	lui	a5,0x40020
     9e6:	43d8                	lw	a4,4(a5)
     9e8:	400207b7          	lui	a5,0x40020
     9ec:	00f76713          	ori	a4,a4,15
     9f0:	c3d8                	sw	a4,4(a5)
     9f2:	a8dd                	j	ae8 <DMA_DeInit+0x150>
     9f4:	fec42703          	lw	a4,-20(s0)
     9f8:	400207b7          	lui	a5,0x40020
     9fc:	07f1                	addi	a5,a5,28
     9fe:	00f71b63          	bne	a4,a5,a14 <DMA_DeInit+0x7c>
     a02:	400207b7          	lui	a5,0x40020
     a06:	43d8                	lw	a4,4(a5)
     a08:	400207b7          	lui	a5,0x40020
     a0c:	0f076713          	ori	a4,a4,240
     a10:	c3d8                	sw	a4,4(a5)
     a12:	a8d9                	j	ae8 <DMA_DeInit+0x150>
     a14:	fec42703          	lw	a4,-20(s0)
     a18:	400207b7          	lui	a5,0x40020
     a1c:	03078793          	addi	a5,a5,48 # 40020030 <_eusrstack+0x2001b030>
     a20:	00f71d63          	bne	a4,a5,a3a <DMA_DeInit+0xa2>
     a24:	400207b7          	lui	a5,0x40020
     a28:	43d4                	lw	a3,4(a5)
     a2a:	400207b7          	lui	a5,0x40020
     a2e:	6705                	lui	a4,0x1
     a30:	f0070713          	addi	a4,a4,-256 # f00 <RCC_ADCCLKConfig+0x1e>
     a34:	8f55                	or	a4,a4,a3
     a36:	c3d8                	sw	a4,4(a5)
     a38:	a845                	j	ae8 <DMA_DeInit+0x150>
     a3a:	fec42703          	lw	a4,-20(s0)
     a3e:	400207b7          	lui	a5,0x40020
     a42:	04478793          	addi	a5,a5,68 # 40020044 <_eusrstack+0x2001b044>
     a46:	00f71b63          	bne	a4,a5,a5c <DMA_DeInit+0xc4>
     a4a:	400207b7          	lui	a5,0x40020
     a4e:	43d4                	lw	a3,4(a5)
     a50:	400207b7          	lui	a5,0x40020
     a54:	673d                	lui	a4,0xf
     a56:	8f55                	or	a4,a4,a3
     a58:	c3d8                	sw	a4,4(a5)
     a5a:	a079                	j	ae8 <DMA_DeInit+0x150>
     a5c:	fec42703          	lw	a4,-20(s0)
     a60:	400207b7          	lui	a5,0x40020
     a64:	05878793          	addi	a5,a5,88 # 40020058 <_eusrstack+0x2001b058>
     a68:	00f71c63          	bne	a4,a5,a80 <DMA_DeInit+0xe8>
     a6c:	400207b7          	lui	a5,0x40020
     a70:	43d4                	lw	a3,4(a5)
     a72:	400207b7          	lui	a5,0x40020
     a76:	000f0737          	lui	a4,0xf0
     a7a:	8f55                	or	a4,a4,a3
     a7c:	c3d8                	sw	a4,4(a5)
     a7e:	a0ad                	j	ae8 <DMA_DeInit+0x150>
     a80:	fec42703          	lw	a4,-20(s0)
     a84:	400207b7          	lui	a5,0x40020
     a88:	06c78793          	addi	a5,a5,108 # 4002006c <_eusrstack+0x2001b06c>
     a8c:	00f71c63          	bne	a4,a5,aa4 <DMA_DeInit+0x10c>
     a90:	400207b7          	lui	a5,0x40020
     a94:	43d4                	lw	a3,4(a5)
     a96:	400207b7          	lui	a5,0x40020
     a9a:	00f00737          	lui	a4,0xf00
     a9e:	8f55                	or	a4,a4,a3
     aa0:	c3d8                	sw	a4,4(a5)
     aa2:	a099                	j	ae8 <DMA_DeInit+0x150>
     aa4:	fec42703          	lw	a4,-20(s0)
     aa8:	400207b7          	lui	a5,0x40020
     aac:	08078793          	addi	a5,a5,128 # 40020080 <_eusrstack+0x2001b080>
     ab0:	00f71c63          	bne	a4,a5,ac8 <DMA_DeInit+0x130>
     ab4:	400207b7          	lui	a5,0x40020
     ab8:	43d4                	lw	a3,4(a5)
     aba:	400207b7          	lui	a5,0x40020
     abe:	0f000737          	lui	a4,0xf000
     ac2:	8f55                	or	a4,a4,a3
     ac4:	c3d8                	sw	a4,4(a5)
     ac6:	a00d                	j	ae8 <DMA_DeInit+0x150>
     ac8:	fec42703          	lw	a4,-20(s0)
     acc:	400207b7          	lui	a5,0x40020
     ad0:	09478793          	addi	a5,a5,148 # 40020094 <_eusrstack+0x2001b094>
     ad4:	00f71a63          	bne	a4,a5,ae8 <DMA_DeInit+0x150>
     ad8:	400207b7          	lui	a5,0x40020
     adc:	43d8                	lw	a4,4(a5)
     ade:	400207b7          	lui	a5,0x40020
     ae2:	00f76713          	ori	a4,a4,15
     ae6:	c3d8                	sw	a4,4(a5)
     ae8:	0001                	nop
     aea:	4472                	lw	s0,28(sp)
     aec:	6105                	addi	sp,sp,32
     aee:	8082                	ret

00000af0 <DMA_Init>:
     af0:	7179                	addi	sp,sp,-48
     af2:	d622                	sw	s0,44(sp)
     af4:	1800                	addi	s0,sp,48
     af6:	fca42e23          	sw	a0,-36(s0)
     afa:	fcb42c23          	sw	a1,-40(s0)
     afe:	fe042623          	sw	zero,-20(s0)
     b02:	fdc42783          	lw	a5,-36(s0)
     b06:	439c                	lw	a5,0(a5)
     b08:	fef42623          	sw	a5,-20(s0)
     b0c:	fec42703          	lw	a4,-20(s0)
     b10:	77e1                	lui	a5,0xffff8
     b12:	07bd                	addi	a5,a5,15
     b14:	8ff9                	and	a5,a5,a4
     b16:	fef42623          	sw	a5,-20(s0)
     b1a:	fd842783          	lw	a5,-40(s0)
     b1e:	4798                	lw	a4,8(a5)
     b20:	fd842783          	lw	a5,-40(s0)
     b24:	539c                	lw	a5,32(a5)
     b26:	8f5d                	or	a4,a4,a5
     b28:	fd842783          	lw	a5,-40(s0)
     b2c:	4b9c                	lw	a5,16(a5)
     b2e:	8f5d                	or	a4,a4,a5
     b30:	fd842783          	lw	a5,-40(s0)
     b34:	4bdc                	lw	a5,20(a5)
     b36:	8f5d                	or	a4,a4,a5
     b38:	fd842783          	lw	a5,-40(s0)
     b3c:	4f9c                	lw	a5,24(a5)
     b3e:	8f5d                	or	a4,a4,a5
     b40:	fd842783          	lw	a5,-40(s0)
     b44:	4fdc                	lw	a5,28(a5)
     b46:	8f5d                	or	a4,a4,a5
     b48:	fd842783          	lw	a5,-40(s0)
     b4c:	53dc                	lw	a5,36(a5)
     b4e:	8f5d                	or	a4,a4,a5
     b50:	fd842783          	lw	a5,-40(s0)
     b54:	579c                	lw	a5,40(a5)
     b56:	8fd9                	or	a5,a5,a4
     b58:	fec42703          	lw	a4,-20(s0)
     b5c:	8fd9                	or	a5,a5,a4
     b5e:	fef42623          	sw	a5,-20(s0)
     b62:	fdc42783          	lw	a5,-36(s0)
     b66:	fec42703          	lw	a4,-20(s0)
     b6a:	c398                	sw	a4,0(a5)
     b6c:	fd842783          	lw	a5,-40(s0)
     b70:	47d8                	lw	a4,12(a5)
     b72:	fdc42783          	lw	a5,-36(s0)
     b76:	c3d8                	sw	a4,4(a5)
     b78:	fd842783          	lw	a5,-40(s0)
     b7c:	4398                	lw	a4,0(a5)
     b7e:	fdc42783          	lw	a5,-36(s0)
     b82:	c798                	sw	a4,8(a5)
     b84:	fd842783          	lw	a5,-40(s0)
     b88:	43d8                	lw	a4,4(a5)
     b8a:	fdc42783          	lw	a5,-36(s0)
     b8e:	c7d8                	sw	a4,12(a5)
     b90:	0001                	nop
     b92:	5432                	lw	s0,44(sp)
     b94:	6145                	addi	sp,sp,48
     b96:	8082                	ret

00000b98 <DMA_Cmd>:
     b98:	1101                	addi	sp,sp,-32
     b9a:	ce22                	sw	s0,28(sp)
     b9c:	1000                	addi	s0,sp,32
     b9e:	fea42623          	sw	a0,-20(s0)
     ba2:	feb42423          	sw	a1,-24(s0)
     ba6:	fe842783          	lw	a5,-24(s0)
     baa:	cb91                	beqz	a5,bbe <DMA_Cmd+0x26>
     bac:	fec42783          	lw	a5,-20(s0)
     bb0:	439c                	lw	a5,0(a5)
     bb2:	0017e713          	ori	a4,a5,1
     bb6:	fec42783          	lw	a5,-20(s0)
     bba:	c398                	sw	a4,0(a5)
     bbc:	a811                	j	bd0 <DMA_Cmd+0x38>
     bbe:	fec42783          	lw	a5,-20(s0)
     bc2:	4398                	lw	a4,0(a5)
     bc4:	67c1                	lui	a5,0x10
     bc6:	17f9                	addi	a5,a5,-2
     bc8:	8f7d                	and	a4,a4,a5
     bca:	fec42783          	lw	a5,-20(s0)
     bce:	c398                	sw	a4,0(a5)
     bd0:	0001                	nop
     bd2:	4472                	lw	s0,28(sp)
     bd4:	6105                	addi	sp,sp,32
     bd6:	8082                	ret

00000bd8 <GPIO_Init>:
     bd8:	7139                	addi	sp,sp,-64
     bda:	de22                	sw	s0,60(sp)
     bdc:	0080                	addi	s0,sp,64
     bde:	fca42623          	sw	a0,-52(s0)
     be2:	fcb42423          	sw	a1,-56(s0)
     be6:	fe042623          	sw	zero,-20(s0)
     bea:	fe042023          	sw	zero,-32(s0)
     bee:	fe042423          	sw	zero,-24(s0)
     bf2:	fc042e23          	sw	zero,-36(s0)
     bf6:	fe042223          	sw	zero,-28(s0)
     bfa:	fc042c23          	sw	zero,-40(s0)
     bfe:	fc842783          	lw	a5,-56(s0)
     c02:	479c                	lw	a5,8(a5)
     c04:	8bbd                	andi	a5,a5,15
     c06:	fef42623          	sw	a5,-20(s0)
     c0a:	fc842783          	lw	a5,-56(s0)
     c0e:	479c                	lw	a5,8(a5)
     c10:	8bc1                	andi	a5,a5,16
     c12:	cb89                	beqz	a5,c24 <GPIO_Init+0x4c>
     c14:	fc842783          	lw	a5,-56(s0)
     c18:	43dc                	lw	a5,4(a5)
     c1a:	fec42703          	lw	a4,-20(s0)
     c1e:	8fd9                	or	a5,a5,a4
     c20:	fef42623          	sw	a5,-20(s0)
     c24:	400227b7          	lui	a5,0x40022
     c28:	03078793          	addi	a5,a5,48 # 40022030 <_eusrstack+0x2001d030>
     c2c:	4398                	lw	a4,0(a5)
     c2e:	0f0007b7          	lui	a5,0xf000
     c32:	8ff9                	and	a5,a5,a4
     c34:	e781                	bnez	a5,c3c <GPIO_Init+0x64>
     c36:	4705                	li	a4,1
     c38:	80e18823          	sb	a4,-2032(gp) # 20000100 <_edata>
     c3c:	fcc42703          	lw	a4,-52(s0)
     c40:	400117b7          	lui	a5,0x40011
     c44:	00f71f63          	bne	a4,a5,c62 <GPIO_Init+0x8a>
     c48:	8101c783          	lbu	a5,-2032(gp) # 20000100 <_edata>
     c4c:	cb99                	beqz	a5,c62 <GPIO_Init+0x8a>
     c4e:	fc842783          	lw	a5,-56(s0)
     c52:	239e                	lhu	a5,0(a5)
     c54:	83b5                	srli	a5,a5,0xd
     c56:	01079713          	slli	a4,a5,0x10
     c5a:	8341                	srli	a4,a4,0x10
     c5c:	fc842783          	lw	a5,-56(s0)
     c60:	a39a                	sh	a4,0(a5)
     c62:	fc842783          	lw	a5,-56(s0)
     c66:	239e                	lhu	a5,0(a5)
     c68:	0ff7f793          	andi	a5,a5,255
     c6c:	cfe9                	beqz	a5,d46 <GPIO_Init+0x16e>
     c6e:	fcc42783          	lw	a5,-52(s0)
     c72:	439c                	lw	a5,0(a5)
     c74:	fef42223          	sw	a5,-28(s0)
     c78:	fe042423          	sw	zero,-24(s0)
     c7c:	a85d                	j	d32 <GPIO_Init+0x15a>
     c7e:	fe842783          	lw	a5,-24(s0)
     c82:	4705                	li	a4,1
     c84:	00f717b3          	sll	a5,a4,a5
     c88:	fcf42e23          	sw	a5,-36(s0)
     c8c:	fc842783          	lw	a5,-56(s0)
     c90:	239e                	lhu	a5,0(a5)
     c92:	873e                	mv	a4,a5
     c94:	fdc42783          	lw	a5,-36(s0)
     c98:	8ff9                	and	a5,a5,a4
     c9a:	fef42023          	sw	a5,-32(s0)
     c9e:	fe042703          	lw	a4,-32(s0)
     ca2:	fdc42783          	lw	a5,-36(s0)
     ca6:	08f71163          	bne	a4,a5,d28 <GPIO_Init+0x150>
     caa:	fe842783          	lw	a5,-24(s0)
     cae:	078a                	slli	a5,a5,0x2
     cb0:	fcf42e23          	sw	a5,-36(s0)
     cb4:	fdc42783          	lw	a5,-36(s0)
     cb8:	473d                	li	a4,15
     cba:	00f717b3          	sll	a5,a4,a5
     cbe:	fcf42c23          	sw	a5,-40(s0)
     cc2:	fd842783          	lw	a5,-40(s0)
     cc6:	fff7c793          	not	a5,a5
     cca:	fe442703          	lw	a4,-28(s0)
     cce:	8ff9                	and	a5,a5,a4
     cd0:	fef42223          	sw	a5,-28(s0)
     cd4:	fdc42783          	lw	a5,-36(s0)
     cd8:	fec42703          	lw	a4,-20(s0)
     cdc:	00f717b3          	sll	a5,a4,a5
     ce0:	fe442703          	lw	a4,-28(s0)
     ce4:	8fd9                	or	a5,a5,a4
     ce6:	fef42223          	sw	a5,-28(s0)
     cea:	fc842783          	lw	a5,-56(s0)
     cee:	4798                	lw	a4,8(a5)
     cf0:	02800793          	li	a5,40
     cf4:	00f71b63          	bne	a4,a5,d0a <GPIO_Init+0x132>
     cf8:	fe842783          	lw	a5,-24(s0)
     cfc:	4705                	li	a4,1
     cfe:	00f71733          	sll	a4,a4,a5
     d02:	fcc42783          	lw	a5,-52(s0)
     d06:	cbd8                	sw	a4,20(a5)
     d08:	a005                	j	d28 <GPIO_Init+0x150>
     d0a:	fc842783          	lw	a5,-56(s0)
     d0e:	4798                	lw	a4,8(a5)
     d10:	04800793          	li	a5,72
     d14:	00f71a63          	bne	a4,a5,d28 <GPIO_Init+0x150>
     d18:	fe842783          	lw	a5,-24(s0)
     d1c:	4705                	li	a4,1
     d1e:	00f71733          	sll	a4,a4,a5
     d22:	fcc42783          	lw	a5,-52(s0)
     d26:	cb98                	sw	a4,16(a5)
     d28:	fe842783          	lw	a5,-24(s0)
     d2c:	0785                	addi	a5,a5,1
     d2e:	fef42423          	sw	a5,-24(s0)
     d32:	fe842703          	lw	a4,-24(s0)
     d36:	479d                	li	a5,7
     d38:	f4e7f3e3          	bgeu	a5,a4,c7e <GPIO_Init+0xa6>
     d3c:	fcc42783          	lw	a5,-52(s0)
     d40:	fe442703          	lw	a4,-28(s0)
     d44:	c398                	sw	a4,0(a5)
     d46:	fc842783          	lw	a5,-56(s0)
     d4a:	239a                	lhu	a4,0(a5)
     d4c:	0ff00793          	li	a5,255
     d50:	0ee7f063          	bgeu	a5,a4,e30 <GPIO_Init+0x258>
     d54:	fcc42783          	lw	a5,-52(s0)
     d58:	43dc                	lw	a5,4(a5)
     d5a:	fef42223          	sw	a5,-28(s0)
     d5e:	fe042423          	sw	zero,-24(s0)
     d62:	a86d                	j	e1c <GPIO_Init+0x244>
     d64:	fe842783          	lw	a5,-24(s0)
     d68:	07a1                	addi	a5,a5,8
     d6a:	4705                	li	a4,1
     d6c:	00f717b3          	sll	a5,a4,a5
     d70:	fcf42e23          	sw	a5,-36(s0)
     d74:	fc842783          	lw	a5,-56(s0)
     d78:	239e                	lhu	a5,0(a5)
     d7a:	873e                	mv	a4,a5
     d7c:	fdc42783          	lw	a5,-36(s0)
     d80:	8ff9                	and	a5,a5,a4
     d82:	fef42023          	sw	a5,-32(s0)
     d86:	fe042703          	lw	a4,-32(s0)
     d8a:	fdc42783          	lw	a5,-36(s0)
     d8e:	08f71263          	bne	a4,a5,e12 <GPIO_Init+0x23a>
     d92:	fe842783          	lw	a5,-24(s0)
     d96:	078a                	slli	a5,a5,0x2
     d98:	fcf42e23          	sw	a5,-36(s0)
     d9c:	fdc42783          	lw	a5,-36(s0)
     da0:	473d                	li	a4,15
     da2:	00f717b3          	sll	a5,a4,a5
     da6:	fcf42c23          	sw	a5,-40(s0)
     daa:	fd842783          	lw	a5,-40(s0)
     dae:	fff7c793          	not	a5,a5
     db2:	fe442703          	lw	a4,-28(s0)
     db6:	8ff9                	and	a5,a5,a4
     db8:	fef42223          	sw	a5,-28(s0)
     dbc:	fdc42783          	lw	a5,-36(s0)
     dc0:	fec42703          	lw	a4,-20(s0)
     dc4:	00f717b3          	sll	a5,a4,a5
     dc8:	fe442703          	lw	a4,-28(s0)
     dcc:	8fd9                	or	a5,a5,a4
     dce:	fef42223          	sw	a5,-28(s0)
     dd2:	fc842783          	lw	a5,-56(s0)
     dd6:	4798                	lw	a4,8(a5)
     dd8:	02800793          	li	a5,40
     ddc:	00f71b63          	bne	a4,a5,df2 <GPIO_Init+0x21a>
     de0:	fe842783          	lw	a5,-24(s0)
     de4:	07a1                	addi	a5,a5,8
     de6:	4705                	li	a4,1
     de8:	00f71733          	sll	a4,a4,a5
     dec:	fcc42783          	lw	a5,-52(s0)
     df0:	cbd8                	sw	a4,20(a5)
     df2:	fc842783          	lw	a5,-56(s0)
     df6:	4798                	lw	a4,8(a5)
     df8:	04800793          	li	a5,72
     dfc:	00f71b63          	bne	a4,a5,e12 <GPIO_Init+0x23a>
     e00:	fe842783          	lw	a5,-24(s0)
     e04:	07a1                	addi	a5,a5,8
     e06:	4705                	li	a4,1
     e08:	00f71733          	sll	a4,a4,a5
     e0c:	fcc42783          	lw	a5,-52(s0)
     e10:	cb98                	sw	a4,16(a5)
     e12:	fe842783          	lw	a5,-24(s0)
     e16:	0785                	addi	a5,a5,1
     e18:	fef42423          	sw	a5,-24(s0)
     e1c:	fe842703          	lw	a4,-24(s0)
     e20:	479d                	li	a5,7
     e22:	f4e7f1e3          	bgeu	a5,a4,d64 <GPIO_Init+0x18c>
     e26:	fcc42783          	lw	a5,-52(s0)
     e2a:	fe442703          	lw	a4,-28(s0)
     e2e:	c3d8                	sw	a4,4(a5)
     e30:	0001                	nop
     e32:	5472                	lw	s0,60(sp)
     e34:	6121                	addi	sp,sp,64
     e36:	8082                	ret

00000e38 <GPIO_ReadInputDataBit>:
     e38:	7179                	addi	sp,sp,-48
     e3a:	d622                	sw	s0,44(sp)
     e3c:	1800                	addi	s0,sp,48
     e3e:	fca42e23          	sw	a0,-36(s0)
     e42:	87ae                	mv	a5,a1
     e44:	fcf41d23          	sh	a5,-38(s0)
     e48:	fe0407a3          	sb	zero,-17(s0)
     e4c:	fdc42703          	lw	a4,-36(s0)
     e50:	400117b7          	lui	a5,0x40011
     e54:	00f71a63          	bne	a4,a5,e68 <GPIO_ReadInputDataBit+0x30>
     e58:	8101c783          	lbu	a5,-2032(gp) # 20000100 <_edata>
     e5c:	c791                	beqz	a5,e68 <GPIO_ReadInputDataBit+0x30>
     e5e:	fda45783          	lhu	a5,-38(s0)
     e62:	83b5                	srli	a5,a5,0xd
     e64:	fcf41d23          	sh	a5,-38(s0)
     e68:	fdc42783          	lw	a5,-36(s0)
     e6c:	4798                	lw	a4,8(a5)
     e6e:	fda45783          	lhu	a5,-38(s0)
     e72:	8ff9                	and	a5,a5,a4
     e74:	c789                	beqz	a5,e7e <GPIO_ReadInputDataBit+0x46>
     e76:	4785                	li	a5,1
     e78:	fef407a3          	sb	a5,-17(s0)
     e7c:	a019                	j	e82 <GPIO_ReadInputDataBit+0x4a>
     e7e:	fe0407a3          	sb	zero,-17(s0)
     e82:	fef44783          	lbu	a5,-17(s0)
     e86:	853e                	mv	a0,a5
     e88:	5432                	lw	s0,44(sp)
     e8a:	6145                	addi	sp,sp,48
     e8c:	8082                	ret

00000e8e <GPIO_WriteBit>:
     e8e:	1101                	addi	sp,sp,-32
     e90:	ce22                	sw	s0,28(sp)
     e92:	1000                	addi	s0,sp,32
     e94:	fea42623          	sw	a0,-20(s0)
     e98:	87ae                	mv	a5,a1
     e9a:	fec42223          	sw	a2,-28(s0)
     e9e:	fef41523          	sh	a5,-22(s0)
     ea2:	fec42703          	lw	a4,-20(s0)
     ea6:	400117b7          	lui	a5,0x40011
     eaa:	00f71a63          	bne	a4,a5,ebe <GPIO_WriteBit+0x30>
     eae:	8101c783          	lbu	a5,-2032(gp) # 20000100 <_edata>
     eb2:	c791                	beqz	a5,ebe <GPIO_WriteBit+0x30>
     eb4:	fea45783          	lhu	a5,-22(s0)
     eb8:	83b5                	srli	a5,a5,0xd
     eba:	fef41523          	sh	a5,-22(s0)
     ebe:	fe442783          	lw	a5,-28(s0)
     ec2:	c799                	beqz	a5,ed0 <GPIO_WriteBit+0x42>
     ec4:	fea45703          	lhu	a4,-22(s0)
     ec8:	fec42783          	lw	a5,-20(s0)
     ecc:	cb98                	sw	a4,16(a5)
     ece:	a031                	j	eda <GPIO_WriteBit+0x4c>
     ed0:	fea45703          	lhu	a4,-22(s0)
     ed4:	fec42783          	lw	a5,-20(s0)
     ed8:	cbd8                	sw	a4,20(a5)
     eda:	0001                	nop
     edc:	4472                	lw	s0,28(sp)
     ede:	6105                	addi	sp,sp,32
     ee0:	8082                	ret

00000ee2 <RCC_ADCCLKConfig>:
     ee2:	7179                	addi	sp,sp,-48
     ee4:	d622                	sw	s0,44(sp)
     ee6:	1800                	addi	s0,sp,48
     ee8:	fca42e23          	sw	a0,-36(s0)
     eec:	fe042623          	sw	zero,-20(s0)
     ef0:	400217b7          	lui	a5,0x40021
     ef4:	43dc                	lw	a5,4(a5)
     ef6:	fef42623          	sw	a5,-20(s0)
     efa:	fec42703          	lw	a4,-20(s0)
     efe:	77d1                	lui	a5,0xffff4
     f00:	17fd                	addi	a5,a5,-1
     f02:	8ff9                	and	a5,a5,a4
     f04:	fef42623          	sw	a5,-20(s0)
     f08:	fec42703          	lw	a4,-20(s0)
     f0c:	fdc42783          	lw	a5,-36(s0)
     f10:	8fd9                	or	a5,a5,a4
     f12:	fef42623          	sw	a5,-20(s0)
     f16:	400217b7          	lui	a5,0x40021
     f1a:	fec42703          	lw	a4,-20(s0)
     f1e:	c3d8                	sw	a4,4(a5)
     f20:	0001                	nop
     f22:	5432                	lw	s0,44(sp)
     f24:	6145                	addi	sp,sp,48
     f26:	8082                	ret

00000f28 <RCC_GetClocksFreq>:
     f28:	7179                	addi	sp,sp,-48
     f2a:	d622                	sw	s0,44(sp)
     f2c:	1800                	addi	s0,sp,48
     f2e:	fca42e23          	sw	a0,-36(s0)
     f32:	fe042423          	sw	zero,-24(s0)
     f36:	fe042623          	sw	zero,-20(s0)
     f3a:	fe042223          	sw	zero,-28(s0)
     f3e:	fe042023          	sw	zero,-32(s0)
     f42:	400217b7          	lui	a5,0x40021
     f46:	43dc                	lw	a5,4(a5)
     f48:	8bb1                	andi	a5,a5,12
     f4a:	fef42423          	sw	a5,-24(s0)
     f4e:	fe842703          	lw	a4,-24(s0)
     f52:	4791                	li	a5,4
     f54:	02f70263          	beq	a4,a5,f78 <RCC_GetClocksFreq+0x50>
     f58:	fe842703          	lw	a4,-24(s0)
     f5c:	47a1                	li	a5,8
     f5e:	02f70563          	beq	a4,a5,f88 <RCC_GetClocksFreq+0x60>
     f62:	fe842783          	lw	a5,-24(s0)
     f66:	eff9                	bnez	a5,1044 <RCC_GetClocksFreq+0x11c>
     f68:	fdc42783          	lw	a5,-36(s0)
     f6c:	007a1737          	lui	a4,0x7a1
     f70:	20070713          	addi	a4,a4,512 # 7a1200 <__rt_init_end+0x794840>
     f74:	c398                	sw	a4,0(a5)
     f76:	a8f9                	j	1054 <RCC_GetClocksFreq+0x12c>
     f78:	fdc42783          	lw	a5,-36(s0)
     f7c:	007a1737          	lui	a4,0x7a1
     f80:	20070713          	addi	a4,a4,512 # 7a1200 <__rt_init_end+0x794840>
     f84:	c398                	sw	a4,0(a5)
     f86:	a0f9                	j	1054 <RCC_GetClocksFreq+0x12c>
     f88:	400217b7          	lui	a5,0x40021
     f8c:	43d8                	lw	a4,4(a5)
     f8e:	003c07b7          	lui	a5,0x3c0
     f92:	8ff9                	and	a5,a5,a4
     f94:	fef42623          	sw	a5,-20(s0)
     f98:	400217b7          	lui	a5,0x40021
     f9c:	43d8                	lw	a4,4(a5)
     f9e:	67c1                	lui	a5,0x10
     fa0:	8ff9                	and	a5,a5,a4
     fa2:	fef42223          	sw	a5,-28(s0)
     fa6:	fec42783          	lw	a5,-20(s0)
     faa:	83c9                	srli	a5,a5,0x12
     fac:	0789                	addi	a5,a5,2
     fae:	fef42623          	sw	a5,-20(s0)
     fb2:	fec42703          	lw	a4,-20(s0)
     fb6:	47c5                	li	a5,17
     fb8:	00f71563          	bne	a4,a5,fc2 <RCC_GetClocksFreq+0x9a>
     fbc:	47c9                	li	a5,18
     fbe:	fef42623          	sw	a5,-20(s0)
     fc2:	fe442783          	lw	a5,-28(s0)
     fc6:	e3a1                	bnez	a5,1006 <RCC_GetClocksFreq+0xde>
     fc8:	400247b7          	lui	a5,0x40024
     fcc:	80078793          	addi	a5,a5,-2048 # 40023800 <_eusrstack+0x2001e800>
     fd0:	439c                	lw	a5,0(a5)
     fd2:	8bc1                	andi	a5,a5,16
     fd4:	cf89                	beqz	a5,fee <RCC_GetClocksFreq+0xc6>
     fd6:	fec42703          	lw	a4,-20(s0)
     fda:	007a17b7          	lui	a5,0x7a1
     fde:	20078793          	addi	a5,a5,512 # 7a1200 <__rt_init_end+0x794840>
     fe2:	02f70733          	mul	a4,a4,a5
     fe6:	fdc42783          	lw	a5,-36(s0)
     fea:	c398                	sw	a4,0(a5)
     fec:	a0a5                	j	1054 <RCC_GetClocksFreq+0x12c>
     fee:	fec42703          	lw	a4,-20(s0)
     ff2:	003d17b7          	lui	a5,0x3d1
     ff6:	90078793          	addi	a5,a5,-1792 # 3d0900 <__rt_init_end+0x3c3f40>
     ffa:	02f70733          	mul	a4,a4,a5
     ffe:	fdc42783          	lw	a5,-36(s0)
    1002:	c398                	sw	a4,0(a5)
    1004:	a881                	j	1054 <RCC_GetClocksFreq+0x12c>
    1006:	400217b7          	lui	a5,0x40021
    100a:	43d8                	lw	a4,4(a5)
    100c:	000207b7          	lui	a5,0x20
    1010:	8ff9                	and	a5,a5,a4
    1012:	cf89                	beqz	a5,102c <RCC_GetClocksFreq+0x104>
    1014:	fec42703          	lw	a4,-20(s0)
    1018:	003d17b7          	lui	a5,0x3d1
    101c:	90078793          	addi	a5,a5,-1792 # 3d0900 <__rt_init_end+0x3c3f40>
    1020:	02f70733          	mul	a4,a4,a5
    1024:	fdc42783          	lw	a5,-36(s0)
    1028:	c398                	sw	a4,0(a5)
    102a:	a02d                	j	1054 <RCC_GetClocksFreq+0x12c>
    102c:	fec42703          	lw	a4,-20(s0)
    1030:	007a17b7          	lui	a5,0x7a1
    1034:	20078793          	addi	a5,a5,512 # 7a1200 <__rt_init_end+0x794840>
    1038:	02f70733          	mul	a4,a4,a5
    103c:	fdc42783          	lw	a5,-36(s0)
    1040:	c398                	sw	a4,0(a5)
    1042:	a809                	j	1054 <RCC_GetClocksFreq+0x12c>
    1044:	fdc42783          	lw	a5,-36(s0)
    1048:	007a1737          	lui	a4,0x7a1
    104c:	20070713          	addi	a4,a4,512 # 7a1200 <__rt_init_end+0x794840>
    1050:	c398                	sw	a4,0(a5)
    1052:	0001                	nop
    1054:	400217b7          	lui	a5,0x40021
    1058:	43dc                	lw	a5,4(a5)
    105a:	0f07f793          	andi	a5,a5,240
    105e:	fef42423          	sw	a5,-24(s0)
    1062:	fe842783          	lw	a5,-24(s0)
    1066:	8391                	srli	a5,a5,0x4
    1068:	fef42423          	sw	a5,-24(s0)
    106c:	200007b7          	lui	a5,0x20000
    1070:	00078713          	mv	a4,a5
    1074:	fe842783          	lw	a5,-24(s0)
    1078:	97ba                	add	a5,a5,a4
    107a:	239c                	lbu	a5,0(a5)
    107c:	0ff7f793          	andi	a5,a5,255
    1080:	fef42023          	sw	a5,-32(s0)
    1084:	fdc42783          	lw	a5,-36(s0)
    1088:	4398                	lw	a4,0(a5)
    108a:	fe042783          	lw	a5,-32(s0)
    108e:	00f75733          	srl	a4,a4,a5
    1092:	fdc42783          	lw	a5,-36(s0)
    1096:	c3d8                	sw	a4,4(a5)
    1098:	400217b7          	lui	a5,0x40021
    109c:	43dc                	lw	a5,4(a5)
    109e:	7007f793          	andi	a5,a5,1792
    10a2:	fef42423          	sw	a5,-24(s0)
    10a6:	fe842783          	lw	a5,-24(s0)
    10aa:	83a1                	srli	a5,a5,0x8
    10ac:	fef42423          	sw	a5,-24(s0)
    10b0:	200007b7          	lui	a5,0x20000
    10b4:	00078713          	mv	a4,a5
    10b8:	fe842783          	lw	a5,-24(s0)
    10bc:	97ba                	add	a5,a5,a4
    10be:	239c                	lbu	a5,0(a5)
    10c0:	0ff7f793          	andi	a5,a5,255
    10c4:	fef42023          	sw	a5,-32(s0)
    10c8:	fdc42783          	lw	a5,-36(s0)
    10cc:	43d8                	lw	a4,4(a5)
    10ce:	fe042783          	lw	a5,-32(s0)
    10d2:	00f75733          	srl	a4,a4,a5
    10d6:	fdc42783          	lw	a5,-36(s0)
    10da:	c798                	sw	a4,8(a5)
    10dc:	400217b7          	lui	a5,0x40021
    10e0:	43d8                	lw	a4,4(a5)
    10e2:	6791                	lui	a5,0x4
    10e4:	80078793          	addi	a5,a5,-2048 # 3800 <fifo_read_buffer+0x13e>
    10e8:	8ff9                	and	a5,a5,a4
    10ea:	fef42423          	sw	a5,-24(s0)
    10ee:	fe842783          	lw	a5,-24(s0)
    10f2:	83ad                	srli	a5,a5,0xb
    10f4:	fef42423          	sw	a5,-24(s0)
    10f8:	200007b7          	lui	a5,0x20000
    10fc:	00078713          	mv	a4,a5
    1100:	fe842783          	lw	a5,-24(s0)
    1104:	97ba                	add	a5,a5,a4
    1106:	239c                	lbu	a5,0(a5)
    1108:	0ff7f793          	andi	a5,a5,255
    110c:	fef42023          	sw	a5,-32(s0)
    1110:	fdc42783          	lw	a5,-36(s0)
    1114:	43d8                	lw	a4,4(a5)
    1116:	fe042783          	lw	a5,-32(s0)
    111a:	00f75733          	srl	a4,a4,a5
    111e:	fdc42783          	lw	a5,-36(s0)
    1122:	c7d8                	sw	a4,12(a5)
    1124:	400217b7          	lui	a5,0x40021
    1128:	43d8                	lw	a4,4(a5)
    112a:	67b1                	lui	a5,0xc
    112c:	8ff9                	and	a5,a5,a4
    112e:	fef42423          	sw	a5,-24(s0)
    1132:	fe842783          	lw	a5,-24(s0)
    1136:	83b9                	srli	a5,a5,0xe
    1138:	fef42423          	sw	a5,-24(s0)
    113c:	200007b7          	lui	a5,0x20000
    1140:	0f078713          	addi	a4,a5,240 # 200000f0 <ADCPrescTable>
    1144:	fe842783          	lw	a5,-24(s0)
    1148:	97ba                	add	a5,a5,a4
    114a:	239c                	lbu	a5,0(a5)
    114c:	0ff7f793          	andi	a5,a5,255
    1150:	fef42023          	sw	a5,-32(s0)
    1154:	fdc42783          	lw	a5,-36(s0)
    1158:	47d8                	lw	a4,12(a5)
    115a:	fe042783          	lw	a5,-32(s0)
    115e:	02f75733          	divu	a4,a4,a5
    1162:	fdc42783          	lw	a5,-36(s0)
    1166:	cb98                	sw	a4,16(a5)
    1168:	0001                	nop
    116a:	5432                	lw	s0,44(sp)
    116c:	6145                	addi	sp,sp,48
    116e:	8082                	ret

00001170 <RCC_AHBPeriphClockCmd>:
    1170:	1101                	addi	sp,sp,-32
    1172:	ce22                	sw	s0,28(sp)
    1174:	1000                	addi	s0,sp,32
    1176:	fea42623          	sw	a0,-20(s0)
    117a:	feb42423          	sw	a1,-24(s0)
    117e:	fe842783          	lw	a5,-24(s0)
    1182:	cb99                	beqz	a5,1198 <RCC_AHBPeriphClockCmd+0x28>
    1184:	400217b7          	lui	a5,0x40021
    1188:	4bd4                	lw	a3,20(a5)
    118a:	400217b7          	lui	a5,0x40021
    118e:	fec42703          	lw	a4,-20(s0)
    1192:	8f55                	or	a4,a4,a3
    1194:	cbd8                	sw	a4,20(a5)
    1196:	a821                	j	11ae <RCC_AHBPeriphClockCmd+0x3e>
    1198:	400217b7          	lui	a5,0x40021
    119c:	4bd4                	lw	a3,20(a5)
    119e:	fec42783          	lw	a5,-20(s0)
    11a2:	fff7c713          	not	a4,a5
    11a6:	400217b7          	lui	a5,0x40021
    11aa:	8f75                	and	a4,a4,a3
    11ac:	cbd8                	sw	a4,20(a5)
    11ae:	0001                	nop
    11b0:	4472                	lw	s0,28(sp)
    11b2:	6105                	addi	sp,sp,32
    11b4:	8082                	ret

000011b6 <RCC_APB2PeriphClockCmd>:
    11b6:	1101                	addi	sp,sp,-32
    11b8:	ce22                	sw	s0,28(sp)
    11ba:	1000                	addi	s0,sp,32
    11bc:	fea42623          	sw	a0,-20(s0)
    11c0:	feb42423          	sw	a1,-24(s0)
    11c4:	fe842783          	lw	a5,-24(s0)
    11c8:	cb99                	beqz	a5,11de <RCC_APB2PeriphClockCmd+0x28>
    11ca:	400217b7          	lui	a5,0x40021
    11ce:	4f94                	lw	a3,24(a5)
    11d0:	400217b7          	lui	a5,0x40021
    11d4:	fec42703          	lw	a4,-20(s0)
    11d8:	8f55                	or	a4,a4,a3
    11da:	cf98                	sw	a4,24(a5)
    11dc:	a821                	j	11f4 <RCC_APB2PeriphClockCmd+0x3e>
    11de:	400217b7          	lui	a5,0x40021
    11e2:	4f94                	lw	a3,24(a5)
    11e4:	fec42783          	lw	a5,-20(s0)
    11e8:	fff7c713          	not	a4,a5
    11ec:	400217b7          	lui	a5,0x40021
    11f0:	8f75                	and	a4,a4,a3
    11f2:	cf98                	sw	a4,24(a5)
    11f4:	0001                	nop
    11f6:	4472                	lw	s0,28(sp)
    11f8:	6105                	addi	sp,sp,32
    11fa:	8082                	ret

000011fc <RCC_APB1PeriphClockCmd>:
    11fc:	1101                	addi	sp,sp,-32
    11fe:	ce22                	sw	s0,28(sp)
    1200:	1000                	addi	s0,sp,32
    1202:	fea42623          	sw	a0,-20(s0)
    1206:	feb42423          	sw	a1,-24(s0)
    120a:	fe842783          	lw	a5,-24(s0)
    120e:	cb99                	beqz	a5,1224 <RCC_APB1PeriphClockCmd+0x28>
    1210:	400217b7          	lui	a5,0x40021
    1214:	4fd4                	lw	a3,28(a5)
    1216:	400217b7          	lui	a5,0x40021
    121a:	fec42703          	lw	a4,-20(s0)
    121e:	8f55                	or	a4,a4,a3
    1220:	cfd8                	sw	a4,28(a5)
    1222:	a821                	j	123a <RCC_APB1PeriphClockCmd+0x3e>
    1224:	400217b7          	lui	a5,0x40021
    1228:	4fd4                	lw	a3,28(a5)
    122a:	fec42783          	lw	a5,-20(s0)
    122e:	fff7c713          	not	a4,a5
    1232:	400217b7          	lui	a5,0x40021
    1236:	8f75                	and	a4,a4,a3
    1238:	cfd8                	sw	a4,28(a5)
    123a:	0001                	nop
    123c:	4472                	lw	s0,28(sp)
    123e:	6105                	addi	sp,sp,32
    1240:	8082                	ret

00001242 <RCC_APB2PeriphResetCmd>:
    1242:	1101                	addi	sp,sp,-32
    1244:	ce22                	sw	s0,28(sp)
    1246:	1000                	addi	s0,sp,32
    1248:	fea42623          	sw	a0,-20(s0)
    124c:	feb42423          	sw	a1,-24(s0)
    1250:	fe842783          	lw	a5,-24(s0)
    1254:	cb99                	beqz	a5,126a <RCC_APB2PeriphResetCmd+0x28>
    1256:	400217b7          	lui	a5,0x40021
    125a:	47d4                	lw	a3,12(a5)
    125c:	400217b7          	lui	a5,0x40021
    1260:	fec42703          	lw	a4,-20(s0)
    1264:	8f55                	or	a4,a4,a3
    1266:	c7d8                	sw	a4,12(a5)
    1268:	a821                	j	1280 <RCC_APB2PeriphResetCmd+0x3e>
    126a:	400217b7          	lui	a5,0x40021
    126e:	47d4                	lw	a3,12(a5)
    1270:	fec42783          	lw	a5,-20(s0)
    1274:	fff7c713          	not	a4,a5
    1278:	400217b7          	lui	a5,0x40021
    127c:	8f75                	and	a4,a4,a3
    127e:	c7d8                	sw	a4,12(a5)
    1280:	0001                	nop
    1282:	4472                	lw	s0,28(sp)
    1284:	6105                	addi	sp,sp,32
    1286:	8082                	ret

00001288 <RCC_APB1PeriphResetCmd>:
    1288:	1101                	addi	sp,sp,-32
    128a:	ce22                	sw	s0,28(sp)
    128c:	1000                	addi	s0,sp,32
    128e:	fea42623          	sw	a0,-20(s0)
    1292:	feb42423          	sw	a1,-24(s0)
    1296:	fe842783          	lw	a5,-24(s0)
    129a:	cb99                	beqz	a5,12b0 <RCC_APB1PeriphResetCmd+0x28>
    129c:	400217b7          	lui	a5,0x40021
    12a0:	4b94                	lw	a3,16(a5)
    12a2:	400217b7          	lui	a5,0x40021
    12a6:	fec42703          	lw	a4,-20(s0)
    12aa:	8f55                	or	a4,a4,a3
    12ac:	cb98                	sw	a4,16(a5)
    12ae:	a821                	j	12c6 <RCC_APB1PeriphResetCmd+0x3e>
    12b0:	400217b7          	lui	a5,0x40021
    12b4:	4b94                	lw	a3,16(a5)
    12b6:	fec42783          	lw	a5,-20(s0)
    12ba:	fff7c713          	not	a4,a5
    12be:	400217b7          	lui	a5,0x40021
    12c2:	8f75                	and	a4,a4,a3
    12c4:	cb98                	sw	a4,16(a5)
    12c6:	0001                	nop
    12c8:	4472                	lw	s0,28(sp)
    12ca:	6105                	addi	sp,sp,32
    12cc:	8082                	ret

000012ce <USART_DeInit>:
    12ce:	1101                	addi	sp,sp,-32
    12d0:	ce06                	sw	ra,28(sp)
    12d2:	cc22                	sw	s0,24(sp)
    12d4:	1000                	addi	s0,sp,32
    12d6:	fea42623          	sw	a0,-20(s0)
    12da:	fec42703          	lw	a4,-20(s0)
    12de:	400147b7          	lui	a5,0x40014
    12e2:	80078793          	addi	a5,a5,-2048 # 40013800 <_eusrstack+0x2000e800>
    12e6:	00f71963          	bne	a4,a5,12f8 <USART_DeInit+0x2a>
    12ea:	4585                	li	a1,1
    12ec:	6511                	lui	a0,0x4
    12ee:	3f91                	jal	1242 <RCC_APB2PeriphResetCmd>
    12f0:	4581                	li	a1,0
    12f2:	6511                	lui	a0,0x4
    12f4:	37b9                	jal	1242 <RCC_APB2PeriphResetCmd>
    12f6:	a09d                	j	135c <USART_DeInit+0x8e>
    12f8:	fec42703          	lw	a4,-20(s0)
    12fc:	400047b7          	lui	a5,0x40004
    1300:	40078793          	addi	a5,a5,1024 # 40004400 <_eusrstack+0x1ffff400>
    1304:	00f71b63          	bne	a4,a5,131a <USART_DeInit+0x4c>
    1308:	4585                	li	a1,1
    130a:	00020537          	lui	a0,0x20
    130e:	3fad                	jal	1288 <RCC_APB1PeriphResetCmd>
    1310:	4581                	li	a1,0
    1312:	00020537          	lui	a0,0x20
    1316:	3f8d                	jal	1288 <RCC_APB1PeriphResetCmd>
    1318:	a091                	j	135c <USART_DeInit+0x8e>
    131a:	fec42703          	lw	a4,-20(s0)
    131e:	400057b7          	lui	a5,0x40005
    1322:	80078793          	addi	a5,a5,-2048 # 40004800 <_eusrstack+0x1ffff800>
    1326:	00f71b63          	bne	a4,a5,133c <USART_DeInit+0x6e>
    132a:	4585                	li	a1,1
    132c:	00040537          	lui	a0,0x40
    1330:	3fa1                	jal	1288 <RCC_APB1PeriphResetCmd>
    1332:	4581                	li	a1,0
    1334:	00040537          	lui	a0,0x40
    1338:	3f81                	jal	1288 <RCC_APB1PeriphResetCmd>
    133a:	a00d                	j	135c <USART_DeInit+0x8e>
    133c:	fec42703          	lw	a4,-20(s0)
    1340:	400057b7          	lui	a5,0x40005
    1344:	c0078793          	addi	a5,a5,-1024 # 40004c00 <_eusrstack+0x1ffffc00>
    1348:	00f71a63          	bne	a4,a5,135c <USART_DeInit+0x8e>
    134c:	4585                	li	a1,1
    134e:	00080537          	lui	a0,0x80
    1352:	3f1d                	jal	1288 <RCC_APB1PeriphResetCmd>
    1354:	4581                	li	a1,0
    1356:	00080537          	lui	a0,0x80
    135a:	373d                	jal	1288 <RCC_APB1PeriphResetCmd>
    135c:	0001                	nop
    135e:	40f2                	lw	ra,28(sp)
    1360:	4462                	lw	s0,24(sp)
    1362:	6105                	addi	sp,sp,32
    1364:	8082                	ret

00001366 <USART_Init>:
    1366:	715d                	addi	sp,sp,-80
    1368:	c686                	sw	ra,76(sp)
    136a:	c4a2                	sw	s0,72(sp)
    136c:	0880                	addi	s0,sp,80
    136e:	faa42e23          	sw	a0,-68(s0)
    1372:	fab42c23          	sw	a1,-72(s0)
    1376:	fe042623          	sw	zero,-20(s0)
    137a:	fe042423          	sw	zero,-24(s0)
    137e:	fe042223          	sw	zero,-28(s0)
    1382:	fe042023          	sw	zero,-32(s0)
    1386:	fc042e23          	sw	zero,-36(s0)
    138a:	fbc42783          	lw	a5,-68(s0)
    138e:	fcf42e23          	sw	a5,-36(s0)
    1392:	fbc42783          	lw	a5,-68(s0)
    1396:	2b9e                	lhu	a5,16(a5)
    1398:	07c2                	slli	a5,a5,0x10
    139a:	83c1                	srli	a5,a5,0x10
    139c:	fef42623          	sw	a5,-20(s0)
    13a0:	fec42703          	lw	a4,-20(s0)
    13a4:	67b5                	lui	a5,0xd
    13a6:	17fd                	addi	a5,a5,-1
    13a8:	8ff9                	and	a5,a5,a4
    13aa:	fef42623          	sw	a5,-20(s0)
    13ae:	fb842783          	lw	a5,-72(s0)
    13b2:	23fe                	lhu	a5,6(a5)
    13b4:	873e                	mv	a4,a5
    13b6:	fec42783          	lw	a5,-20(s0)
    13ba:	8fd9                	or	a5,a5,a4
    13bc:	fef42623          	sw	a5,-20(s0)
    13c0:	fec42783          	lw	a5,-20(s0)
    13c4:	01079713          	slli	a4,a5,0x10
    13c8:	8341                	srli	a4,a4,0x10
    13ca:	fbc42783          	lw	a5,-68(s0)
    13ce:	ab9a                	sh	a4,16(a5)
    13d0:	fbc42783          	lw	a5,-68(s0)
    13d4:	27de                	lhu	a5,12(a5)
    13d6:	07c2                	slli	a5,a5,0x10
    13d8:	83c1                	srli	a5,a5,0x10
    13da:	fef42623          	sw	a5,-20(s0)
    13de:	fec42703          	lw	a4,-20(s0)
    13e2:	67bd                	lui	a5,0xf
    13e4:	9f378793          	addi	a5,a5,-1549 # e9f3 <__rt_init_end+0x2033>
    13e8:	8ff9                	and	a5,a5,a4
    13ea:	fef42623          	sw	a5,-20(s0)
    13ee:	fb842783          	lw	a5,-72(s0)
    13f2:	23da                	lhu	a4,4(a5)
    13f4:	fb842783          	lw	a5,-72(s0)
    13f8:	279e                	lhu	a5,8(a5)
    13fa:	8fd9                	or	a5,a5,a4
    13fc:	01079713          	slli	a4,a5,0x10
    1400:	8341                	srli	a4,a4,0x10
    1402:	fb842783          	lw	a5,-72(s0)
    1406:	27be                	lhu	a5,10(a5)
    1408:	8fd9                	or	a5,a5,a4
    140a:	07c2                	slli	a5,a5,0x10
    140c:	83c1                	srli	a5,a5,0x10
    140e:	873e                	mv	a4,a5
    1410:	fec42783          	lw	a5,-20(s0)
    1414:	8fd9                	or	a5,a5,a4
    1416:	fef42623          	sw	a5,-20(s0)
    141a:	fec42783          	lw	a5,-20(s0)
    141e:	01079713          	slli	a4,a5,0x10
    1422:	8341                	srli	a4,a4,0x10
    1424:	fbc42783          	lw	a5,-68(s0)
    1428:	a7da                	sh	a4,12(a5)
    142a:	fbc42783          	lw	a5,-68(s0)
    142e:	2bde                	lhu	a5,20(a5)
    1430:	07c2                	slli	a5,a5,0x10
    1432:	83c1                	srli	a5,a5,0x10
    1434:	fef42623          	sw	a5,-20(s0)
    1438:	fec42703          	lw	a4,-20(s0)
    143c:	67c1                	lui	a5,0x10
    143e:	cff78793          	addi	a5,a5,-769 # fcff <__rt_init_end+0x333f>
    1442:	8ff9                	and	a5,a5,a4
    1444:	fef42623          	sw	a5,-20(s0)
    1448:	fb842783          	lw	a5,-72(s0)
    144c:	27de                	lhu	a5,12(a5)
    144e:	873e                	mv	a4,a5
    1450:	fec42783          	lw	a5,-20(s0)
    1454:	8fd9                	or	a5,a5,a4
    1456:	fef42623          	sw	a5,-20(s0)
    145a:	fec42783          	lw	a5,-20(s0)
    145e:	01079713          	slli	a4,a5,0x10
    1462:	8341                	srli	a4,a4,0x10
    1464:	fbc42783          	lw	a5,-68(s0)
    1468:	abda                	sh	a4,20(a5)
    146a:	fc840793          	addi	a5,s0,-56
    146e:	853e                	mv	a0,a5
    1470:	3c65                	jal	f28 <RCC_GetClocksFreq>
    1472:	fdc42703          	lw	a4,-36(s0)
    1476:	400147b7          	lui	a5,0x40014
    147a:	80078793          	addi	a5,a5,-2048 # 40013800 <_eusrstack+0x2000e800>
    147e:	00f71763          	bne	a4,a5,148c <USART_Init+0x126>
    1482:	fd442783          	lw	a5,-44(s0)
    1486:	fef42423          	sw	a5,-24(s0)
    148a:	a029                	j	1494 <USART_Init+0x12e>
    148c:	fd042783          	lw	a5,-48(s0)
    1490:	fef42423          	sw	a5,-24(s0)
    1494:	fbc42783          	lw	a5,-68(s0)
    1498:	27de                	lhu	a5,12(a5)
    149a:	07c2                	slli	a5,a5,0x10
    149c:	83c1                	srli	a5,a5,0x10
    149e:	07c2                	slli	a5,a5,0x10
    14a0:	87c1                	srai	a5,a5,0x10
    14a2:	0207d263          	bgez	a5,14c6 <USART_Init+0x160>
    14a6:	fe842703          	lw	a4,-24(s0)
    14aa:	87ba                	mv	a5,a4
    14ac:	0786                	slli	a5,a5,0x1
    14ae:	97ba                	add	a5,a5,a4
    14b0:	078e                	slli	a5,a5,0x3
    14b2:	973e                	add	a4,a4,a5
    14b4:	fb842783          	lw	a5,-72(s0)
    14b8:	439c                	lw	a5,0(a5)
    14ba:	0786                	slli	a5,a5,0x1
    14bc:	02f757b3          	divu	a5,a4,a5
    14c0:	fef42223          	sw	a5,-28(s0)
    14c4:	a005                	j	14e4 <USART_Init+0x17e>
    14c6:	fe842703          	lw	a4,-24(s0)
    14ca:	87ba                	mv	a5,a4
    14cc:	0786                	slli	a5,a5,0x1
    14ce:	97ba                	add	a5,a5,a4
    14d0:	078e                	slli	a5,a5,0x3
    14d2:	973e                	add	a4,a4,a5
    14d4:	fb842783          	lw	a5,-72(s0)
    14d8:	439c                	lw	a5,0(a5)
    14da:	078a                	slli	a5,a5,0x2
    14dc:	02f757b3          	divu	a5,a4,a5
    14e0:	fef42223          	sw	a5,-28(s0)
    14e4:	fe442703          	lw	a4,-28(s0)
    14e8:	06400793          	li	a5,100
    14ec:	02f757b3          	divu	a5,a4,a5
    14f0:	0792                	slli	a5,a5,0x4
    14f2:	fef42623          	sw	a5,-20(s0)
    14f6:	fec42783          	lw	a5,-20(s0)
    14fa:	0047d713          	srli	a4,a5,0x4
    14fe:	06400793          	li	a5,100
    1502:	02f707b3          	mul	a5,a4,a5
    1506:	fe442703          	lw	a4,-28(s0)
    150a:	40f707b3          	sub	a5,a4,a5
    150e:	fef42023          	sw	a5,-32(s0)
    1512:	fbc42783          	lw	a5,-68(s0)
    1516:	27de                	lhu	a5,12(a5)
    1518:	07c2                	slli	a5,a5,0x10
    151a:	83c1                	srli	a5,a5,0x10
    151c:	07c2                	slli	a5,a5,0x10
    151e:	87c1                	srai	a5,a5,0x10
    1520:	0207d263          	bgez	a5,1544 <USART_Init+0x1de>
    1524:	fe042783          	lw	a5,-32(s0)
    1528:	078e                	slli	a5,a5,0x3
    152a:	03278713          	addi	a4,a5,50
    152e:	06400793          	li	a5,100
    1532:	02f757b3          	divu	a5,a4,a5
    1536:	8b9d                	andi	a5,a5,7
    1538:	fec42703          	lw	a4,-20(s0)
    153c:	8fd9                	or	a5,a5,a4
    153e:	fef42623          	sw	a5,-20(s0)
    1542:	a005                	j	1562 <USART_Init+0x1fc>
    1544:	fe042783          	lw	a5,-32(s0)
    1548:	0792                	slli	a5,a5,0x4
    154a:	03278713          	addi	a4,a5,50
    154e:	06400793          	li	a5,100
    1552:	02f757b3          	divu	a5,a4,a5
    1556:	8bbd                	andi	a5,a5,15
    1558:	fec42703          	lw	a4,-20(s0)
    155c:	8fd9                	or	a5,a5,a4
    155e:	fef42623          	sw	a5,-20(s0)
    1562:	fec42783          	lw	a5,-20(s0)
    1566:	01079713          	slli	a4,a5,0x10
    156a:	8341                	srli	a4,a4,0x10
    156c:	fbc42783          	lw	a5,-68(s0)
    1570:	a79a                	sh	a4,8(a5)
    1572:	0001                	nop
    1574:	40b6                	lw	ra,76(sp)
    1576:	4426                	lw	s0,72(sp)
    1578:	6161                	addi	sp,sp,80
    157a:	8082                	ret

0000157c <USART_Cmd>:
    157c:	1101                	addi	sp,sp,-32
    157e:	ce22                	sw	s0,28(sp)
    1580:	1000                	addi	s0,sp,32
    1582:	fea42623          	sw	a0,-20(s0)
    1586:	feb42423          	sw	a1,-24(s0)
    158a:	fe842783          	lw	a5,-24(s0)
    158e:	c385                	beqz	a5,15ae <USART_Cmd+0x32>
    1590:	fec42783          	lw	a5,-20(s0)
    1594:	27de                	lhu	a5,12(a5)
    1596:	01079713          	slli	a4,a5,0x10
    159a:	8341                	srli	a4,a4,0x10
    159c:	6789                	lui	a5,0x2
    159e:	8fd9                	or	a5,a5,a4
    15a0:	01079713          	slli	a4,a5,0x10
    15a4:	8341                	srli	a4,a4,0x10
    15a6:	fec42783          	lw	a5,-20(s0)
    15aa:	a7da                	sh	a4,12(a5)
    15ac:	a005                	j	15cc <USART_Cmd+0x50>
    15ae:	fec42783          	lw	a5,-20(s0)
    15b2:	27de                	lhu	a5,12(a5)
    15b4:	01079713          	slli	a4,a5,0x10
    15b8:	8341                	srli	a4,a4,0x10
    15ba:	77f9                	lui	a5,0xffffe
    15bc:	17fd                	addi	a5,a5,-1
    15be:	8ff9                	and	a5,a5,a4
    15c0:	01079713          	slli	a4,a5,0x10
    15c4:	8341                	srli	a4,a4,0x10
    15c6:	fec42783          	lw	a5,-20(s0)
    15ca:	a7da                	sh	a4,12(a5)
    15cc:	0001                	nop
    15ce:	4472                	lw	s0,28(sp)
    15d0:	6105                	addi	sp,sp,32
    15d2:	8082                	ret

000015d4 <USART_ITConfig>:
    15d4:	7179                	addi	sp,sp,-48
    15d6:	d622                	sw	s0,44(sp)
    15d8:	1800                	addi	s0,sp,48
    15da:	fca42e23          	sw	a0,-36(s0)
    15de:	87ae                	mv	a5,a1
    15e0:	fcc42a23          	sw	a2,-44(s0)
    15e4:	fcf41d23          	sh	a5,-38(s0)
    15e8:	fe042423          	sw	zero,-24(s0)
    15ec:	fe042223          	sw	zero,-28(s0)
    15f0:	fe042023          	sw	zero,-32(s0)
    15f4:	fe042623          	sw	zero,-20(s0)
    15f8:	fdc42783          	lw	a5,-36(s0)
    15fc:	fef42623          	sw	a5,-20(s0)
    1600:	fda45783          	lhu	a5,-38(s0)
    1604:	0ff7f793          	andi	a5,a5,255
    1608:	8395                	srli	a5,a5,0x5
    160a:	0ff7f793          	andi	a5,a5,255
    160e:	fef42423          	sw	a5,-24(s0)
    1612:	fda45783          	lhu	a5,-38(s0)
    1616:	8bfd                	andi	a5,a5,31
    1618:	fef42223          	sw	a5,-28(s0)
    161c:	fe442783          	lw	a5,-28(s0)
    1620:	4705                	li	a4,1
    1622:	00f717b3          	sll	a5,a4,a5
    1626:	fef42023          	sw	a5,-32(s0)
    162a:	fe842703          	lw	a4,-24(s0)
    162e:	4785                	li	a5,1
    1630:	00f71863          	bne	a4,a5,1640 <USART_ITConfig+0x6c>
    1634:	fec42783          	lw	a5,-20(s0)
    1638:	07b1                	addi	a5,a5,12
    163a:	fef42623          	sw	a5,-20(s0)
    163e:	a00d                	j	1660 <USART_ITConfig+0x8c>
    1640:	fe842703          	lw	a4,-24(s0)
    1644:	4789                	li	a5,2
    1646:	00f71863          	bne	a4,a5,1656 <USART_ITConfig+0x82>
    164a:	fec42783          	lw	a5,-20(s0)
    164e:	07c1                	addi	a5,a5,16
    1650:	fef42623          	sw	a5,-20(s0)
    1654:	a031                	j	1660 <USART_ITConfig+0x8c>
    1656:	fec42783          	lw	a5,-20(s0)
    165a:	07d1                	addi	a5,a5,20
    165c:	fef42623          	sw	a5,-20(s0)
    1660:	fd442783          	lw	a5,-44(s0)
    1664:	cb99                	beqz	a5,167a <USART_ITConfig+0xa6>
    1666:	fec42783          	lw	a5,-20(s0)
    166a:	4394                	lw	a3,0(a5)
    166c:	fec42783          	lw	a5,-20(s0)
    1670:	fe042703          	lw	a4,-32(s0)
    1674:	8f55                	or	a4,a4,a3
    1676:	c398                	sw	a4,0(a5)
    1678:	a821                	j	1690 <USART_ITConfig+0xbc>
    167a:	fec42783          	lw	a5,-20(s0)
    167e:	4394                	lw	a3,0(a5)
    1680:	fe042783          	lw	a5,-32(s0)
    1684:	fff7c713          	not	a4,a5
    1688:	fec42783          	lw	a5,-20(s0)
    168c:	8f75                	and	a4,a4,a3
    168e:	c398                	sw	a4,0(a5)
    1690:	0001                	nop
    1692:	5432                	lw	s0,44(sp)
    1694:	6145                	addi	sp,sp,48
    1696:	8082                	ret

00001698 <USART_SendData>:
    1698:	1101                	addi	sp,sp,-32
    169a:	ce22                	sw	s0,28(sp)
    169c:	1000                	addi	s0,sp,32
    169e:	fea42623          	sw	a0,-20(s0)
    16a2:	87ae                	mv	a5,a1
    16a4:	fef41523          	sh	a5,-22(s0)
    16a8:	fea45783          	lhu	a5,-22(s0)
    16ac:	1ff7f793          	andi	a5,a5,511
    16b0:	01079713          	slli	a4,a5,0x10
    16b4:	8341                	srli	a4,a4,0x10
    16b6:	fec42783          	lw	a5,-20(s0)
    16ba:	a3da                	sh	a4,4(a5)
    16bc:	0001                	nop
    16be:	4472                	lw	s0,28(sp)
    16c0:	6105                	addi	sp,sp,32
    16c2:	8082                	ret

000016c4 <USART_GetFlagStatus>:
    16c4:	7179                	addi	sp,sp,-48
    16c6:	d622                	sw	s0,44(sp)
    16c8:	1800                	addi	s0,sp,48
    16ca:	fca42e23          	sw	a0,-36(s0)
    16ce:	87ae                	mv	a5,a1
    16d0:	fcf41d23          	sh	a5,-38(s0)
    16d4:	fe042623          	sw	zero,-20(s0)
    16d8:	fdc42783          	lw	a5,-36(s0)
    16dc:	239e                	lhu	a5,0(a5)
    16de:	01079713          	slli	a4,a5,0x10
    16e2:	8341                	srli	a4,a4,0x10
    16e4:	fda45783          	lhu	a5,-38(s0)
    16e8:	8ff9                	and	a5,a5,a4
    16ea:	07c2                	slli	a5,a5,0x10
    16ec:	83c1                	srli	a5,a5,0x10
    16ee:	c789                	beqz	a5,16f8 <USART_GetFlagStatus+0x34>
    16f0:	4785                	li	a5,1
    16f2:	fef42623          	sw	a5,-20(s0)
    16f6:	a019                	j	16fc <USART_GetFlagStatus+0x38>
    16f8:	fe042623          	sw	zero,-20(s0)
    16fc:	fec42783          	lw	a5,-20(s0)
    1700:	853e                	mv	a0,a5
    1702:	5432                	lw	s0,44(sp)
    1704:	6145                	addi	sp,sp,48
    1706:	8082                	ret

00001708 <USART_GetITStatus>:
    1708:	7179                	addi	sp,sp,-48
    170a:	d622                	sw	s0,44(sp)
    170c:	1800                	addi	s0,sp,48
    170e:	fca42e23          	sw	a0,-36(s0)
    1712:	87ae                	mv	a5,a1
    1714:	fcf41d23          	sh	a5,-38(s0)
    1718:	fe042223          	sw	zero,-28(s0)
    171c:	fe042623          	sw	zero,-20(s0)
    1720:	fe042023          	sw	zero,-32(s0)
    1724:	fe042423          	sw	zero,-24(s0)
    1728:	fda45783          	lhu	a5,-38(s0)
    172c:	0ff7f793          	andi	a5,a5,255
    1730:	8395                	srli	a5,a5,0x5
    1732:	0ff7f793          	andi	a5,a5,255
    1736:	fef42023          	sw	a5,-32(s0)
    173a:	fda45783          	lhu	a5,-38(s0)
    173e:	8bfd                	andi	a5,a5,31
    1740:	fef42623          	sw	a5,-20(s0)
    1744:	fec42783          	lw	a5,-20(s0)
    1748:	4705                	li	a4,1
    174a:	00f717b3          	sll	a5,a4,a5
    174e:	fef42623          	sw	a5,-20(s0)
    1752:	fe042703          	lw	a4,-32(s0)
    1756:	4785                	li	a5,1
    1758:	00f71e63          	bne	a4,a5,1774 <USART_GetITStatus+0x6c>
    175c:	fdc42783          	lw	a5,-36(s0)
    1760:	27de                	lhu	a5,12(a5)
    1762:	07c2                	slli	a5,a5,0x10
    1764:	83c1                	srli	a5,a5,0x10
    1766:	873e                	mv	a4,a5
    1768:	fec42783          	lw	a5,-20(s0)
    176c:	8ff9                	and	a5,a5,a4
    176e:	fef42623          	sw	a5,-20(s0)
    1772:	a82d                	j	17ac <USART_GetITStatus+0xa4>
    1774:	fe042703          	lw	a4,-32(s0)
    1778:	4789                	li	a5,2
    177a:	00f71e63          	bne	a4,a5,1796 <USART_GetITStatus+0x8e>
    177e:	fdc42783          	lw	a5,-36(s0)
    1782:	2b9e                	lhu	a5,16(a5)
    1784:	07c2                	slli	a5,a5,0x10
    1786:	83c1                	srli	a5,a5,0x10
    1788:	873e                	mv	a4,a5
    178a:	fec42783          	lw	a5,-20(s0)
    178e:	8ff9                	and	a5,a5,a4
    1790:	fef42623          	sw	a5,-20(s0)
    1794:	a821                	j	17ac <USART_GetITStatus+0xa4>
    1796:	fdc42783          	lw	a5,-36(s0)
    179a:	2bde                	lhu	a5,20(a5)
    179c:	07c2                	slli	a5,a5,0x10
    179e:	83c1                	srli	a5,a5,0x10
    17a0:	873e                	mv	a4,a5
    17a2:	fec42783          	lw	a5,-20(s0)
    17a6:	8ff9                	and	a5,a5,a4
    17a8:	fef42623          	sw	a5,-20(s0)
    17ac:	fda45783          	lhu	a5,-38(s0)
    17b0:	83a1                	srli	a5,a5,0x8
    17b2:	07c2                	slli	a5,a5,0x10
    17b4:	83c1                	srli	a5,a5,0x10
    17b6:	fef42223          	sw	a5,-28(s0)
    17ba:	fe442783          	lw	a5,-28(s0)
    17be:	4705                	li	a4,1
    17c0:	00f717b3          	sll	a5,a4,a5
    17c4:	fef42223          	sw	a5,-28(s0)
    17c8:	fdc42783          	lw	a5,-36(s0)
    17cc:	239e                	lhu	a5,0(a5)
    17ce:	07c2                	slli	a5,a5,0x10
    17d0:	83c1                	srli	a5,a5,0x10
    17d2:	873e                	mv	a4,a5
    17d4:	fe442783          	lw	a5,-28(s0)
    17d8:	8ff9                	and	a5,a5,a4
    17da:	fef42223          	sw	a5,-28(s0)
    17de:	fec42783          	lw	a5,-20(s0)
    17e2:	cb81                	beqz	a5,17f2 <USART_GetITStatus+0xea>
    17e4:	fe442783          	lw	a5,-28(s0)
    17e8:	c789                	beqz	a5,17f2 <USART_GetITStatus+0xea>
    17ea:	4785                	li	a5,1
    17ec:	fef42423          	sw	a5,-24(s0)
    17f0:	a019                	j	17f6 <USART_GetITStatus+0xee>
    17f2:	fe042423          	sw	zero,-24(s0)
    17f6:	fe842783          	lw	a5,-24(s0)
    17fa:	853e                	mv	a0,a5
    17fc:	5432                	lw	s0,44(sp)
    17fe:	6145                	addi	sp,sp,48
    1800:	8082                	ret

00001802 <USART_ClearITPendingBit>:
    1802:	7179                	addi	sp,sp,-48
    1804:	d622                	sw	s0,44(sp)
    1806:	1800                	addi	s0,sp,48
    1808:	fca42e23          	sw	a0,-36(s0)
    180c:	87ae                	mv	a5,a1
    180e:	fcf41d23          	sh	a5,-38(s0)
    1812:	fe041723          	sh	zero,-18(s0)
    1816:	fe041623          	sh	zero,-20(s0)
    181a:	fda45783          	lhu	a5,-38(s0)
    181e:	83a1                	srli	a5,a5,0x8
    1820:	fef41723          	sh	a5,-18(s0)
    1824:	fee45783          	lhu	a5,-18(s0)
    1828:	4705                	li	a4,1
    182a:	00f717b3          	sll	a5,a4,a5
    182e:	fef41623          	sh	a5,-20(s0)
    1832:	fec45783          	lhu	a5,-20(s0)
    1836:	fff7c793          	not	a5,a5
    183a:	01079713          	slli	a4,a5,0x10
    183e:	8341                	srli	a4,a4,0x10
    1840:	fdc42783          	lw	a5,-36(s0)
    1844:	a39a                	sh	a4,0(a5)
    1846:	0001                	nop
    1848:	5432                	lw	s0,44(sp)
    184a:	6145                	addi	sp,sp,48
    184c:	8082                	ret

0000184e <NMI_Handler>:
    184e:	715d                	addi	sp,sp,-80
    1850:	c686                	sw	ra,76(sp)
    1852:	c496                	sw	t0,72(sp)
    1854:	c29a                	sw	t1,68(sp)
    1856:	c09e                	sw	t2,64(sp)
    1858:	de22                	sw	s0,60(sp)
    185a:	dc2a                	sw	a0,56(sp)
    185c:	da2e                	sw	a1,52(sp)
    185e:	d832                	sw	a2,48(sp)
    1860:	d636                	sw	a3,44(sp)
    1862:	d43a                	sw	a4,40(sp)
    1864:	d23e                	sw	a5,36(sp)
    1866:	d042                	sw	a6,32(sp)
    1868:	ce46                	sw	a7,28(sp)
    186a:	cc72                	sw	t3,24(sp)
    186c:	ca76                	sw	t4,20(sp)
    186e:	c87a                	sw	t5,16(sp)
    1870:	c67e                	sw	t6,12(sp)
    1872:	0880                	addi	s0,sp,80
    1874:	34011173          	csrrw	sp,mscratch,sp
    1878:	634030ef          	jal	ra,4eac <rt_interrupt_enter>
    187c:	67ad                	lui	a5,0xb
    187e:	38878513          	addi	a0,a5,904 # b388 <__malloc_unlock+0x2>
    1882:	3be040ef          	jal	ra,5c40 <rt_kprintf>
    1886:	666030ef          	jal	ra,4eec <rt_interrupt_leave>
    188a:	34011173          	csrrw	sp,mscratch,sp
    188e:	0001                	nop
    1890:	40b6                	lw	ra,76(sp)
    1892:	42a6                	lw	t0,72(sp)
    1894:	4316                	lw	t1,68(sp)
    1896:	4386                	lw	t2,64(sp)
    1898:	5472                	lw	s0,60(sp)
    189a:	5562                	lw	a0,56(sp)
    189c:	55d2                	lw	a1,52(sp)
    189e:	5642                	lw	a2,48(sp)
    18a0:	56b2                	lw	a3,44(sp)
    18a2:	5722                	lw	a4,40(sp)
    18a4:	5792                	lw	a5,36(sp)
    18a6:	5802                	lw	a6,32(sp)
    18a8:	48f2                	lw	a7,28(sp)
    18aa:	4e62                	lw	t3,24(sp)
    18ac:	4ed2                	lw	t4,20(sp)
    18ae:	4f42                	lw	t5,16(sp)
    18b0:	4fb2                	lw	t6,12(sp)
    18b2:	6161                	addi	sp,sp,80
    18b4:	30200073          	mret

000018b8 <HardFault_Handler>:
    18b8:	715d                	addi	sp,sp,-80
    18ba:	c686                	sw	ra,76(sp)
    18bc:	c496                	sw	t0,72(sp)
    18be:	c29a                	sw	t1,68(sp)
    18c0:	c09e                	sw	t2,64(sp)
    18c2:	de22                	sw	s0,60(sp)
    18c4:	dc2a                	sw	a0,56(sp)
    18c6:	da2e                	sw	a1,52(sp)
    18c8:	d832                	sw	a2,48(sp)
    18ca:	d636                	sw	a3,44(sp)
    18cc:	d43a                	sw	a4,40(sp)
    18ce:	d23e                	sw	a5,36(sp)
    18d0:	d042                	sw	a6,32(sp)
    18d2:	ce46                	sw	a7,28(sp)
    18d4:	cc72                	sw	t3,24(sp)
    18d6:	ca76                	sw	t4,20(sp)
    18d8:	c87a                	sw	t5,16(sp)
    18da:	c67e                	sw	t6,12(sp)
    18dc:	0880                	addi	s0,sp,80
    18de:	34011173          	csrrw	sp,mscratch,sp
    18e2:	5ca030ef          	jal	ra,4eac <rt_interrupt_enter>
    18e6:	67ad                	lui	a5,0xb
    18e8:	39878513          	addi	a0,a5,920 # b398 <__malloc_unlock+0x12>
    18ec:	354040ef          	jal	ra,5c40 <rt_kprintf>
    18f0:	a001                	j	18f0 <HardFault_Handler+0x38>

000018f2 <_sbrk>:
    18f2:	1101                	addi	sp,sp,-32
    18f4:	ce22                	sw	s0,28(sp)
    18f6:	1000                	addi	s0,sp,32
    18f8:	fea42623          	sw	a0,-20(s0)
    18fc:	200007b7          	lui	a5,0x20000
    1900:	0f47a703          	lw	a4,244(a5) # 200000f4 <curbrk.5455>
    1904:	fec42783          	lw	a5,-20(s0)
    1908:	973e                	add	a4,a4,a5
    190a:	200027b7          	lui	a5,0x20002
    190e:	72478793          	addi	a5,a5,1828 # 20002724 <_ebss>
    1912:	00f76f63          	bltu	a4,a5,1930 <_sbrk+0x3e>
    1916:	200007b7          	lui	a5,0x20000
    191a:	0f47a703          	lw	a4,244(a5) # 200000f4 <curbrk.5455>
    191e:	fec42783          	lw	a5,-20(s0)
    1922:	973e                	add	a4,a4,a5
    1924:	200057b7          	lui	a5,0x20005
    1928:	80078793          	addi	a5,a5,-2048 # 20004800 <_heap_end>
    192c:	00e7f463          	bgeu	a5,a4,1934 <_sbrk+0x42>
    1930:	57fd                	li	a5,-1
    1932:	a02d                	j	195c <_sbrk+0x6a>
    1934:	200007b7          	lui	a5,0x20000
    1938:	0f47a703          	lw	a4,244(a5) # 200000f4 <curbrk.5455>
    193c:	fec42783          	lw	a5,-20(s0)
    1940:	973e                	add	a4,a4,a5
    1942:	200007b7          	lui	a5,0x20000
    1946:	0ee7aa23          	sw	a4,244(a5) # 200000f4 <curbrk.5455>
    194a:	200007b7          	lui	a5,0x20000
    194e:	0f47a703          	lw	a4,244(a5) # 200000f4 <curbrk.5455>
    1952:	fec42783          	lw	a5,-20(s0)
    1956:	40f007b3          	neg	a5,a5
    195a:	97ba                	add	a5,a5,a4
    195c:	853e                	mv	a0,a5
    195e:	4472                	lw	s0,28(sp)
    1960:	6105                	addi	sp,sp,32
    1962:	8082                	ret

00001964 <main>:
    1964:	1141                	addi	sp,sp,-16
    1966:	c606                	sw	ra,12(sp)
    1968:	c422                	sw	s0,8(sp)
    196a:	0800                	addi	s0,sp,16
    196c:	2c3080ef          	jal	ra,a42e <power_init>
    1970:	419080ef          	jal	ra,a588 <power_thread_create>
    1974:	74a080ef          	jal	ra,a0be <led_init>
    1978:	069010ef          	jal	ra,31e0 <key_pair_calibration_init>
    197c:	568080ef          	jal	ra,9ee4 <joystick_and_key_init>
    1980:	438080ef          	jal	ra,9db8 <battery_init>
    1984:	082080ef          	jal	ra,9a06 <adc_dma_init>
    1988:	67ad                	lui	a5,0xb
    198a:	3a478513          	addi	a0,a5,932 # b3a4 <__malloc_unlock+0x1e>
    198e:	2b2040ef          	jal	ra,5c40 <rt_kprintf>
    1992:	a8b1                	j	19ee <main+0x8a>
    1994:	67ad                	lui	a5,0xb
    1996:	3ac78513          	addi	a0,a5,940 # b3ac <__malloc_unlock+0x26>
    199a:	2a6040ef          	jal	ra,5c40 <rt_kprintf>
    199e:	4605                	li	a2,1
    19a0:	45c1                	li	a1,16
    19a2:	400117b7          	lui	a5,0x40011
    19a6:	c0078513          	addi	a0,a5,-1024 # 40010c00 <_eusrstack+0x2000bc00>
    19aa:	ce4ff0ef          	jal	ra,e8e <GPIO_WriteBit>
    19ae:	4601                	li	a2,0
    19b0:	45a1                	li	a1,8
    19b2:	400117b7          	lui	a5,0x40011
    19b6:	c0078513          	addi	a0,a5,-1024 # 40010c00 <_eusrstack+0x2000bc00>
    19ba:	cd4ff0ef          	jal	ra,e8e <GPIO_WriteBit>
    19be:	0c800513          	li	a0,200
    19c2:	568050ef          	jal	ra,6f2a <rt_thread_mdelay>
    19c6:	4601                	li	a2,0
    19c8:	45c1                	li	a1,16
    19ca:	400117b7          	lui	a5,0x40011
    19ce:	c0078513          	addi	a0,a5,-1024 # 40010c00 <_eusrstack+0x2000bc00>
    19d2:	cbcff0ef          	jal	ra,e8e <GPIO_WriteBit>
    19d6:	4605                	li	a2,1
    19d8:	45a1                	li	a1,8
    19da:	400117b7          	lui	a5,0x40011
    19de:	c0078513          	addi	a0,a5,-1024 # 40010c00 <_eusrstack+0x2000bc00>
    19e2:	cacff0ef          	jal	ra,e8e <GPIO_WriteBit>
    19e6:	0c800513          	li	a0,200
    19ea:	540050ef          	jal	ra,6f2a <rt_thread_mdelay>
    19ee:	545000ef          	jal	ra,2732 <lora3a22_init>
    19f2:	87aa                	mv	a5,a0
    19f4:	f3c5                	bnez	a5,1994 <main+0x30>
    19f6:	32000513          	li	a0,800
    19fa:	3f4080ef          	jal	ra,9dee <joystick_calibration>
    19fe:	19f080ef          	jal	ra,a39c <led_thread_create>
    1a02:	322010ef          	jal	ra,2d24 <lora3a22_send_thread_create>
    1a06:	77a010ef          	jal	ra,3180 <calibration_thread_create>
    1a0a:	650010ef          	jal	ra,305a <pair_thread_create>
    1a0e:	34a080ef          	jal	ra,9d58 <battery_thread_create>
    1a12:	557d                	li	a0,-1
    1a14:	392010ef          	jal	ra,2da6 <set_pair_channel>
    1a18:	67ad                	lui	a5,0xb
    1a1a:	3c478513          	addi	a0,a5,964 # b3c4 <__malloc_unlock+0x3e>
    1a1e:	222040ef          	jal	ra,5c40 <rt_kprintf>
    1a22:	3e800513          	li	a0,1000
    1a26:	504050ef          	jal	ra,6f2a <rt_thread_mdelay>
    1a2a:	b7fd                	j	1a18 <main+0xb4>

00001a2c <SystemInit>:
    1a2c:	1141                	addi	sp,sp,-16
    1a2e:	c606                	sw	ra,12(sp)
    1a30:	c422                	sw	s0,8(sp)
    1a32:	0800                	addi	s0,sp,16
    1a34:	400217b7          	lui	a5,0x40021
    1a38:	4398                	lw	a4,0(a5)
    1a3a:	400217b7          	lui	a5,0x40021
    1a3e:	00176713          	ori	a4,a4,1
    1a42:	c398                	sw	a4,0(a5)
    1a44:	400217b7          	lui	a5,0x40021
    1a48:	43d4                	lw	a3,4(a5)
    1a4a:	400217b7          	lui	a5,0x40021
    1a4e:	f8ff0737          	lui	a4,0xf8ff0
    1a52:	8f75                	and	a4,a4,a3
    1a54:	c3d8                	sw	a4,4(a5)
    1a56:	400217b7          	lui	a5,0x40021
    1a5a:	4394                	lw	a3,0(a5)
    1a5c:	400217b7          	lui	a5,0x40021
    1a60:	fef70737          	lui	a4,0xfef70
    1a64:	177d                	addi	a4,a4,-1
    1a66:	8f75                	and	a4,a4,a3
    1a68:	c398                	sw	a4,0(a5)
    1a6a:	400217b7          	lui	a5,0x40021
    1a6e:	4394                	lw	a3,0(a5)
    1a70:	400217b7          	lui	a5,0x40021
    1a74:	fffc0737          	lui	a4,0xfffc0
    1a78:	177d                	addi	a4,a4,-1
    1a7a:	8f75                	and	a4,a4,a3
    1a7c:	c398                	sw	a4,0(a5)
    1a7e:	400217b7          	lui	a5,0x40021
    1a82:	43d4                	lw	a3,4(a5)
    1a84:	400217b7          	lui	a5,0x40021
    1a88:	ff810737          	lui	a4,0xff810
    1a8c:	177d                	addi	a4,a4,-1
    1a8e:	8f75                	and	a4,a4,a3
    1a90:	c3d8                	sw	a4,4(a5)
    1a92:	400217b7          	lui	a5,0x40021
    1a96:	009f0737          	lui	a4,0x9f0
    1a9a:	c798                	sw	a4,8(a5)
    1a9c:	2031                	jal	1aa8 <SetSysClock>
    1a9e:	0001                	nop
    1aa0:	40b2                	lw	ra,12(sp)
    1aa2:	4422                	lw	s0,8(sp)
    1aa4:	0141                	addi	sp,sp,16
    1aa6:	8082                	ret

00001aa8 <SetSysClock>:
    1aa8:	1141                	addi	sp,sp,-16
    1aaa:	c606                	sw	ra,12(sp)
    1aac:	c422                	sw	s0,8(sp)
    1aae:	0800                	addi	s0,sp,16
    1ab0:	2031                	jal	1abc <SetSysClockTo72_HSI>
    1ab2:	0001                	nop
    1ab4:	40b2                	lw	ra,12(sp)
    1ab6:	4422                	lw	s0,8(sp)
    1ab8:	0141                	addi	sp,sp,16
    1aba:	8082                	ret

00001abc <SetSysClockTo72_HSI>:
    1abc:	1141                	addi	sp,sp,-16
    1abe:	c622                	sw	s0,12(sp)
    1ac0:	0800                	addi	s0,sp,16
    1ac2:	400247b7          	lui	a5,0x40024
    1ac6:	80078793          	addi	a5,a5,-2048 # 40023800 <_eusrstack+0x2001e800>
    1aca:	4398                	lw	a4,0(a5)
    1acc:	400247b7          	lui	a5,0x40024
    1ad0:	80078793          	addi	a5,a5,-2048 # 40023800 <_eusrstack+0x2001e800>
    1ad4:	01076713          	ori	a4,a4,16
    1ad8:	c398                	sw	a4,0(a5)
    1ada:	40021737          	lui	a4,0x40021
    1ade:	400217b7          	lui	a5,0x40021
    1ae2:	4358                	lw	a4,4(a4)
    1ae4:	c3d8                	sw	a4,4(a5)
    1ae6:	40021737          	lui	a4,0x40021
    1aea:	400217b7          	lui	a5,0x40021
    1aee:	4358                	lw	a4,4(a4)
    1af0:	c3d8                	sw	a4,4(a5)
    1af2:	400217b7          	lui	a5,0x40021
    1af6:	43d8                	lw	a4,4(a5)
    1af8:	400217b7          	lui	a5,0x40021
    1afc:	40076713          	ori	a4,a4,1024
    1b00:	c3d8                	sw	a4,4(a5)
    1b02:	400217b7          	lui	a5,0x40021
    1b06:	43d4                	lw	a3,4(a5)
    1b08:	400217b7          	lui	a5,0x40021
    1b0c:	ffc10737          	lui	a4,0xffc10
    1b10:	177d                	addi	a4,a4,-1
    1b12:	8f75                	and	a4,a4,a3
    1b14:	c3d8                	sw	a4,4(a5)
    1b16:	400217b7          	lui	a5,0x40021
    1b1a:	43d4                	lw	a3,4(a5)
    1b1c:	400217b7          	lui	a5,0x40021
    1b20:	001c0737          	lui	a4,0x1c0
    1b24:	8f55                	or	a4,a4,a3
    1b26:	c3d8                	sw	a4,4(a5)
    1b28:	400217b7          	lui	a5,0x40021
    1b2c:	4394                	lw	a3,0(a5)
    1b2e:	400217b7          	lui	a5,0x40021
    1b32:	01000737          	lui	a4,0x1000
    1b36:	8f55                	or	a4,a4,a3
    1b38:	c398                	sw	a4,0(a5)
    1b3a:	0001                	nop
    1b3c:	400217b7          	lui	a5,0x40021
    1b40:	4398                	lw	a4,0(a5)
    1b42:	020007b7          	lui	a5,0x2000
    1b46:	8ff9                	and	a5,a5,a4
    1b48:	dbf5                	beqz	a5,1b3c <SetSysClockTo72_HSI+0x80>
    1b4a:	400217b7          	lui	a5,0x40021
    1b4e:	43d8                	lw	a4,4(a5)
    1b50:	400217b7          	lui	a5,0x40021
    1b54:	9b71                	andi	a4,a4,-4
    1b56:	c3d8                	sw	a4,4(a5)
    1b58:	400217b7          	lui	a5,0x40021
    1b5c:	43d8                	lw	a4,4(a5)
    1b5e:	400217b7          	lui	a5,0x40021
    1b62:	00276713          	ori	a4,a4,2
    1b66:	c3d8                	sw	a4,4(a5)
    1b68:	0001                	nop
    1b6a:	400217b7          	lui	a5,0x40021
    1b6e:	43dc                	lw	a5,4(a5)
    1b70:	00c7f713          	andi	a4,a5,12
    1b74:	47a1                	li	a5,8
    1b76:	fef71ae3          	bne	a4,a5,1b6a <SetSysClockTo72_HSI+0xae>
    1b7a:	0001                	nop
    1b7c:	4432                	lw	s0,12(sp)
    1b7e:	0141                	addi	sp,sp,16
    1b80:	8082                	ret

00001b82 <lora3a22_local_callback>:
    1b82:	1101                	addi	sp,sp,-32
    1b84:	ce06                	sw	ra,28(sp)
    1b86:	cc22                	sw	s0,24(sp)
    1b88:	1000                	addi	s0,sp,32
    1b8a:	87aa                	mv	a5,a0
    1b8c:	fef407a3          	sb	a5,-17(s0)
    1b90:	fef40793          	addi	a5,s0,-17
    1b94:	4605                	li	a2,1
    1b96:	85be                	mv	a1,a5
    1b98:	93818513          	addi	a0,gp,-1736 # 20000228 <lora3a22_uart_fifo>
    1b9c:	04b010ef          	jal	ra,33e6 <fifo_write_buffer>
    1ba0:	0001                	nop
    1ba2:	40f2                	lw	ra,28(sp)
    1ba4:	4462                	lw	s0,24(sp)
    1ba6:	6105                	addi	sp,sp,32
    1ba8:	8082                	ret

00001baa <USART1_IRQHandler>:
    1baa:	715d                	addi	sp,sp,-80
    1bac:	c686                	sw	ra,76(sp)
    1bae:	c496                	sw	t0,72(sp)
    1bb0:	c29a                	sw	t1,68(sp)
    1bb2:	c09e                	sw	t2,64(sp)
    1bb4:	de22                	sw	s0,60(sp)
    1bb6:	dc2a                	sw	a0,56(sp)
    1bb8:	da2e                	sw	a1,52(sp)
    1bba:	d832                	sw	a2,48(sp)
    1bbc:	d636                	sw	a3,44(sp)
    1bbe:	d43a                	sw	a4,40(sp)
    1bc0:	d23e                	sw	a5,36(sp)
    1bc2:	d042                	sw	a6,32(sp)
    1bc4:	ce46                	sw	a7,28(sp)
    1bc6:	cc72                	sw	t3,24(sp)
    1bc8:	ca76                	sw	t4,20(sp)
    1bca:	c87a                	sw	t5,16(sp)
    1bcc:	c67e                	sw	t6,12(sp)
    1bce:	0880                	addi	s0,sp,80
    1bd0:	34011173          	csrrw	sp,mscratch,sp
    1bd4:	2d8030ef          	jal	ra,4eac <rt_interrupt_enter>
    1bd8:	52500593          	li	a1,1317
    1bdc:	400147b7          	lui	a5,0x40014
    1be0:	80078513          	addi	a0,a5,-2048 # 40013800 <_eusrstack+0x2000e800>
    1be4:	3615                	jal	1708 <USART_GetITStatus>
    1be6:	87aa                	mv	a5,a0
    1be8:	c39d                	beqz	a5,1c0e <USART1_IRQHandler+0x64>
    1bea:	400147b7          	lui	a5,0x40014
    1bee:	80078793          	addi	a5,a5,-2048 # 40013800 <_eusrstack+0x2000e800>
    1bf2:	23de                	lhu	a5,4(a5)
    1bf4:	07c2                	slli	a5,a5,0x10
    1bf6:	83c1                	srli	a5,a5,0x10
    1bf8:	0ff7f793          	andi	a5,a5,255
    1bfc:	853e                	mv	a0,a5
    1bfe:	3751                	jal	1b82 <lora3a22_local_callback>
    1c00:	52500593          	li	a1,1317
    1c04:	400147b7          	lui	a5,0x40014
    1c08:	80078513          	addi	a0,a5,-2048 # 40013800 <_eusrstack+0x2000e800>
    1c0c:	3edd                	jal	1802 <USART_ClearITPendingBit>
    1c0e:	2de030ef          	jal	ra,4eec <rt_interrupt_leave>
    1c12:	34011173          	csrrw	sp,mscratch,sp
    1c16:	0001                	nop
    1c18:	40b6                	lw	ra,76(sp)
    1c1a:	42a6                	lw	t0,72(sp)
    1c1c:	4316                	lw	t1,68(sp)
    1c1e:	4386                	lw	t2,64(sp)
    1c20:	5472                	lw	s0,60(sp)
    1c22:	5562                	lw	a0,56(sp)
    1c24:	55d2                	lw	a1,52(sp)
    1c26:	5642                	lw	a2,48(sp)
    1c28:	56b2                	lw	a3,44(sp)
    1c2a:	5722                	lw	a4,40(sp)
    1c2c:	5792                	lw	a5,36(sp)
    1c2e:	5802                	lw	a6,32(sp)
    1c30:	48f2                	lw	a7,28(sp)
    1c32:	4e62                	lw	t3,24(sp)
    1c34:	4ed2                	lw	t4,20(sp)
    1c36:	4f42                	lw	t5,16(sp)
    1c38:	4fb2                	lw	t6,12(sp)
    1c3a:	6161                	addi	sp,sp,80
    1c3c:	30200073          	mret

00001c40 <lora3a22_target_callback>:
    1c40:	1101                	addi	sp,sp,-32
    1c42:	ce06                	sw	ra,28(sp)
    1c44:	cc22                	sw	s0,24(sp)
    1c46:	1000                	addi	s0,sp,32
    1c48:	87aa                	mv	a5,a0
    1c4a:	fef407a3          	sb	a5,-17(s0)
    1c4e:	fef40793          	addi	a5,s0,-17
    1c52:	4605                	li	a2,1
    1c54:	85be                	mv	a1,a5
    1c56:	93818513          	addi	a0,gp,-1736 # 20000228 <lora3a22_uart_fifo>
    1c5a:	78c010ef          	jal	ra,33e6 <fifo_write_buffer>
    1c5e:	0001                	nop
    1c60:	40f2                	lw	ra,28(sp)
    1c62:	4462                	lw	s0,24(sp)
    1c64:	6105                	addi	sp,sp,32
    1c66:	8082                	ret

00001c68 <UART4_IRQHandler>:
    1c68:	715d                	addi	sp,sp,-80
    1c6a:	c686                	sw	ra,76(sp)
    1c6c:	c496                	sw	t0,72(sp)
    1c6e:	c29a                	sw	t1,68(sp)
    1c70:	c09e                	sw	t2,64(sp)
    1c72:	de22                	sw	s0,60(sp)
    1c74:	dc2a                	sw	a0,56(sp)
    1c76:	da2e                	sw	a1,52(sp)
    1c78:	d832                	sw	a2,48(sp)
    1c7a:	d636                	sw	a3,44(sp)
    1c7c:	d43a                	sw	a4,40(sp)
    1c7e:	d23e                	sw	a5,36(sp)
    1c80:	d042                	sw	a6,32(sp)
    1c82:	ce46                	sw	a7,28(sp)
    1c84:	cc72                	sw	t3,24(sp)
    1c86:	ca76                	sw	t4,20(sp)
    1c88:	c87a                	sw	t5,16(sp)
    1c8a:	c67e                	sw	t6,12(sp)
    1c8c:	0880                	addi	s0,sp,80
    1c8e:	34011173          	csrrw	sp,mscratch,sp
    1c92:	21a030ef          	jal	ra,4eac <rt_interrupt_enter>
    1c96:	52500593          	li	a1,1317
    1c9a:	400057b7          	lui	a5,0x40005
    1c9e:	c0078513          	addi	a0,a5,-1024 # 40004c00 <_eusrstack+0x1ffffc00>
    1ca2:	349d                	jal	1708 <USART_GetITStatus>
    1ca4:	87aa                	mv	a5,a0
    1ca6:	c39d                	beqz	a5,1ccc <UART4_IRQHandler+0x64>
    1ca8:	400057b7          	lui	a5,0x40005
    1cac:	c0078793          	addi	a5,a5,-1024 # 40004c00 <_eusrstack+0x1ffffc00>
    1cb0:	23de                	lhu	a5,4(a5)
    1cb2:	07c2                	slli	a5,a5,0x10
    1cb4:	83c1                	srli	a5,a5,0x10
    1cb6:	0ff7f793          	andi	a5,a5,255
    1cba:	853e                	mv	a0,a5
    1cbc:	3751                	jal	1c40 <lora3a22_target_callback>
    1cbe:	52500593          	li	a1,1317
    1cc2:	400057b7          	lui	a5,0x40005
    1cc6:	c0078513          	addi	a0,a5,-1024 # 40004c00 <_eusrstack+0x1ffffc00>
    1cca:	3e25                	jal	1802 <USART_ClearITPendingBit>
    1ccc:	220030ef          	jal	ra,4eec <rt_interrupt_leave>
    1cd0:	34011173          	csrrw	sp,mscratch,sp
    1cd4:	0001                	nop
    1cd6:	40b6                	lw	ra,76(sp)
    1cd8:	42a6                	lw	t0,72(sp)
    1cda:	4316                	lw	t1,68(sp)
    1cdc:	4386                	lw	t2,64(sp)
    1cde:	5472                	lw	s0,60(sp)
    1ce0:	5562                	lw	a0,56(sp)
    1ce2:	55d2                	lw	a1,52(sp)
    1ce4:	5642                	lw	a2,48(sp)
    1ce6:	56b2                	lw	a3,44(sp)
    1ce8:	5722                	lw	a4,40(sp)
    1cea:	5792                	lw	a5,36(sp)
    1cec:	5802                	lw	a6,32(sp)
    1cee:	48f2                	lw	a7,28(sp)
    1cf0:	4e62                	lw	t3,24(sp)
    1cf2:	4ed2                	lw	t4,20(sp)
    1cf4:	4f42                	lw	t5,16(sp)
    1cf6:	4fb2                	lw	t6,12(sp)
    1cf8:	6161                	addi	sp,sp,80
    1cfa:	30200073          	mret

00001cfe <lora3a22_set_work_mode>:
    1cfe:	7179                	addi	sp,sp,-48
    1d00:	d606                	sw	ra,44(sp)
    1d02:	d422                	sw	s0,40(sp)
    1d04:	1800                	addi	s0,sp,48
    1d06:	fca42e23          	sw	a0,-36(s0)
    1d0a:	fcb42c23          	sw	a1,-40(s0)
    1d0e:	fe0407a3          	sb	zero,-17(s0)
    1d12:	fe041623          	sh	zero,-20(s0)
    1d16:	fdc42783          	lw	a5,-36(s0)
    1d1a:	4fdc                	lw	a5,28(a5)
    1d1c:	cba9                	beqz	a5,1d6e <lora3a22_set_work_mode+0x70>
    1d1e:	0c800793          	li	a5,200
    1d22:	fef41623          	sh	a5,-20(s0)
    1d26:	a021                	j	1d2e <lora3a22_set_work_mode+0x30>
    1d28:	4505                	li	a0,1
    1d2a:	200050ef          	jal	ra,6f2a <rt_thread_mdelay>
    1d2e:	fec41783          	lh	a5,-20(s0)
    1d32:	01079713          	slli	a4,a5,0x10
    1d36:	8341                	srli	a4,a4,0x10
    1d38:	177d                	addi	a4,a4,-1
    1d3a:	0742                	slli	a4,a4,0x10
    1d3c:	8341                	srli	a4,a4,0x10
    1d3e:	fee41623          	sh	a4,-20(s0)
    1d42:	00f05e63          	blez	a5,1d5e <lora3a22_set_work_mode+0x60>
    1d46:	fdc42783          	lw	a5,-36(s0)
    1d4a:	4fd8                	lw	a4,28(a5)
    1d4c:	fdc42783          	lw	a5,-36(s0)
    1d50:	339e                	lhu	a5,32(a5)
    1d52:	85be                	mv	a1,a5
    1d54:	853a                	mv	a0,a4
    1d56:	8e2ff0ef          	jal	ra,e38 <GPIO_ReadInputDataBit>
    1d5a:	87aa                	mv	a5,a0
    1d5c:	d7f1                	beqz	a5,1d28 <lora3a22_set_work_mode+0x2a>
    1d5e:	fec41783          	lh	a5,-20(s0)
    1d62:	0007da63          	bgez	a5,1d76 <lora3a22_set_work_mode+0x78>
    1d66:	4785                	li	a5,1
    1d68:	fef407a3          	sb	a5,-17(s0)
    1d6c:	a235                	j	1e98 <lora3a22_set_work_mode+0x19a>
    1d6e:	0c800513          	li	a0,200
    1d72:	1b8050ef          	jal	ra,6f2a <rt_thread_mdelay>
    1d76:	fd842783          	lw	a5,-40(s0)
    1d7a:	ef85                	bnez	a5,1db2 <lora3a22_set_work_mode+0xb4>
    1d7c:	fdc42783          	lw	a5,-36(s0)
    1d80:	53d8                	lw	a4,36(a5)
    1d82:	fdc42783          	lw	a5,-36(s0)
    1d86:	379e                	lhu	a5,40(a5)
    1d88:	4601                	li	a2,0
    1d8a:	85be                	mv	a1,a5
    1d8c:	853a                	mv	a0,a4
    1d8e:	900ff0ef          	jal	ra,e8e <GPIO_WriteBit>
    1d92:	fdc42783          	lw	a5,-36(s0)
    1d96:	57dc                	lw	a5,44(a5)
    1d98:	cfc1                	beqz	a5,1e30 <lora3a22_set_work_mode+0x132>
    1d9a:	fdc42783          	lw	a5,-36(s0)
    1d9e:	57d8                	lw	a4,44(a5)
    1da0:	fdc42783          	lw	a5,-36(s0)
    1da4:	3b9e                	lhu	a5,48(a5)
    1da6:	4601                	li	a2,0
    1da8:	85be                	mv	a1,a5
    1daa:	853a                	mv	a0,a4
    1dac:	8e2ff0ef          	jal	ra,e8e <GPIO_WriteBit>
    1db0:	a041                	j	1e30 <lora3a22_set_work_mode+0x132>
    1db2:	fd842703          	lw	a4,-40(s0)
    1db6:	4785                	li	a5,1
    1db8:	02f71d63          	bne	a4,a5,1df2 <lora3a22_set_work_mode+0xf4>
    1dbc:	fdc42783          	lw	a5,-36(s0)
    1dc0:	53d8                	lw	a4,36(a5)
    1dc2:	fdc42783          	lw	a5,-36(s0)
    1dc6:	379e                	lhu	a5,40(a5)
    1dc8:	4605                	li	a2,1
    1dca:	85be                	mv	a1,a5
    1dcc:	853a                	mv	a0,a4
    1dce:	8c0ff0ef          	jal	ra,e8e <GPIO_WriteBit>
    1dd2:	fdc42783          	lw	a5,-36(s0)
    1dd6:	57dc                	lw	a5,44(a5)
    1dd8:	cfa1                	beqz	a5,1e30 <lora3a22_set_work_mode+0x132>
    1dda:	fdc42783          	lw	a5,-36(s0)
    1dde:	57d8                	lw	a4,44(a5)
    1de0:	fdc42783          	lw	a5,-36(s0)
    1de4:	3b9e                	lhu	a5,48(a5)
    1de6:	4601                	li	a2,0
    1de8:	85be                	mv	a1,a5
    1dea:	853a                	mv	a0,a4
    1dec:	8a2ff0ef          	jal	ra,e8e <GPIO_WriteBit>
    1df0:	a081                	j	1e30 <lora3a22_set_work_mode+0x132>
    1df2:	fd842703          	lw	a4,-40(s0)
    1df6:	4789                	li	a5,2
    1df8:	02f71c63          	bne	a4,a5,1e30 <lora3a22_set_work_mode+0x132>
    1dfc:	fdc42783          	lw	a5,-36(s0)
    1e00:	53d8                	lw	a4,36(a5)
    1e02:	fdc42783          	lw	a5,-36(s0)
    1e06:	379e                	lhu	a5,40(a5)
    1e08:	4605                	li	a2,1
    1e0a:	85be                	mv	a1,a5
    1e0c:	853a                	mv	a0,a4
    1e0e:	880ff0ef          	jal	ra,e8e <GPIO_WriteBit>
    1e12:	fdc42783          	lw	a5,-36(s0)
    1e16:	57dc                	lw	a5,44(a5)
    1e18:	cf81                	beqz	a5,1e30 <lora3a22_set_work_mode+0x132>
    1e1a:	fdc42783          	lw	a5,-36(s0)
    1e1e:	57d8                	lw	a4,44(a5)
    1e20:	fdc42783          	lw	a5,-36(s0)
    1e24:	3b9e                	lhu	a5,48(a5)
    1e26:	4605                	li	a2,1
    1e28:	85be                	mv	a1,a5
    1e2a:	853a                	mv	a0,a4
    1e2c:	862ff0ef          	jal	ra,e8e <GPIO_WriteBit>
    1e30:	07800513          	li	a0,120
    1e34:	0f6050ef          	jal	ra,6f2a <rt_thread_mdelay>
    1e38:	fdc42783          	lw	a5,-36(s0)
    1e3c:	4fdc                	lw	a5,28(a5)
    1e3e:	cba9                	beqz	a5,1e90 <lora3a22_set_work_mode+0x192>
    1e40:	0c800793          	li	a5,200
    1e44:	fef41623          	sh	a5,-20(s0)
    1e48:	a021                	j	1e50 <lora3a22_set_work_mode+0x152>
    1e4a:	4505                	li	a0,1
    1e4c:	0de050ef          	jal	ra,6f2a <rt_thread_mdelay>
    1e50:	fec41783          	lh	a5,-20(s0)
    1e54:	01079713          	slli	a4,a5,0x10
    1e58:	8341                	srli	a4,a4,0x10
    1e5a:	177d                	addi	a4,a4,-1
    1e5c:	0742                	slli	a4,a4,0x10
    1e5e:	8341                	srli	a4,a4,0x10
    1e60:	fee41623          	sh	a4,-20(s0)
    1e64:	00f05e63          	blez	a5,1e80 <lora3a22_set_work_mode+0x182>
    1e68:	fdc42783          	lw	a5,-36(s0)
    1e6c:	4fd8                	lw	a4,28(a5)
    1e6e:	fdc42783          	lw	a5,-36(s0)
    1e72:	339e                	lhu	a5,32(a5)
    1e74:	85be                	mv	a1,a5
    1e76:	853a                	mv	a0,a4
    1e78:	fc1fe0ef          	jal	ra,e38 <GPIO_ReadInputDataBit>
    1e7c:	87aa                	mv	a5,a0
    1e7e:	d7f1                	beqz	a5,1e4a <lora3a22_set_work_mode+0x14c>
    1e80:	fec41783          	lh	a5,-20(s0)
    1e84:	0007da63          	bgez	a5,1e98 <lora3a22_set_work_mode+0x19a>
    1e88:	4785                	li	a5,1
    1e8a:	fef407a3          	sb	a5,-17(s0)
    1e8e:	a029                	j	1e98 <lora3a22_set_work_mode+0x19a>
    1e90:	0c800513          	li	a0,200
    1e94:	096050ef          	jal	ra,6f2a <rt_thread_mdelay>
    1e98:	fef44783          	lbu	a5,-17(s0)
    1e9c:	853e                	mv	a0,a5
    1e9e:	50b2                	lw	ra,44(sp)
    1ea0:	5422                	lw	s0,40(sp)
    1ea2:	6145                	addi	sp,sp,48
    1ea4:	8082                	ret

00001ea6 <lora3a22_write_regs>:
    1ea6:	7179                	addi	sp,sp,-48
    1ea8:	d606                	sw	ra,44(sp)
    1eaa:	d422                	sw	s0,40(sp)
    1eac:	1800                	addi	s0,sp,48
    1eae:	fca42e23          	sw	a0,-36(s0)
    1eb2:	87ae                	mv	a5,a1
    1eb4:	fcd42a23          	sw	a3,-44(s0)
    1eb8:	fcf40da3          	sb	a5,-37(s0)
    1ebc:	87b2                	mv	a5,a2
    1ebe:	fcf40d23          	sb	a5,-38(s0)
    1ec2:	87ba                	mv	a5,a4
    1ec4:	fcf40ca3          	sb	a5,-39(s0)
    1ec8:	fe0407a3          	sb	zero,-17(s0)
    1ecc:	fe041623          	sh	zero,-20(s0)
    1ed0:	fe041423          	sh	zero,-24(s0)
    1ed4:	fe040523          	sb	zero,-22(s0)
    1ed8:	478d                	li	a5,3
    1eda:	fef42223          	sw	a5,-28(s0)
    1ede:	93818513          	addi	a0,gp,-1736 # 20000228 <lora3a22_uart_fifo>
    1ee2:	40a010ef          	jal	ra,32ec <fifo_clear>
    1ee6:	fdc42783          	lw	a5,-36(s0)
    1eea:	439c                	lw	a5,0(a5)
    1eec:	08000593          	li	a1,128
    1ef0:	853e                	mv	a0,a5
    1ef2:	249080ef          	jal	ra,a93a <uart_write_byte>
    1ef6:	fdc42783          	lw	a5,-36(s0)
    1efa:	439c                	lw	a5,0(a5)
    1efc:	fdb44703          	lbu	a4,-37(s0)
    1f00:	85ba                	mv	a1,a4
    1f02:	853e                	mv	a0,a5
    1f04:	237080ef          	jal	ra,a93a <uart_write_byte>
    1f08:	fdc42783          	lw	a5,-36(s0)
    1f0c:	439c                	lw	a5,0(a5)
    1f0e:	fda44703          	lbu	a4,-38(s0)
    1f12:	85ba                	mv	a1,a4
    1f14:	853e                	mv	a0,a5
    1f16:	225080ef          	jal	ra,a93a <uart_write_byte>
    1f1a:	fdc42783          	lw	a5,-36(s0)
    1f1e:	439c                	lw	a5,0(a5)
    1f20:	fd944703          	lbu	a4,-39(s0)
    1f24:	863a                	mv	a2,a4
    1f26:	fd442583          	lw	a1,-44(s0)
    1f2a:	853e                	mv	a0,a5
    1f2c:	24f080ef          	jal	ra,a97a <uart_write_buffer>
    1f30:	0c800793          	li	a5,200
    1f34:	fef41623          	sh	a5,-20(s0)
    1f38:	a021                	j	1f40 <lora3a22_write_regs+0x9a>
    1f3a:	4505                	li	a0,1
    1f3c:	7ef040ef          	jal	ra,6f2a <rt_thread_mdelay>
    1f40:	fec41783          	lh	a5,-20(s0)
    1f44:	01079713          	slli	a4,a5,0x10
    1f48:	8341                	srli	a4,a4,0x10
    1f4a:	177d                	addi	a4,a4,-1
    1f4c:	0742                	slli	a4,a4,0x10
    1f4e:	8341                	srli	a4,a4,0x10
    1f50:	fee41623          	sh	a4,-20(s0)
    1f54:	00f05a63          	blez	a5,1f68 <lora3a22_write_regs+0xc2>
    1f58:	93818513          	addi	a0,gp,-1736 # 20000228 <lora3a22_uart_fifo>
    1f5c:	468010ef          	jal	ra,33c4 <fifo_used>
    1f60:	872a                	mv	a4,a0
    1f62:	4789                	li	a5,2
    1f64:	fce7fbe3          	bgeu	a5,a4,1f3a <lora3a22_write_regs+0x94>
    1f68:	fec41783          	lh	a5,-20(s0)
    1f6c:	02f05463          	blez	a5,1f94 <lora3a22_write_regs+0xee>
    1f70:	fe440713          	addi	a4,s0,-28
    1f74:	fe840793          	addi	a5,s0,-24
    1f78:	4681                	li	a3,0
    1f7a:	863a                	mv	a2,a4
    1f7c:	85be                	mv	a1,a5
    1f7e:	93818513          	addi	a0,gp,-1736 # 20000228 <lora3a22_uart_fifo>
    1f82:	740010ef          	jal	ra,36c2 <fifo_read_buffer>
    1f86:	fe844703          	lbu	a4,-24(s0)
    1f8a:	08000793          	li	a5,128
    1f8e:	02f71363          	bne	a4,a5,1fb4 <lora3a22_write_regs+0x10e>
    1f92:	a029                	j	1f9c <lora3a22_write_regs+0xf6>
    1f94:	4785                	li	a5,1
    1f96:	fef407a3          	sb	a5,-17(s0)
    1f9a:	a00d                	j	1fbc <lora3a22_write_regs+0x116>
    1f9c:	fe944783          	lbu	a5,-23(s0)
    1fa0:	fdb44703          	lbu	a4,-37(s0)
    1fa4:	00f71863          	bne	a4,a5,1fb4 <lora3a22_write_regs+0x10e>
    1fa8:	fea44783          	lbu	a5,-22(s0)
    1fac:	fda44703          	lbu	a4,-38(s0)
    1fb0:	00f70663          	beq	a4,a5,1fbc <lora3a22_write_regs+0x116>
    1fb4:	4785                	li	a5,1
    1fb6:	fef407a3          	sb	a5,-17(s0)
    1fba:	0001                	nop
    1fbc:	fef44783          	lbu	a5,-17(s0)
    1fc0:	853e                	mv	a0,a5
    1fc2:	50b2                	lw	ra,44(sp)
    1fc4:	5422                	lw	s0,40(sp)
    1fc6:	6145                	addi	sp,sp,48
    1fc8:	8082                	ret

00001fca <lora3a22_write_reg>:
    1fca:	7179                	addi	sp,sp,-48
    1fcc:	d606                	sw	ra,44(sp)
    1fce:	d422                	sw	s0,40(sp)
    1fd0:	1800                	addi	s0,sp,48
    1fd2:	fca42e23          	sw	a0,-36(s0)
    1fd6:	87ae                	mv	a5,a1
    1fd8:	fcc42a23          	sw	a2,-44(s0)
    1fdc:	8736                	mv	a4,a3
    1fde:	fcf40da3          	sb	a5,-37(s0)
    1fe2:	87ba                	mv	a5,a4
    1fe4:	fcf40d23          	sb	a5,-38(s0)
    1fe8:	fe0407a3          	sb	zero,-17(s0)
    1fec:	fe041623          	sh	zero,-20(s0)
    1ff0:	fe041423          	sh	zero,-24(s0)
    1ff4:	fe040523          	sb	zero,-22(s0)
    1ff8:	478d                	li	a5,3
    1ffa:	fef42223          	sw	a5,-28(s0)
    1ffe:	93818513          	addi	a0,gp,-1736 # 20000228 <lora3a22_uart_fifo>
    2002:	2ea010ef          	jal	ra,32ec <fifo_clear>
    2006:	fdc42783          	lw	a5,-36(s0)
    200a:	439c                	lw	a5,0(a5)
    200c:	08000593          	li	a1,128
    2010:	853e                	mv	a0,a5
    2012:	129080ef          	jal	ra,a93a <uart_write_byte>
    2016:	fdc42783          	lw	a5,-36(s0)
    201a:	439c                	lw	a5,0(a5)
    201c:	fdb44703          	lbu	a4,-37(s0)
    2020:	85ba                	mv	a1,a4
    2022:	853e                	mv	a0,a5
    2024:	117080ef          	jal	ra,a93a <uart_write_byte>
    2028:	fdc42783          	lw	a5,-36(s0)
    202c:	439c                	lw	a5,0(a5)
    202e:	4585                	li	a1,1
    2030:	853e                	mv	a0,a5
    2032:	109080ef          	jal	ra,a93a <uart_write_byte>
    2036:	fdc42783          	lw	a5,-36(s0)
    203a:	439c                	lw	a5,0(a5)
    203c:	fda44703          	lbu	a4,-38(s0)
    2040:	863a                	mv	a2,a4
    2042:	fd442583          	lw	a1,-44(s0)
    2046:	853e                	mv	a0,a5
    2048:	133080ef          	jal	ra,a97a <uart_write_buffer>
    204c:	0c800793          	li	a5,200
    2050:	fef41623          	sh	a5,-20(s0)
    2054:	a021                	j	205c <lora3a22_write_reg+0x92>
    2056:	4505                	li	a0,1
    2058:	6d3040ef          	jal	ra,6f2a <rt_thread_mdelay>
    205c:	fec41783          	lh	a5,-20(s0)
    2060:	01079713          	slli	a4,a5,0x10
    2064:	8341                	srli	a4,a4,0x10
    2066:	177d                	addi	a4,a4,-1
    2068:	0742                	slli	a4,a4,0x10
    206a:	8341                	srli	a4,a4,0x10
    206c:	fee41623          	sh	a4,-20(s0)
    2070:	00f05a63          	blez	a5,2084 <lora3a22_write_reg+0xba>
    2074:	93818513          	addi	a0,gp,-1736 # 20000228 <lora3a22_uart_fifo>
    2078:	34c010ef          	jal	ra,33c4 <fifo_used>
    207c:	872a                	mv	a4,a0
    207e:	4789                	li	a5,2
    2080:	fce7fbe3          	bgeu	a5,a4,2056 <lora3a22_write_reg+0x8c>
    2084:	fec41783          	lh	a5,-20(s0)
    2088:	02f05463          	blez	a5,20b0 <lora3a22_write_reg+0xe6>
    208c:	fe440713          	addi	a4,s0,-28
    2090:	fe840793          	addi	a5,s0,-24
    2094:	4681                	li	a3,0
    2096:	863a                	mv	a2,a4
    2098:	85be                	mv	a1,a5
    209a:	93818513          	addi	a0,gp,-1736 # 20000228 <lora3a22_uart_fifo>
    209e:	624010ef          	jal	ra,36c2 <fifo_read_buffer>
    20a2:	fe844703          	lbu	a4,-24(s0)
    20a6:	08000793          	li	a5,128
    20aa:	02f71263          	bne	a4,a5,20ce <lora3a22_write_reg+0x104>
    20ae:	a029                	j	20b8 <lora3a22_write_reg+0xee>
    20b0:	4785                	li	a5,1
    20b2:	fef407a3          	sb	a5,-17(s0)
    20b6:	a005                	j	20d6 <lora3a22_write_reg+0x10c>
    20b8:	fe944783          	lbu	a5,-23(s0)
    20bc:	fdb44703          	lbu	a4,-37(s0)
    20c0:	00f71763          	bne	a4,a5,20ce <lora3a22_write_reg+0x104>
    20c4:	fea44703          	lbu	a4,-22(s0)
    20c8:	4785                	li	a5,1
    20ca:	00f70663          	beq	a4,a5,20d6 <lora3a22_write_reg+0x10c>
    20ce:	4785                	li	a5,1
    20d0:	fef407a3          	sb	a5,-17(s0)
    20d4:	0001                	nop
    20d6:	fef44783          	lbu	a5,-17(s0)
    20da:	853e                	mv	a0,a5
    20dc:	50b2                	lw	ra,44(sp)
    20de:	5422                	lw	s0,40(sp)
    20e0:	6145                	addi	sp,sp,48
    20e2:	8082                	ret

000020e4 <lora3a22_gpio_init>:
    20e4:	7179                	addi	sp,sp,-48
    20e6:	d606                	sw	ra,44(sp)
    20e8:	d422                	sw	s0,40(sp)
    20ea:	1800                	addi	s0,sp,48
    20ec:	fca42e23          	sw	a0,-36(s0)
    20f0:	4585                	li	a1,1
    20f2:	4521                	li	a0,8
    20f4:	8c2ff0ef          	jal	ra,11b6 <RCC_APB2PeriphClockCmd>
    20f8:	fdc42783          	lw	a5,-36(s0)
    20fc:	4bdc                	lw	a5,20(a5)
    20fe:	c78d                	beqz	a5,2128 <lora3a22_gpio_init+0x44>
    2100:	fdc42783          	lw	a5,-36(s0)
    2104:	2f9e                	lhu	a5,24(a5)
    2106:	fef41223          	sh	a5,-28(s0)
    210a:	478d                	li	a5,3
    210c:	fef42423          	sw	a5,-24(s0)
    2110:	47c1                	li	a5,16
    2112:	fef42623          	sw	a5,-20(s0)
    2116:	fdc42783          	lw	a5,-36(s0)
    211a:	4bdc                	lw	a5,20(a5)
    211c:	fe440713          	addi	a4,s0,-28
    2120:	85ba                	mv	a1,a4
    2122:	853e                	mv	a0,a5
    2124:	ab5fe0ef          	jal	ra,bd8 <GPIO_Init>
    2128:	fdc42783          	lw	a5,-36(s0)
    212c:	4fdc                	lw	a5,28(a5)
    212e:	c795                	beqz	a5,215a <lora3a22_gpio_init+0x76>
    2130:	fdc42783          	lw	a5,-36(s0)
    2134:	339e                	lhu	a5,32(a5)
    2136:	fef41223          	sh	a5,-28(s0)
    213a:	478d                	li	a5,3
    213c:	fef42423          	sw	a5,-24(s0)
    2140:	04800793          	li	a5,72
    2144:	fef42623          	sw	a5,-20(s0)
    2148:	fdc42783          	lw	a5,-36(s0)
    214c:	4fdc                	lw	a5,28(a5)
    214e:	fe440713          	addi	a4,s0,-28
    2152:	85ba                	mv	a1,a4
    2154:	853e                	mv	a0,a5
    2156:	a83fe0ef          	jal	ra,bd8 <GPIO_Init>
    215a:	fdc42783          	lw	a5,-36(s0)
    215e:	53dc                	lw	a5,36(a5)
    2160:	c78d                	beqz	a5,218a <lora3a22_gpio_init+0xa6>
    2162:	fdc42783          	lw	a5,-36(s0)
    2166:	379e                	lhu	a5,40(a5)
    2168:	fef41223          	sh	a5,-28(s0)
    216c:	478d                	li	a5,3
    216e:	fef42423          	sw	a5,-24(s0)
    2172:	47c1                	li	a5,16
    2174:	fef42623          	sw	a5,-20(s0)
    2178:	fdc42783          	lw	a5,-36(s0)
    217c:	53dc                	lw	a5,36(a5)
    217e:	fe440713          	addi	a4,s0,-28
    2182:	85ba                	mv	a1,a4
    2184:	853e                	mv	a0,a5
    2186:	a53fe0ef          	jal	ra,bd8 <GPIO_Init>
    218a:	fdc42783          	lw	a5,-36(s0)
    218e:	57dc                	lw	a5,44(a5)
    2190:	c78d                	beqz	a5,21ba <lora3a22_gpio_init+0xd6>
    2192:	fdc42783          	lw	a5,-36(s0)
    2196:	3b9e                	lhu	a5,48(a5)
    2198:	fef41223          	sh	a5,-28(s0)
    219c:	478d                	li	a5,3
    219e:	fef42423          	sw	a5,-24(s0)
    21a2:	47c1                	li	a5,16
    21a4:	fef42623          	sw	a5,-20(s0)
    21a8:	fdc42783          	lw	a5,-36(s0)
    21ac:	57dc                	lw	a5,44(a5)
    21ae:	fe440713          	addi	a4,s0,-28
    21b2:	85ba                	mv	a1,a4
    21b4:	853e                	mv	a0,a5
    21b6:	a23fe0ef          	jal	ra,bd8 <GPIO_Init>
    21ba:	fdc42783          	lw	a5,-36(s0)
    21be:	4bd8                	lw	a4,20(a5)
    21c0:	fdc42783          	lw	a5,-36(s0)
    21c4:	2f9e                	lhu	a5,24(a5)
    21c6:	4605                	li	a2,1
    21c8:	85be                	mv	a1,a5
    21ca:	853a                	mv	a0,a4
    21cc:	cc3fe0ef          	jal	ra,e8e <GPIO_WriteBit>
    21d0:	fdc42783          	lw	a5,-36(s0)
    21d4:	53d8                	lw	a4,36(a5)
    21d6:	fdc42783          	lw	a5,-36(s0)
    21da:	379e                	lhu	a5,40(a5)
    21dc:	4605                	li	a2,1
    21de:	85be                	mv	a1,a5
    21e0:	853a                	mv	a0,a4
    21e2:	cadfe0ef          	jal	ra,e8e <GPIO_WriteBit>
    21e6:	0001                	nop
    21e8:	50b2                	lw	ra,44(sp)
    21ea:	5422                	lw	s0,40(sp)
    21ec:	6145                	addi	sp,sp,48
    21ee:	8082                	ret

000021f0 <lora3a22_self_test>:
    21f0:	715d                	addi	sp,sp,-80
    21f2:	c686                	sw	ra,76(sp)
    21f4:	c4a2                	sw	s0,72(sp)
    21f6:	0880                	addi	s0,sp,80
    21f8:	faa42e23          	sw	a0,-68(s0)
    21fc:	fe0407a3          	sb	zero,-17(s0)
    2200:	fc042a23          	sw	zero,-44(s0)
    2204:	fc042c23          	sw	zero,-40(s0)
    2208:	fc042e23          	sw	zero,-36(s0)
    220c:	fe042023          	sw	zero,-32(s0)
    2210:	fe042223          	sw	zero,-28(s0)
    2214:	fe041423          	sh	zero,-24(s0)
    2218:	fe040523          	sb	zero,-22(s0)
    221c:	47dd                	li	a5,23
    221e:	fcf42823          	sw	a5,-48(s0)
    2222:	fc040623          	sb	zero,-52(s0)
    2226:	fc0406a3          	sb	zero,-51(s0)
    222a:	4785                	li	a5,1
    222c:	fcf40723          	sb	a5,-50(s0)
    2230:	fe041623          	sh	zero,-20(s0)
    2234:	93818513          	addi	a0,gp,-1736 # 20000228 <lora3a22_uart_fifo>
    2238:	0b4010ef          	jal	ra,32ec <fifo_clear>
    223c:	fbc42783          	lw	a5,-68(s0)
    2240:	439c                	lw	a5,0(a5)
    2242:	fcc40713          	addi	a4,s0,-52
    2246:	460d                	li	a2,3
    2248:	85ba                	mv	a1,a4
    224a:	853e                	mv	a0,a5
    224c:	72e080ef          	jal	ra,a97a <uart_write_buffer>
    2250:	0c800793          	li	a5,200
    2254:	fef41623          	sh	a5,-20(s0)
    2258:	a021                	j	2260 <lora3a22_self_test+0x70>
    225a:	4505                	li	a0,1
    225c:	4cf040ef          	jal	ra,6f2a <rt_thread_mdelay>
    2260:	fec41783          	lh	a5,-20(s0)
    2264:	01079713          	slli	a4,a5,0x10
    2268:	8341                	srli	a4,a4,0x10
    226a:	177d                	addi	a4,a4,-1
    226c:	0742                	slli	a4,a4,0x10
    226e:	8341                	srli	a4,a4,0x10
    2270:	fee41623          	sh	a4,-20(s0)
    2274:	00f05a63          	blez	a5,2288 <lora3a22_self_test+0x98>
    2278:	93818513          	addi	a0,gp,-1736 # 20000228 <lora3a22_uart_fifo>
    227c:	148010ef          	jal	ra,33c4 <fifo_used>
    2280:	872a                	mv	a4,a0
    2282:	47d9                	li	a5,22
    2284:	fce7fbe3          	bgeu	a5,a4,225a <lora3a22_self_test+0x6a>
    2288:	fec41783          	lh	a5,-20(s0)
    228c:	04f05663          	blez	a5,22d8 <lora3a22_self_test+0xe8>
    2290:	fd040713          	addi	a4,s0,-48
    2294:	fd440793          	addi	a5,s0,-44
    2298:	4681                	li	a3,0
    229a:	863a                	mv	a2,a4
    229c:	85be                	mv	a1,a5
    229e:	93818513          	addi	a0,gp,-1736 # 20000228 <lora3a22_uart_fifo>
    22a2:	420010ef          	jal	ra,36c2 <fifo_read_buffer>
    22a6:	fd440793          	addi	a5,s0,-44
    22aa:	00378713          	addi	a4,a5,3
    22ae:	4641                	li	a2,16
    22b0:	67ad                	lui	a5,0xb
    22b2:	3d078593          	addi	a1,a5,976 # b3d0 <__malloc_unlock+0x4a>
    22b6:	853a                	mv	a0,a4
    22b8:	79b080ef          	jal	ra,b252 <strncmp>
    22bc:	87aa                	mv	a5,a0
    22be:	e385                	bnez	a5,22de <lora3a22_self_test+0xee>
    22c0:	fd440793          	addi	a5,s0,-44
    22c4:	078d                	addi	a5,a5,3
    22c6:	85be                	mv	a1,a5
    22c8:	67ad                	lui	a5,0xb
    22ca:	3e478513          	addi	a0,a5,996 # b3e4 <__malloc_unlock+0x5e>
    22ce:	173030ef          	jal	ra,5c40 <rt_kprintf>
    22d2:	fe0407a3          	sb	zero,-17(s0)
    22d6:	a021                	j	22de <lora3a22_self_test+0xee>
    22d8:	4785                	li	a5,1
    22da:	fef407a3          	sb	a5,-17(s0)
    22de:	fef44783          	lbu	a5,-17(s0)
    22e2:	853e                	mv	a0,a5
    22e4:	40b6                	lw	ra,76(sp)
    22e6:	4426                	lw	s0,72(sp)
    22e8:	6161                	addi	sp,sp,80
    22ea:	8082                	ret

000022ec <lora3a22_restore_default>:
    22ec:	7139                	addi	sp,sp,-64
    22ee:	de06                	sw	ra,60(sp)
    22f0:	dc22                	sw	s0,56(sp)
    22f2:	0080                	addi	s0,sp,64
    22f4:	fca42623          	sw	a0,-52(s0)
    22f8:	47a9                	li	a5,10
    22fa:	fcf42e23          	sw	a5,-36(s0)
    22fe:	fe0407a3          	sb	zero,-17(s0)
    2302:	fe041623          	sh	zero,-20(s0)
    2306:	93818513          	addi	a0,gp,-1736 # 20000228 <lora3a22_uart_fifo>
    230a:	7e3000ef          	jal	ra,32ec <fifo_clear>
    230e:	fcc42783          	lw	a5,-52(s0)
    2312:	439c                	lw	a5,0(a5)
    2314:	08000593          	li	a1,128
    2318:	853e                	mv	a0,a5
    231a:	620080ef          	jal	ra,a93a <uart_write_byte>
    231e:	fcc42783          	lw	a5,-52(s0)
    2322:	439c                	lw	a5,0(a5)
    2324:	02300593          	li	a1,35
    2328:	853e                	mv	a0,a5
    232a:	610080ef          	jal	ra,a93a <uart_write_byte>
    232e:	fcc42783          	lw	a5,-52(s0)
    2332:	439c                	lw	a5,0(a5)
    2334:	4585                	li	a1,1
    2336:	853e                	mv	a0,a5
    2338:	602080ef          	jal	ra,a93a <uart_write_byte>
    233c:	12c00793          	li	a5,300
    2340:	fef41623          	sh	a5,-20(s0)
    2344:	a021                	j	234c <lora3a22_restore_default+0x60>
    2346:	4505                	li	a0,1
    2348:	3e3040ef          	jal	ra,6f2a <rt_thread_mdelay>
    234c:	fec41783          	lh	a5,-20(s0)
    2350:	01079713          	slli	a4,a5,0x10
    2354:	8341                	srli	a4,a4,0x10
    2356:	177d                	addi	a4,a4,-1
    2358:	0742                	slli	a4,a4,0x10
    235a:	8341                	srli	a4,a4,0x10
    235c:	fee41623          	sh	a4,-20(s0)
    2360:	00f05a63          	blez	a5,2374 <lora3a22_restore_default+0x88>
    2364:	93818513          	addi	a0,gp,-1736 # 20000228 <lora3a22_uart_fifo>
    2368:	05c010ef          	jal	ra,33c4 <fifo_used>
    236c:	872a                	mv	a4,a0
    236e:	4795                	li	a5,5
    2370:	fce7fbe3          	bgeu	a5,a4,2346 <lora3a22_restore_default+0x5a>
    2374:	fec41783          	lh	a5,-20(s0)
    2378:	0007d663          	bgez	a5,2384 <lora3a22_restore_default+0x98>
    237c:	4785                	li	a5,1
    237e:	fef407a3          	sb	a5,-17(s0)
    2382:	a84d                	j	2434 <lora3a22_restore_default+0x148>
    2384:	fdc40713          	addi	a4,s0,-36
    2388:	fe040793          	addi	a5,s0,-32
    238c:	4681                	li	a3,0
    238e:	863a                	mv	a2,a4
    2390:	85be                	mv	a1,a5
    2392:	93818513          	addi	a0,gp,-1736 # 20000228 <lora3a22_uart_fifo>
    2396:	32c010ef          	jal	ra,36c2 <fifo_read_buffer>
    239a:	fdc42703          	lw	a4,-36(s0)
    239e:	4799                	li	a5,6
    23a0:	00f71f63          	bne	a4,a5,23be <lora3a22_restore_default+0xd2>
    23a4:	fe040793          	addi	a5,s0,-32
    23a8:	00278713          	addi	a4,a5,2
    23ac:	4611                	li	a2,4
    23ae:	67ad                	lui	a5,0xb
    23b0:	3fc78593          	addi	a1,a5,1020 # b3fc <__malloc_unlock+0x76>
    23b4:	853a                	mv	a0,a4
    23b6:	69d080ef          	jal	ra,b252 <strncmp>
    23ba:	87aa                	mv	a5,a0
    23bc:	c789                	beqz	a5,23c6 <lora3a22_restore_default+0xda>
    23be:	4785                	li	a5,1
    23c0:	fef407a3          	sb	a5,-17(s0)
    23c4:	a885                	j	2434 <lora3a22_restore_default+0x148>
    23c6:	fcc42783          	lw	a5,-52(s0)
    23ca:	4fdc                	lw	a5,28(a5)
    23cc:	cfa1                	beqz	a5,2424 <lora3a22_restore_default+0x138>
    23ce:	4551                	li	a0,20
    23d0:	35b040ef          	jal	ra,6f2a <rt_thread_mdelay>
    23d4:	0c800793          	li	a5,200
    23d8:	fef41623          	sh	a5,-20(s0)
    23dc:	a021                	j	23e4 <lora3a22_restore_default+0xf8>
    23de:	4505                	li	a0,1
    23e0:	34b040ef          	jal	ra,6f2a <rt_thread_mdelay>
    23e4:	fec41783          	lh	a5,-20(s0)
    23e8:	01079713          	slli	a4,a5,0x10
    23ec:	8341                	srli	a4,a4,0x10
    23ee:	177d                	addi	a4,a4,-1
    23f0:	0742                	slli	a4,a4,0x10
    23f2:	8341                	srli	a4,a4,0x10
    23f4:	fee41623          	sh	a4,-20(s0)
    23f8:	00f05e63          	blez	a5,2414 <lora3a22_restore_default+0x128>
    23fc:	fcc42783          	lw	a5,-52(s0)
    2400:	4fd8                	lw	a4,28(a5)
    2402:	fcc42783          	lw	a5,-52(s0)
    2406:	339e                	lhu	a5,32(a5)
    2408:	85be                	mv	a1,a5
    240a:	853a                	mv	a0,a4
    240c:	a2dfe0ef          	jal	ra,e38 <GPIO_ReadInputDataBit>
    2410:	87aa                	mv	a5,a0
    2412:	d7f1                	beqz	a5,23de <lora3a22_restore_default+0xf2>
    2414:	fec41783          	lh	a5,-20(s0)
    2418:	0007da63          	bgez	a5,242c <lora3a22_restore_default+0x140>
    241c:	4785                	li	a5,1
    241e:	fef407a3          	sb	a5,-17(s0)
    2422:	a809                	j	2434 <lora3a22_restore_default+0x148>
    2424:	0dc00513          	li	a0,220
    2428:	303040ef          	jal	ra,6f2a <rt_thread_mdelay>
    242c:	07800513          	li	a0,120
    2430:	2fb040ef          	jal	ra,6f2a <rt_thread_mdelay>
    2434:	fef44783          	lbu	a5,-17(s0)
    2438:	853e                	mv	a0,a5
    243a:	50f2                	lw	ra,60(sp)
    243c:	5462                	lw	s0,56(sp)
    243e:	6121                	addi	sp,sp,64
    2440:	8082                	ret

00002442 <lora3a22_set_group_addr>:
    2442:	7179                	addi	sp,sp,-48
    2444:	d606                	sw	ra,44(sp)
    2446:	d422                	sw	s0,40(sp)
    2448:	1800                	addi	s0,sp,48
    244a:	fca42e23          	sw	a0,-36(s0)
    244e:	87ae                	mv	a5,a1
    2450:	8732                	mv	a4,a2
    2452:	fcf40da3          	sb	a5,-37(s0)
    2456:	87ba                	mv	a5,a4
    2458:	fcf40d23          	sb	a5,-38(s0)
    245c:	fe0407a3          	sb	zero,-17(s0)
    2460:	fdb44783          	lbu	a5,-37(s0)
    2464:	fef40423          	sb	a5,-24(s0)
    2468:	fda44783          	lbu	a5,-38(s0)
    246c:	fef404a3          	sb	a5,-23(s0)
    2470:	fdb44783          	lbu	a5,-37(s0)
    2474:	fef40523          	sb	a5,-22(s0)
    2478:	fda44783          	lbu	a5,-38(s0)
    247c:	fef405a3          	sb	a5,-21(s0)
    2480:	fe840793          	addi	a5,s0,-24
    2484:	4711                	li	a4,4
    2486:	86be                	mv	a3,a5
    2488:	4611                	li	a2,4
    248a:	45e1                	li	a1,24
    248c:	fdc42503          	lw	a0,-36(s0)
    2490:	a17ff0ef          	jal	ra,1ea6 <lora3a22_write_regs>
    2494:	87aa                	mv	a5,a0
    2496:	c789                	beqz	a5,24a0 <lora3a22_set_group_addr+0x5e>
    2498:	4785                	li	a5,1
    249a:	fef407a3          	sb	a5,-17(s0)
    249e:	0001                	nop
    24a0:	fef44783          	lbu	a5,-17(s0)
    24a4:	853e                	mv	a0,a5
    24a6:	50b2                	lw	ra,44(sp)
    24a8:	5422                	lw	s0,40(sp)
    24aa:	6145                	addi	sp,sp,48
    24ac:	8082                	ret

000024ae <lora3a22_send_dat>:
    24ae:	7179                	addi	sp,sp,-48
    24b0:	d606                	sw	ra,44(sp)
    24b2:	d422                	sw	s0,40(sp)
    24b4:	1800                	addi	s0,sp,48
    24b6:	fca42e23          	sw	a0,-36(s0)
    24ba:	fcb42c23          	sw	a1,-40(s0)
    24be:	fcc42a23          	sw	a2,-44(s0)
    24c2:	fe041723          	sh	zero,-18(s0)
    24c6:	a851                	j	255a <lora3a22_send_dat+0xac>
    24c8:	fdc42783          	lw	a5,-36(s0)
    24cc:	4fd8                	lw	a4,28(a5)
    24ce:	fdc42783          	lw	a5,-36(s0)
    24d2:	339e                	lhu	a5,32(a5)
    24d4:	85be                	mv	a1,a5
    24d6:	853a                	mv	a0,a4
    24d8:	961fe0ef          	jal	ra,e38 <GPIO_ReadInputDataBit>
    24dc:	87aa                	mv	a5,a0
    24de:	873e                	mv	a4,a5
    24e0:	4785                	li	a5,1
    24e2:	04f71e63          	bne	a4,a5,253e <lora3a22_send_dat+0x90>
    24e6:	fd442703          	lw	a4,-44(s0)
    24ea:	1ff00793          	li	a5,511
    24ee:	02e7fb63          	bgeu	a5,a4,2524 <lora3a22_send_dat+0x76>
    24f2:	fdc42783          	lw	a5,-36(s0)
    24f6:	439c                	lw	a5,0(a5)
    24f8:	20000613          	li	a2,512
    24fc:	fd842583          	lw	a1,-40(s0)
    2500:	853e                	mv	a0,a5
    2502:	478080ef          	jal	ra,a97a <uart_write_buffer>
    2506:	fd842783          	lw	a5,-40(s0)
    250a:	20078793          	addi	a5,a5,512
    250e:	fcf42c23          	sw	a5,-40(s0)
    2512:	fd442783          	lw	a5,-44(s0)
    2516:	e0078793          	addi	a5,a5,-512
    251a:	fcf42a23          	sw	a5,-44(s0)
    251e:	fe041723          	sh	zero,-18(s0)
    2522:	a825                	j	255a <lora3a22_send_dat+0xac>
    2524:	fdc42783          	lw	a5,-36(s0)
    2528:	439c                	lw	a5,0(a5)
    252a:	fd442603          	lw	a2,-44(s0)
    252e:	fd842583          	lw	a1,-40(s0)
    2532:	853e                	mv	a0,a5
    2534:	446080ef          	jal	ra,a97a <uart_write_buffer>
    2538:	fc042a23          	sw	zero,-44(s0)
    253c:	a025                	j	2564 <lora3a22_send_dat+0xb6>
    253e:	fee45783          	lhu	a5,-18(s0)
    2542:	0785                	addi	a5,a5,1
    2544:	fef41723          	sh	a5,-18(s0)
    2548:	fee45703          	lhu	a4,-18(s0)
    254c:	0c700793          	li	a5,199
    2550:	00e7e963          	bltu	a5,a4,2562 <lora3a22_send_dat+0xb4>
    2554:	4505                	li	a0,1
    2556:	1d5040ef          	jal	ra,6f2a <rt_thread_mdelay>
    255a:	fd442783          	lw	a5,-44(s0)
    255e:	f7ad                	bnez	a5,24c8 <lora3a22_send_dat+0x1a>
    2560:	a011                	j	2564 <lora3a22_send_dat+0xb6>
    2562:	0001                	nop
    2564:	4781                	li	a5,0
    2566:	853e                	mv	a0,a5
    2568:	50b2                	lw	ra,44(sp)
    256a:	5422                	lw	s0,40(sp)
    256c:	6145                	addi	sp,sp,48
    256e:	8082                	ret

00002570 <lora3a22_pair>:
    2570:	7179                	addi	sp,sp,-48
    2572:	d606                	sw	ra,44(sp)
    2574:	d422                	sw	s0,40(sp)
    2576:	1800                	addi	s0,sp,48
    2578:	fca42e23          	sw	a0,-36(s0)
    257c:	87ae                	mv	a5,a1
    257e:	8736                	mv	a4,a3
    2580:	fcf40da3          	sb	a5,-37(s0)
    2584:	87b2                	mv	a5,a2
    2586:	fcf40d23          	sb	a5,-38(s0)
    258a:	87ba                	mv	a5,a4
    258c:	fcf40ca3          	sb	a5,-39(s0)
    2590:	fe0407a3          	sb	zero,-17(s0)
    2594:	fdc42783          	lw	a5,-36(s0)
    2598:	4bd8                	lw	a4,20(a5)
    259a:	fdc42783          	lw	a5,-36(s0)
    259e:	2f9e                	lhu	a5,24(a5)
    25a0:	4601                	li	a2,0
    25a2:	85be                	mv	a1,a5
    25a4:	853a                	mv	a0,a4
    25a6:	8e9fe0ef          	jal	ra,e8e <GPIO_WriteBit>
    25aa:	4515                	li	a0,5
    25ac:	17f040ef          	jal	ra,6f2a <rt_thread_mdelay>
    25b0:	fdc42783          	lw	a5,-36(s0)
    25b4:	4bd8                	lw	a4,20(a5)
    25b6:	fdc42783          	lw	a5,-36(s0)
    25ba:	2f9e                	lhu	a5,24(a5)
    25bc:	4605                	li	a2,1
    25be:	85be                	mv	a1,a5
    25c0:	853a                	mv	a0,a4
    25c2:	8cdfe0ef          	jal	ra,e8e <GPIO_WriteBit>
    25c6:	fdc42783          	lw	a5,-36(s0)
    25ca:	5bd8                	lw	a4,52(a5)
    25cc:	6789                	lui	a5,0x2
    25ce:	58078513          	addi	a0,a5,1408 # 2580 <lora3a22_pair+0x10>
    25d2:	9702                	jalr	a4
    25d4:	4581                	li	a1,0
    25d6:	fdc42503          	lw	a0,-36(s0)
    25da:	f24ff0ef          	jal	ra,1cfe <lora3a22_set_work_mode>
    25de:	fdc42503          	lw	a0,-36(s0)
    25e2:	3139                	jal	21f0 <lora3a22_self_test>
    25e4:	87aa                	mv	a5,a0
    25e6:	cb91                	beqz	a5,25fa <lora3a22_pair+0x8a>
    25e8:	67ad                	lui	a5,0xb
    25ea:	40478513          	addi	a0,a5,1028 # b404 <__malloc_unlock+0x7e>
    25ee:	652030ef          	jal	ra,5c40 <rt_kprintf>
    25f2:	4785                	li	a5,1
    25f4:	fef407a3          	sb	a5,-17(s0)
    25f8:	aa39                	j	2716 <lora3a22_pair+0x1a6>
    25fa:	fdc42503          	lw	a0,-36(s0)
    25fe:	31fd                	jal	22ec <lora3a22_restore_default>
    2600:	87aa                	mv	a5,a0
    2602:	cb91                	beqz	a5,2616 <lora3a22_pair+0xa6>
    2604:	67ad                	lui	a5,0xb
    2606:	42078513          	addi	a0,a5,1056 # b420 <__malloc_unlock+0x9a>
    260a:	636030ef          	jal	ra,5c40 <rt_kprintf>
    260e:	4785                	li	a5,1
    2610:	fef407a3          	sb	a5,-17(s0)
    2614:	a209                	j	2716 <lora3a22_pair+0x1a6>
    2616:	fe040223          	sb	zero,-28(s0)
    261a:	4785                	li	a5,1
    261c:	fef402a3          	sb	a5,-27(s0)
    2620:	fc200793          	li	a5,-62
    2624:	fef40323          	sb	a5,-26(s0)
    2628:	fe0403a3          	sb	zero,-25(s0)
    262c:	fe440793          	addi	a5,s0,-28
    2630:	4691                	li	a3,4
    2632:	863e                	mv	a2,a5
    2634:	4591                	li	a1,4
    2636:	fdc42503          	lw	a0,-36(s0)
    263a:	991ff0ef          	jal	ra,1fca <lora3a22_write_reg>
    263e:	87aa                	mv	a5,a0
    2640:	cb91                	beqz	a5,2654 <lora3a22_pair+0xe4>
    2642:	67ad                	lui	a5,0xb
    2644:	44478513          	addi	a0,a5,1092 # b444 <__malloc_unlock+0xbe>
    2648:	5f8030ef          	jal	ra,5c40 <rt_kprintf>
    264c:	4785                	li	a5,1
    264e:	fef407a3          	sb	a5,-17(s0)
    2652:	a0d1                	j	2716 <lora3a22_pair+0x1a6>
    2654:	fe040223          	sb	zero,-28(s0)
    2658:	fe440793          	addi	a5,s0,-28
    265c:	4685                	li	a3,1
    265e:	863e                	mv	a2,a5
    2660:	4595                	li	a1,5
    2662:	fdc42503          	lw	a0,-36(s0)
    2666:	965ff0ef          	jal	ra,1fca <lora3a22_write_reg>
    266a:	87aa                	mv	a5,a0
    266c:	cb91                	beqz	a5,2680 <lora3a22_pair+0x110>
    266e:	67ad                	lui	a5,0xb
    2670:	45878513          	addi	a0,a5,1112 # b458 <__malloc_unlock+0xd2>
    2674:	5cc030ef          	jal	ra,5c40 <rt_kprintf>
    2678:	4785                	li	a5,1
    267a:	fef407a3          	sb	a5,-17(s0)
    267e:	a861                	j	2716 <lora3a22_pair+0x1a6>
    2680:	fdb44703          	lbu	a4,-37(s0)
    2684:	07300793          	li	a5,115
    2688:	00e7f663          	bgeu	a5,a4,2694 <lora3a22_pair+0x124>
    268c:	07300793          	li	a5,115
    2690:	fcf40da3          	sb	a5,-37(s0)
    2694:	fdb44783          	lbu	a5,-37(s0)
    2698:	838d                	srli	a5,a5,0x3
    269a:	0ff7f793          	andi	a5,a5,255
    269e:	fef40223          	sb	a5,-28(s0)
    26a2:	fdb44783          	lbu	a5,-37(s0)
    26a6:	0796                	slli	a5,a5,0x5
    26a8:	07e2                	slli	a5,a5,0x18
    26aa:	87e1                	srai	a5,a5,0x18
    26ac:	01f7e793          	ori	a5,a5,31
    26b0:	07e2                	slli	a5,a5,0x18
    26b2:	87e1                	srai	a5,a5,0x18
    26b4:	0ff7f793          	andi	a5,a5,255
    26b8:	fef402a3          	sb	a5,-27(s0)
    26bc:	fe440793          	addi	a5,s0,-28
    26c0:	4689                	li	a3,2
    26c2:	863e                	mv	a2,a5
    26c4:	4599                	li	a1,6
    26c6:	fdc42503          	lw	a0,-36(s0)
    26ca:	901ff0ef          	jal	ra,1fca <lora3a22_write_reg>
    26ce:	87aa                	mv	a5,a0
    26d0:	cb91                	beqz	a5,26e4 <lora3a22_pair+0x174>
    26d2:	67ad                	lui	a5,0xb
    26d4:	47478513          	addi	a0,a5,1140 # b474 <__malloc_unlock+0xee>
    26d8:	568030ef          	jal	ra,5c40 <rt_kprintf>
    26dc:	4785                	li	a5,1
    26de:	fef407a3          	sb	a5,-17(s0)
    26e2:	a815                	j	2716 <lora3a22_pair+0x1a6>
    26e4:	fd944703          	lbu	a4,-39(s0)
    26e8:	fda44783          	lbu	a5,-38(s0)
    26ec:	863a                	mv	a2,a4
    26ee:	85be                	mv	a1,a5
    26f0:	fdc42503          	lw	a0,-36(s0)
    26f4:	33b9                	jal	2442 <lora3a22_set_group_addr>
    26f6:	87aa                	mv	a5,a0
    26f8:	cb91                	beqz	a5,270c <lora3a22_pair+0x19c>
    26fa:	67ad                	lui	a5,0xb
    26fc:	49478513          	addi	a0,a5,1172 # b494 <__malloc_unlock+0x10e>
    2700:	540030ef          	jal	ra,5c40 <rt_kprintf>
    2704:	4785                	li	a5,1
    2706:	fef407a3          	sb	a5,-17(s0)
    270a:	a031                	j	2716 <lora3a22_pair+0x1a6>
    270c:	4585                	li	a1,1
    270e:	fdc42503          	lw	a0,-36(s0)
    2712:	decff0ef          	jal	ra,1cfe <lora3a22_set_work_mode>
    2716:	fdc42783          	lw	a5,-36(s0)
    271a:	5bd8                	lw	a4,52(a5)
    271c:	67f1                	lui	a5,0x1c
    271e:	20078513          	addi	a0,a5,512 # 1c200 <__rt_init_end+0xf840>
    2722:	9702                	jalr	a4
    2724:	fef44783          	lbu	a5,-17(s0)
    2728:	853e                	mv	a0,a5
    272a:	50b2                	lw	ra,44(sp)
    272c:	5422                	lw	s0,40(sp)
    272e:	6145                	addi	sp,sp,48
    2730:	8082                	ret

00002732 <lora3a22_init>:
    2732:	1101                	addi	sp,sp,-32
    2734:	ce06                	sw	ra,28(sp)
    2736:	cc22                	sw	s0,24(sp)
    2738:	1000                	addi	s0,sp,32
    273a:	fe0407a3          	sb	zero,-17(s0)
    273e:	40014737          	lui	a4,0x40014
    2742:	80070713          	addi	a4,a4,-2048 # 40013800 <_eusrstack+0x2000e800>
    2746:	94e1aa23          	sw	a4,-1708(gp) # 20000244 <lora3a22_local>
    274a:	95418793          	addi	a5,gp,-1708 # 20000244 <lora3a22_local>
    274e:	0000a737          	lui	a4,0xa
    2752:	5e470713          	addi	a4,a4,1508 # a5e4 <uart1_init>
    2756:	dbd8                	sw	a4,52(a5)
    2758:	95418793          	addi	a5,gp,-1708 # 20000244 <lora3a22_local>
    275c:	40011737          	lui	a4,0x40011
    2760:	80070713          	addi	a4,a4,-2048 # 40010800 <_eusrstack+0x2000b800>
    2764:	c3d8                	sw	a4,4(a5)
    2766:	95418793          	addi	a5,gp,-1708 # 20000244 <lora3a22_local>
    276a:	40000713          	li	a4,1024
    276e:	a79a                	sh	a4,8(a5)
    2770:	95418793          	addi	a5,gp,-1708 # 20000244 <lora3a22_local>
    2774:	40011737          	lui	a4,0x40011
    2778:	80070713          	addi	a4,a4,-2048 # 40010800 <_eusrstack+0x2000b800>
    277c:	c7d8                	sw	a4,12(a5)
    277e:	95418793          	addi	a5,gp,-1708 # 20000244 <lora3a22_local>
    2782:	20000713          	li	a4,512
    2786:	ab9a                	sh	a4,16(a5)
    2788:	95418793          	addi	a5,gp,-1708 # 20000244 <lora3a22_local>
    278c:	40011737          	lui	a4,0x40011
    2790:	40070713          	addi	a4,a4,1024 # 40011400 <_eusrstack+0x2000c400>
    2794:	cbd8                	sw	a4,20(a5)
    2796:	95418793          	addi	a5,gp,-1708 # 20000244 <lora3a22_local>
    279a:	4709                	li	a4,2
    279c:	af9a                	sh	a4,24(a5)
    279e:	95418793          	addi	a5,gp,-1708 # 20000244 <lora3a22_local>
    27a2:	40011737          	lui	a4,0x40011
    27a6:	80070713          	addi	a4,a4,-2048 # 40010800 <_eusrstack+0x2000b800>
    27aa:	cfd8                	sw	a4,28(a5)
    27ac:	95418793          	addi	a5,gp,-1708 # 20000244 <lora3a22_local>
    27b0:	10000713          	li	a4,256
    27b4:	b39a                	sh	a4,32(a5)
    27b6:	95418793          	addi	a5,gp,-1708 # 20000244 <lora3a22_local>
    27ba:	40011737          	lui	a4,0x40011
    27be:	80070713          	addi	a4,a4,-2048 # 40010800 <_eusrstack+0x2000b800>
    27c2:	d3d8                	sw	a4,36(a5)
    27c4:	95418793          	addi	a5,gp,-1708 # 20000244 <lora3a22_local>
    27c8:	6705                	lui	a4,0x1
    27ca:	b79a                	sh	a4,40(a5)
    27cc:	95418793          	addi	a5,gp,-1708 # 20000244 <lora3a22_local>
    27d0:	40011737          	lui	a4,0x40011
    27d4:	80070713          	addi	a4,a4,-2048 # 40010800 <_eusrstack+0x2000b800>
    27d8:	d7d8                	sw	a4,44(a5)
    27da:	95418793          	addi	a5,gp,-1708 # 20000244 <lora3a22_local>
    27de:	6705                	lui	a4,0x1
    27e0:	80070713          	addi	a4,a4,-2048 # 800 <__stack_size>
    27e4:	bb9a                	sh	a4,48(a5)
    27e6:	95418513          	addi	a0,gp,-1708 # 20000244 <lora3a22_local>
    27ea:	8fbff0ef          	jal	ra,20e4 <lora3a22_gpio_init>
    27ee:	40005737          	lui	a4,0x40005
    27f2:	c0070713          	addi	a4,a4,-1024 # 40004c00 <_eusrstack+0x1ffffc00>
    27f6:	98e1a623          	sw	a4,-1652(gp) # 2000027c <lora3a22_target>
    27fa:	98c18793          	addi	a5,gp,-1652 # 2000027c <lora3a22_target>
    27fe:	0000b737          	lui	a4,0xb
    2802:	82470713          	addi	a4,a4,-2012 # a824 <uart4_init>
    2806:	dbd8                	sw	a4,52(a5)
    2808:	98c18793          	addi	a5,gp,-1652 # 2000027c <lora3a22_target>
    280c:	40011737          	lui	a4,0x40011
    2810:	c0070713          	addi	a4,a4,-1024 # 40010c00 <_eusrstack+0x2000bc00>
    2814:	c3d8                	sw	a4,4(a5)
    2816:	98c18793          	addi	a5,gp,-1652 # 2000027c <lora3a22_target>
    281a:	4705                	li	a4,1
    281c:	a79a                	sh	a4,8(a5)
    281e:	98c18793          	addi	a5,gp,-1652 # 2000027c <lora3a22_target>
    2822:	40011737          	lui	a4,0x40011
    2826:	c0070713          	addi	a4,a4,-1024 # 40010c00 <_eusrstack+0x2000bc00>
    282a:	c7d8                	sw	a4,12(a5)
    282c:	98c18793          	addi	a5,gp,-1652 # 2000027c <lora3a22_target>
    2830:	4709                	li	a4,2
    2832:	ab9a                	sh	a4,16(a5)
    2834:	98c18793          	addi	a5,gp,-1652 # 2000027c <lora3a22_target>
    2838:	40011737          	lui	a4,0x40011
    283c:	40070713          	addi	a4,a4,1024 # 40011400 <_eusrstack+0x2000c400>
    2840:	cbd8                	sw	a4,20(a5)
    2842:	98c18793          	addi	a5,gp,-1652 # 2000027c <lora3a22_target>
    2846:	4705                	li	a4,1
    2848:	af9a                	sh	a4,24(a5)
    284a:	98c18793          	addi	a5,gp,-1652 # 2000027c <lora3a22_target>
    284e:	40011737          	lui	a4,0x40011
    2852:	d3d8                	sw	a4,36(a5)
    2854:	98c18793          	addi	a5,gp,-1652 # 2000027c <lora3a22_target>
    2858:	7761                	lui	a4,0xffff8
    285a:	b79a                	sh	a4,40(a5)
    285c:	98c18793          	addi	a5,gp,-1652 # 2000027c <lora3a22_target>
    2860:	0007ae23          	sw	zero,28(a5)
    2864:	98c18793          	addi	a5,gp,-1652 # 2000027c <lora3a22_target>
    2868:	02079023          	sh	zero,32(a5)
    286c:	98c18793          	addi	a5,gp,-1652 # 2000027c <lora3a22_target>
    2870:	0207a623          	sw	zero,44(a5)
    2874:	98c18793          	addi	a5,gp,-1652 # 2000027c <lora3a22_target>
    2878:	02079823          	sh	zero,48(a5)
    287c:	98c18513          	addi	a0,gp,-1652 # 2000027c <lora3a22_target>
    2880:	865ff0ef          	jal	ra,20e4 <lora3a22_gpio_init>
    2884:	04000693          	li	a3,64
    2888:	8f818613          	addi	a2,gp,-1800 # 200001e8 <lora3a22_uart_buff>
    288c:	4581                	li	a1,0
    288e:	93818513          	addi	a0,gp,-1736 # 20000228 <lora3a22_uart_fifo>
    2892:	0c2010ef          	jal	ra,3954 <fifo_init>
    2896:	95418793          	addi	a5,gp,-1708 # 20000244 <lora3a22_local>
    289a:	4bd8                	lw	a4,20(a5)
    289c:	95418793          	addi	a5,gp,-1708 # 20000244 <lora3a22_local>
    28a0:	2f9e                	lhu	a5,24(a5)
    28a2:	4601                	li	a2,0
    28a4:	85be                	mv	a1,a5
    28a6:	853a                	mv	a0,a4
    28a8:	de6fe0ef          	jal	ra,e8e <GPIO_WriteBit>
    28ac:	4515                	li	a0,5
    28ae:	67c040ef          	jal	ra,6f2a <rt_thread_mdelay>
    28b2:	95418793          	addi	a5,gp,-1708 # 20000244 <lora3a22_local>
    28b6:	4bd8                	lw	a4,20(a5)
    28b8:	95418793          	addi	a5,gp,-1708 # 20000244 <lora3a22_local>
    28bc:	2f9e                	lhu	a5,24(a5)
    28be:	4605                	li	a2,1
    28c0:	85be                	mv	a1,a5
    28c2:	853a                	mv	a0,a4
    28c4:	dcafe0ef          	jal	ra,e8e <GPIO_WriteBit>
    28c8:	95418793          	addi	a5,gp,-1708 # 20000244 <lora3a22_local>
    28cc:	5bd8                	lw	a4,52(a5)
    28ce:	6789                	lui	a5,0x2
    28d0:	58078513          	addi	a0,a5,1408 # 2580 <lora3a22_pair+0x10>
    28d4:	9702                	jalr	a4
    28d6:	4581                	li	a1,0
    28d8:	95418513          	addi	a0,gp,-1708 # 20000244 <lora3a22_local>
    28dc:	c22ff0ef          	jal	ra,1cfe <lora3a22_set_work_mode>
    28e0:	87aa                	mv	a5,a0
    28e2:	cb91                	beqz	a5,28f6 <lora3a22_init+0x1c4>
    28e4:	67ad                	lui	a5,0xb
    28e6:	4b078513          	addi	a0,a5,1200 # b4b0 <__malloc_unlock+0x12a>
    28ea:	356030ef          	jal	ra,5c40 <rt_kprintf>
    28ee:	4785                	li	a5,1
    28f0:	fef407a3          	sb	a5,-17(s0)
    28f4:	a081                	j	2934 <lora3a22_init+0x202>
    28f6:	95418513          	addi	a0,gp,-1708 # 20000244 <lora3a22_local>
    28fa:	8f7ff0ef          	jal	ra,21f0 <lora3a22_self_test>
    28fe:	87aa                	mv	a5,a0
    2900:	cb91                	beqz	a5,2914 <lora3a22_init+0x1e2>
    2902:	67ad                	lui	a5,0xb
    2904:	40478513          	addi	a0,a5,1028 # b404 <__malloc_unlock+0x7e>
    2908:	338030ef          	jal	ra,5c40 <rt_kprintf>
    290c:	4785                	li	a5,1
    290e:	fef407a3          	sb	a5,-17(s0)
    2912:	a00d                	j	2934 <lora3a22_init+0x202>
    2914:	4585                	li	a1,1
    2916:	95418513          	addi	a0,gp,-1708 # 20000244 <lora3a22_local>
    291a:	be4ff0ef          	jal	ra,1cfe <lora3a22_set_work_mode>
    291e:	87aa                	mv	a5,a0
    2920:	cb91                	beqz	a5,2934 <lora3a22_init+0x202>
    2922:	67ad                	lui	a5,0xb
    2924:	4b078513          	addi	a0,a5,1200 # b4b0 <__malloc_unlock+0x12a>
    2928:	318030ef          	jal	ra,5c40 <rt_kprintf>
    292c:	4785                	li	a5,1
    292e:	fef407a3          	sb	a5,-17(s0)
    2932:	0001                	nop
    2934:	95418793          	addi	a5,gp,-1708 # 20000244 <lora3a22_local>
    2938:	5bd8                	lw	a4,52(a5)
    293a:	67f1                	lui	a5,0x1c
    293c:	20078513          	addi	a0,a5,512 # 1c200 <__rt_init_end+0xf840>
    2940:	9702                	jalr	a4
    2942:	fef44783          	lbu	a5,-17(s0)
    2946:	853e                	mv	a0,a5
    2948:	40f2                	lw	ra,28(sp)
    294a:	4462                	lw	s0,24(sp)
    294c:	6105                	addi	sp,sp,32
    294e:	8082                	ret

00002950 <limit>:
    2950:	7179                	addi	sp,sp,-48
    2952:	d622                	sw	s0,44(sp)
    2954:	1800                	addi	s0,sp,48
    2956:	87aa                	mv	a5,a0
    2958:	86ae                	mv	a3,a1
    295a:	8732                	mv	a4,a2
    295c:	fcf41f23          	sh	a5,-34(s0)
    2960:	87b6                	mv	a5,a3
    2962:	fcf41e23          	sh	a5,-36(s0)
    2966:	87ba                	mv	a5,a4
    2968:	fcf41d23          	sh	a5,-38(s0)
    296c:	fde45703          	lhu	a4,-34(s0)
    2970:	fdc45783          	lhu	a5,-36(s0)
    2974:	40f707b3          	sub	a5,a4,a5
    2978:	07c2                	slli	a5,a5,0x10
    297a:	83c1                	srli	a5,a5,0x10
    297c:	fef41723          	sh	a5,-18(s0)
    2980:	fda41703          	lh	a4,-38(s0)
    2984:	fee41783          	lh	a5,-18(s0)
    2988:	00e7cd63          	blt	a5,a4,29a2 <limit+0x52>
    298c:	fee45703          	lhu	a4,-18(s0)
    2990:	fda45783          	lhu	a5,-38(s0)
    2994:	40f707b3          	sub	a5,a4,a5
    2998:	07c2                	slli	a5,a5,0x10
    299a:	83c1                	srli	a5,a5,0x10
    299c:	fef41723          	sh	a5,-18(s0)
    29a0:	a02d                	j	29ca <limit+0x7a>
    29a2:	fda41783          	lh	a5,-38(s0)
    29a6:	40f00733          	neg	a4,a5
    29aa:	fee41783          	lh	a5,-18(s0)
    29ae:	00f74c63          	blt	a4,a5,29c6 <limit+0x76>
    29b2:	fee45703          	lhu	a4,-18(s0)
    29b6:	fda45783          	lhu	a5,-38(s0)
    29ba:	97ba                	add	a5,a5,a4
    29bc:	07c2                	slli	a5,a5,0x10
    29be:	83c1                	srli	a5,a5,0x10
    29c0:	fef41723          	sh	a5,-18(s0)
    29c4:	a019                	j	29ca <limit+0x7a>
    29c6:	fe041723          	sh	zero,-18(s0)
    29ca:	fee41783          	lh	a5,-18(s0)
    29ce:	853e                	mv	a0,a5
    29d0:	5432                	lw	s0,44(sp)
    29d2:	6145                	addi	sp,sp,48
    29d4:	8082                	ret

000029d6 <lora3a22_send_thread>:
    29d6:	7179                	addi	sp,sp,-48
    29d8:	d606                	sw	ra,44(sp)
    29da:	d422                	sw	s0,40(sp)
    29dc:	1800                	addi	s0,sp,48
    29de:	fca42e23          	sw	a0,-36(s0)
    29e2:	fe0407a3          	sb	zero,-17(s0)
    29e6:	9c418793          	addi	a5,gp,-1596 # 200002b4 <lora3a22_transfer>
    29ea:	fef42423          	sw	a5,-24(s0)
    29ee:	fe0407a3          	sb	zero,-17(s0)
    29f2:	fa300713          	li	a4,-93
    29f6:	9ce18223          	sb	a4,-1596(gp) # 200002b4 <lora3a22_transfer>
    29fa:	9c418793          	addi	a5,gp,-1596 # 200002b4 <lora3a22_transfer>
    29fe:	000780a3          	sb	zero,1(a5)
    2a02:	4591                	li	a1,4
    2a04:	400117b7          	lui	a5,0x40011
    2a08:	80078513          	addi	a0,a5,-2048 # 40010800 <_eusrstack+0x2000b800>
    2a0c:	c2cfe0ef          	jal	ra,e38 <GPIO_ReadInputDataBit>
    2a10:	87aa                	mv	a5,a0
    2a12:	0017b793          	seqz	a5,a5
    2a16:	0ff7f793          	andi	a5,a5,255
    2a1a:	873e                	mv	a4,a5
    2a1c:	9c418793          	addi	a5,gp,-1596 # 200002b4 <lora3a22_transfer>
    2a20:	a7b8                	sb	a4,10(a5)
    2a22:	02000593          	li	a1,32
    2a26:	400117b7          	lui	a5,0x40011
    2a2a:	80078513          	addi	a0,a5,-2048 # 40010800 <_eusrstack+0x2000b800>
    2a2e:	c0afe0ef          	jal	ra,e38 <GPIO_ReadInputDataBit>
    2a32:	87aa                	mv	a5,a0
    2a34:	0017b793          	seqz	a5,a5
    2a38:	0ff7f793          	andi	a5,a5,255
    2a3c:	873e                	mv	a4,a5
    2a3e:	9c418793          	addi	a5,gp,-1596 # 200002b4 <lora3a22_transfer>
    2a42:	b7b8                	sb	a4,11(a5)
    2a44:	10000593          	li	a1,256
    2a48:	400117b7          	lui	a5,0x40011
    2a4c:	c0078513          	addi	a0,a5,-1024 # 40010c00 <_eusrstack+0x2000bc00>
    2a50:	be8fe0ef          	jal	ra,e38 <GPIO_ReadInputDataBit>
    2a54:	87aa                	mv	a5,a0
    2a56:	0017b793          	seqz	a5,a5
    2a5a:	0ff7f793          	andi	a5,a5,255
    2a5e:	873e                	mv	a4,a5
    2a60:	9c418793          	addi	a5,gp,-1596 # 200002b4 <lora3a22_transfer>
    2a64:	a7d8                	sb	a4,12(a5)
    2a66:	4591                	li	a1,4
    2a68:	400117b7          	lui	a5,0x40011
    2a6c:	c0078513          	addi	a0,a5,-1024 # 40010c00 <_eusrstack+0x2000bc00>
    2a70:	bc8fe0ef          	jal	ra,e38 <GPIO_ReadInputDataBit>
    2a74:	87aa                	mv	a5,a0
    2a76:	0017b793          	seqz	a5,a5
    2a7a:	0ff7f793          	andi	a5,a5,255
    2a7e:	873e                	mv	a4,a5
    2a80:	9c418793          	addi	a5,gp,-1596 # 200002b4 <lora3a22_transfer>
    2a84:	b7d8                	sb	a4,13(a5)
    2a86:	200027b7          	lui	a5,0x20002
    2a8a:	7147d783          	lhu	a5,1812(a5) # 20002714 <g_adc_reg_value>
    2a8e:	01079713          	slli	a4,a5,0x10
    2a92:	8741                	srai	a4,a4,0x10
    2a94:	8dc1d783          	lhu	a5,-1828(gp) # 200001cc <g_adc_calibration_value>
    2a98:	07c2                	slli	a5,a5,0x10
    2a9a:	87c1                	srai	a5,a5,0x10
    2a9c:	03200613          	li	a2,50
    2aa0:	85be                	mv	a1,a5
    2aa2:	853a                	mv	a0,a4
    2aa4:	3575                	jal	2950 <limit>
    2aa6:	87aa                	mv	a5,a0
    2aa8:	873e                	mv	a4,a5
    2aaa:	9c418793          	addi	a5,gp,-1596 # 200002b4 <lora3a22_transfer>
    2aae:	a3ba                	sh	a4,2(a5)
    2ab0:	200027b7          	lui	a5,0x20002
    2ab4:	71478793          	addi	a5,a5,1812 # 20002714 <g_adc_reg_value>
    2ab8:	23be                	lhu	a5,2(a5)
    2aba:	01079713          	slli	a4,a5,0x10
    2abe:	8741                	srai	a4,a4,0x10
    2ac0:	8dc18793          	addi	a5,gp,-1828 # 200001cc <g_adc_calibration_value>
    2ac4:	23be                	lhu	a5,2(a5)
    2ac6:	07c2                	slli	a5,a5,0x10
    2ac8:	87c1                	srai	a5,a5,0x10
    2aca:	03200613          	li	a2,50
    2ace:	85be                	mv	a1,a5
    2ad0:	853a                	mv	a0,a4
    2ad2:	3dbd                	jal	2950 <limit>
    2ad4:	87aa                	mv	a5,a0
    2ad6:	873e                	mv	a4,a5
    2ad8:	9c418793          	addi	a5,gp,-1596 # 200002b4 <lora3a22_transfer>
    2adc:	a3da                	sh	a4,4(a5)
    2ade:	200027b7          	lui	a5,0x20002
    2ae2:	71478793          	addi	a5,a5,1812 # 20002714 <g_adc_reg_value>
    2ae6:	23de                	lhu	a5,4(a5)
    2ae8:	01079713          	slli	a4,a5,0x10
    2aec:	8741                	srai	a4,a4,0x10
    2aee:	8dc18793          	addi	a5,gp,-1828 # 200001cc <g_adc_calibration_value>
    2af2:	23de                	lhu	a5,4(a5)
    2af4:	07c2                	slli	a5,a5,0x10
    2af6:	87c1                	srai	a5,a5,0x10
    2af8:	03200613          	li	a2,50
    2afc:	85be                	mv	a1,a5
    2afe:	853a                	mv	a0,a4
    2b00:	3d81                	jal	2950 <limit>
    2b02:	87aa                	mv	a5,a0
    2b04:	873e                	mv	a4,a5
    2b06:	9c418793          	addi	a5,gp,-1596 # 200002b4 <lora3a22_transfer>
    2b0a:	a3fa                	sh	a4,6(a5)
    2b0c:	200027b7          	lui	a5,0x20002
    2b10:	71478793          	addi	a5,a5,1812 # 20002714 <g_adc_reg_value>
    2b14:	23fe                	lhu	a5,6(a5)
    2b16:	01079713          	slli	a4,a5,0x10
    2b1a:	8741                	srai	a4,a4,0x10
    2b1c:	8dc18793          	addi	a5,gp,-1828 # 200001cc <g_adc_calibration_value>
    2b20:	23fe                	lhu	a5,6(a5)
    2b22:	07c2                	slli	a5,a5,0x10
    2b24:	87c1                	srai	a5,a5,0x10
    2b26:	03200613          	li	a2,50
    2b2a:	85be                	mv	a1,a5
    2b2c:	853a                	mv	a0,a4
    2b2e:	350d                	jal	2950 <limit>
    2b30:	87aa                	mv	a5,a0
    2b32:	873e                	mv	a4,a5
    2b34:	9c418793          	addi	a5,gp,-1596 # 200002b4 <lora3a22_transfer>
    2b38:	a79a                	sh	a4,8(a5)
    2b3a:	6589                	lui	a1,0x2
    2b3c:	40011537          	lui	a0,0x40011
    2b40:	af8fe0ef          	jal	ra,e38 <GPIO_ReadInputDataBit>
    2b44:	87aa                	mv	a5,a0
    2b46:	873e                	mv	a4,a5
    2b48:	9c418793          	addi	a5,gp,-1596 # 200002b4 <lora3a22_transfer>
    2b4c:	a7f8                	sb	a4,14(a5)
    2b4e:	6591                	lui	a1,0x4
    2b50:	40011537          	lui	a0,0x40011
    2b54:	ae4fe0ef          	jal	ra,e38 <GPIO_ReadInputDataBit>
    2b58:	87aa                	mv	a5,a0
    2b5a:	873e                	mv	a4,a5
    2b5c:	9c418793          	addi	a5,gp,-1596 # 200002b4 <lora3a22_transfer>
    2b60:	b7f8                	sb	a4,15(a5)
    2b62:	6585                	lui	a1,0x1
    2b64:	400117b7          	lui	a5,0x40011
    2b68:	c0078513          	addi	a0,a5,-1024 # 40010c00 <_eusrstack+0x2000bc00>
    2b6c:	accfe0ef          	jal	ra,e38 <GPIO_ReadInputDataBit>
    2b70:	87aa                	mv	a5,a0
    2b72:	873e                	mv	a4,a5
    2b74:	9c418793          	addi	a5,gp,-1596 # 200002b4 <lora3a22_transfer>
    2b78:	ab98                	sb	a4,16(a5)
    2b7a:	6589                	lui	a1,0x2
    2b7c:	400117b7          	lui	a5,0x40011
    2b80:	c0078513          	addi	a0,a5,-1024 # 40010c00 <_eusrstack+0x2000bc00>
    2b84:	ab4fe0ef          	jal	ra,e38 <GPIO_ReadInputDataBit>
    2b88:	87aa                	mv	a5,a0
    2b8a:	873e                	mv	a4,a5
    2b8c:	9c418793          	addi	a5,gp,-1596 # 200002b4 <lora3a22_transfer>
    2b90:	bb98                	sb	a4,17(a5)
    2b92:	8141a783          	lw	a5,-2028(gp) # 20000104 <lora3a22_idle_count>
    2b96:	00178713          	addi	a4,a5,1
    2b9a:	80e1aa23          	sw	a4,-2028(gp) # 20000104 <lora3a22_idle_count>
    2b9e:	8281a783          	lw	a5,-2008(gp) # 20000118 <lora3a22_mutex>
    2ba2:	55fd                	li	a1,-1
    2ba4:	853e                	mv	a0,a5
    2ba6:	067010ef          	jal	ra,440c <rt_mutex_take>
    2baa:	8111c783          	lbu	a5,-2031(gp) # 20000101 <lora3a22_sleep_flag>
    2bae:	0c079163          	bnez	a5,2c70 <lora3a22_send_thread+0x29a>
    2bb2:	9c418793          	addi	a5,gp,-1596 # 200002b4 <lora3a22_transfer>
    2bb6:	27bc                	lbu	a5,10(a5)
    2bb8:	efa5                	bnez	a5,2c30 <lora3a22_send_thread+0x25a>
    2bba:	9c418793          	addi	a5,gp,-1596 # 200002b4 <lora3a22_transfer>
    2bbe:	37bc                	lbu	a5,11(a5)
    2bc0:	eba5                	bnez	a5,2c30 <lora3a22_send_thread+0x25a>
    2bc2:	9c418793          	addi	a5,gp,-1596 # 200002b4 <lora3a22_transfer>
    2bc6:	27dc                	lbu	a5,12(a5)
    2bc8:	e7a5                	bnez	a5,2c30 <lora3a22_send_thread+0x25a>
    2bca:	9c418793          	addi	a5,gp,-1596 # 200002b4 <lora3a22_transfer>
    2bce:	37dc                	lbu	a5,13(a5)
    2bd0:	e3a5                	bnez	a5,2c30 <lora3a22_send_thread+0x25a>
    2bd2:	9c418793          	addi	a5,gp,-1596 # 200002b4 <lora3a22_transfer>
    2bd6:	00279783          	lh	a5,2(a5)
    2bda:	ebb9                	bnez	a5,2c30 <lora3a22_send_thread+0x25a>
    2bdc:	9c418793          	addi	a5,gp,-1596 # 200002b4 <lora3a22_transfer>
    2be0:	00479783          	lh	a5,4(a5)
    2be4:	e7b1                	bnez	a5,2c30 <lora3a22_send_thread+0x25a>
    2be6:	9c418793          	addi	a5,gp,-1596 # 200002b4 <lora3a22_transfer>
    2bea:	00679783          	lh	a5,6(a5)
    2bee:	e3a9                	bnez	a5,2c30 <lora3a22_send_thread+0x25a>
    2bf0:	9c418793          	addi	a5,gp,-1596 # 200002b4 <lora3a22_transfer>
    2bf4:	00879783          	lh	a5,8(a5)
    2bf8:	ef85                	bnez	a5,2c30 <lora3a22_send_thread+0x25a>
    2bfa:	8141a703          	lw	a4,-2028(gp) # 20000104 <lora3a22_idle_count>
    2bfe:	6785                	lui	a5,0x1
    2c00:	96078793          	addi	a5,a5,-1696 # 960 <__stack_size+0x160>
    2c04:	02e7f863          	bgeu	a5,a4,2c34 <lora3a22_send_thread+0x25e>
    2c08:	4705                	li	a4,1
    2c0a:	80e188a3          	sb	a4,-2031(gp) # 20000101 <lora3a22_sleep_flag>
    2c0e:	8e41a783          	lw	a5,-1820(gp) # 200001d4 <led_event>
    2c12:	4591                	li	a1,4
    2c14:	853e                	mv	a0,a5
    2c16:	325010ef          	jal	ra,473a <rt_event_send>
    2c1a:	4589                	li	a1,2
    2c1c:	95418513          	addi	a0,gp,-1708 # 20000244 <lora3a22_local>
    2c20:	8deff0ef          	jal	ra,1cfe <lora3a22_set_work_mode>
    2c24:	67ad                	lui	a5,0xb
    2c26:	4d078513          	addi	a0,a5,1232 # b4d0 <__malloc_unlock+0x14a>
    2c2a:	016030ef          	jal	ra,5c40 <rt_kprintf>
    2c2e:	a019                	j	2c34 <lora3a22_send_thread+0x25e>
    2c30:	8001aa23          	sw	zero,-2028(gp) # 20000104 <lora3a22_idle_count>
    2c34:	fe040723          	sb	zero,-18(s0)
    2c38:	a00d                	j	2c5a <lora3a22_send_thread+0x284>
    2c3a:	fee44783          	lbu	a5,-18(s0)
    2c3e:	fe842703          	lw	a4,-24(s0)
    2c42:	97ba                	add	a5,a5,a4
    2c44:	2398                	lbu	a4,0(a5)
    2c46:	fef44783          	lbu	a5,-17(s0)
    2c4a:	97ba                	add	a5,a5,a4
    2c4c:	fef407a3          	sb	a5,-17(s0)
    2c50:	fee44783          	lbu	a5,-18(s0)
    2c54:	0785                	addi	a5,a5,1
    2c56:	fef40723          	sb	a5,-18(s0)
    2c5a:	fee44703          	lbu	a4,-18(s0)
    2c5e:	47c5                	li	a5,17
    2c60:	fce7fde3          	bgeu	a5,a4,2c3a <lora3a22_send_thread+0x264>
    2c64:	9c418793          	addi	a5,gp,-1596 # 200002b4 <lora3a22_transfer>
    2c68:	fef44703          	lbu	a4,-17(s0)
    2c6c:	b398                	sb	a4,1(a5)
    2c6e:	a079                	j	2cfc <lora3a22_send_thread+0x326>
    2c70:	8111c703          	lbu	a4,-2031(gp) # 20000101 <lora3a22_sleep_flag>
    2c74:	4785                	li	a5,1
    2c76:	08f71363          	bne	a4,a5,2cfc <lora3a22_send_thread+0x326>
    2c7a:	8141a703          	lw	a4,-2028(gp) # 20000104 <lora3a22_idle_count>
    2c7e:	6785                	lui	a5,0x1
    2c80:	77078793          	addi	a5,a5,1904 # 1770 <USART_GetITStatus+0x68>
    2c84:	00e7f463          	bgeu	a5,a4,2c8c <lora3a22_send_thread+0x2b6>
    2c88:	0df070ef          	jal	ra,a566 <poweroff>
    2c8c:	9c418793          	addi	a5,gp,-1596 # 200002b4 <lora3a22_transfer>
    2c90:	27bc                	lbu	a5,10(a5)
    2c92:	e3a9                	bnez	a5,2cd4 <lora3a22_send_thread+0x2fe>
    2c94:	9c418793          	addi	a5,gp,-1596 # 200002b4 <lora3a22_transfer>
    2c98:	37bc                	lbu	a5,11(a5)
    2c9a:	ef8d                	bnez	a5,2cd4 <lora3a22_send_thread+0x2fe>
    2c9c:	9c418793          	addi	a5,gp,-1596 # 200002b4 <lora3a22_transfer>
    2ca0:	27dc                	lbu	a5,12(a5)
    2ca2:	eb8d                	bnez	a5,2cd4 <lora3a22_send_thread+0x2fe>
    2ca4:	9c418793          	addi	a5,gp,-1596 # 200002b4 <lora3a22_transfer>
    2ca8:	37dc                	lbu	a5,13(a5)
    2caa:	e78d                	bnez	a5,2cd4 <lora3a22_send_thread+0x2fe>
    2cac:	9c418793          	addi	a5,gp,-1596 # 200002b4 <lora3a22_transfer>
    2cb0:	00279783          	lh	a5,2(a5)
    2cb4:	e385                	bnez	a5,2cd4 <lora3a22_send_thread+0x2fe>
    2cb6:	9c418793          	addi	a5,gp,-1596 # 200002b4 <lora3a22_transfer>
    2cba:	00479783          	lh	a5,4(a5)
    2cbe:	eb99                	bnez	a5,2cd4 <lora3a22_send_thread+0x2fe>
    2cc0:	9c418793          	addi	a5,gp,-1596 # 200002b4 <lora3a22_transfer>
    2cc4:	00679783          	lh	a5,6(a5)
    2cc8:	e791                	bnez	a5,2cd4 <lora3a22_send_thread+0x2fe>
    2cca:	9c418793          	addi	a5,gp,-1596 # 200002b4 <lora3a22_transfer>
    2cce:	00879783          	lh	a5,8(a5)
    2cd2:	c78d                	beqz	a5,2cfc <lora3a22_send_thread+0x326>
    2cd4:	800188a3          	sb	zero,-2031(gp) # 20000101 <lora3a22_sleep_flag>
    2cd8:	8001aa23          	sw	zero,-2028(gp) # 20000104 <lora3a22_idle_count>
    2cdc:	8e41a783          	lw	a5,-1820(gp) # 200001d4 <led_event>
    2ce0:	4589                	li	a1,2
    2ce2:	853e                	mv	a0,a5
    2ce4:	257010ef          	jal	ra,473a <rt_event_send>
    2ce8:	4585                	li	a1,1
    2cea:	95418513          	addi	a0,gp,-1708 # 20000244 <lora3a22_local>
    2cee:	810ff0ef          	jal	ra,1cfe <lora3a22_set_work_mode>
    2cf2:	67ad                	lui	a5,0xb
    2cf4:	4e478513          	addi	a0,a5,1252 # b4e4 <__malloc_unlock+0x15e>
    2cf8:	749020ef          	jal	ra,5c40 <rt_kprintf>
    2cfc:	8111c783          	lbu	a5,-2031(gp) # 20000101 <lora3a22_sleep_flag>
    2d00:	eb81                	bnez	a5,2d10 <lora3a22_send_thread+0x33a>
    2d02:	4649                	li	a2,18
    2d04:	fe842583          	lw	a1,-24(s0)
    2d08:	95418513          	addi	a0,gp,-1708 # 20000244 <lora3a22_local>
    2d0c:	fa2ff0ef          	jal	ra,24ae <lora3a22_send_dat>
    2d10:	03200513          	li	a0,50
    2d14:	216040ef          	jal	ra,6f2a <rt_thread_mdelay>
    2d18:	8281a783          	lw	a5,-2008(gp) # 20000118 <lora3a22_mutex>
    2d1c:	853e                	mv	a0,a5
    2d1e:	07f010ef          	jal	ra,459c <rt_mutex_release>
    2d22:	b1f1                	j	29ee <lora3a22_send_thread+0x18>

00002d24 <lora3a22_send_thread_create>:
    2d24:	1141                	addi	sp,sp,-16
    2d26:	c606                	sw	ra,12(sp)
    2d28:	c422                	sw	s0,8(sp)
    2d2a:	0800                	addi	s0,sp,16
    2d2c:	4581                	li	a1,0
    2d2e:	67ad                	lui	a5,0xb
    2d30:	4f878513          	addi	a0,a5,1272 # b4f8 <__malloc_unlock+0x172>
    2d34:	668010ef          	jal	ra,439c <rt_mutex_create>
    2d38:	872a                	mv	a4,a0
    2d3a:	82e1a423          	sw	a4,-2008(gp) # 20000118 <lora3a22_mutex>
    2d3e:	8281a783          	lw	a5,-2008(gp) # 20000118 <lora3a22_mutex>
    2d42:	e791                	bnez	a5,2d4e <lora3a22_send_thread_create+0x2a>
    2d44:	67ad                	lui	a5,0xb
    2d46:	50878513          	addi	a0,a5,1288 # b508 <__malloc_unlock+0x182>
    2d4a:	6f7020ef          	jal	ra,5c40 <rt_kprintf>
    2d4e:	06400793          	li	a5,100
    2d52:	4705                	li	a4,1
    2d54:	20000693          	li	a3,512
    2d58:	4601                	li	a2,0
    2d5a:	000035b7          	lui	a1,0x3
    2d5e:	9d658593          	addi	a1,a1,-1578 # 29d6 <lora3a22_send_thread>
    2d62:	652d                	lui	a0,0xb
    2d64:	52850513          	addi	a0,a0,1320 # b528 <__malloc_unlock+0x1a2>
    2d68:	7dd030ef          	jal	ra,6d44 <rt_thread_create>
    2d6c:	872a                	mv	a4,a0
    2d6e:	80e1ae23          	sw	a4,-2020(gp) # 2000010c <td_lora3a22_send>
    2d72:	81c1a783          	lw	a5,-2020(gp) # 2000010c <td_lora3a22_send>
    2d76:	cf89                	beqz	a5,2d90 <lora3a22_send_thread_create+0x6c>
    2d78:	67ad                	lui	a5,0xb
    2d7a:	53878513          	addi	a0,a5,1336 # b538 <__malloc_unlock+0x1b2>
    2d7e:	6c3020ef          	jal	ra,5c40 <rt_kprintf>
    2d82:	81c1a783          	lw	a5,-2020(gp) # 2000010c <td_lora3a22_send>
    2d86:	853e                	mv	a0,a5
    2d88:	761030ef          	jal	ra,6ce8 <rt_thread_startup>
    2d8c:	4781                	li	a5,0
    2d8e:	a039                	j	2d9c <lora3a22_send_thread_create+0x78>
    2d90:	67ad                	lui	a5,0xb
    2d92:	55878513          	addi	a0,a5,1368 # b558 <__malloc_unlock+0x1d2>
    2d96:	6ab020ef          	jal	ra,5c40 <rt_kprintf>
    2d9a:	4785                	li	a5,1
    2d9c:	853e                	mv	a0,a5
    2d9e:	40b2                	lw	ra,12(sp)
    2da0:	4422                	lw	s0,8(sp)
    2da2:	0141                	addi	sp,sp,16
    2da4:	8082                	ret

00002da6 <set_pair_channel>:
    2da6:	1101                	addi	sp,sp,-32
    2da8:	ce22                	sw	s0,28(sp)
    2daa:	1000                	addi	s0,sp,32
    2dac:	87aa                	mv	a5,a0
    2dae:	fef407a3          	sb	a5,-17(s0)
    2db2:	fef40703          	lb	a4,-17(s0)
    2db6:	07300793          	li	a5,115
    2dba:	00e7d663          	bge	a5,a4,2dc6 <set_pair_channel+0x20>
    2dbe:	07300793          	li	a5,115
    2dc2:	fef407a3          	sb	a5,-17(s0)
    2dc6:	fef44703          	lbu	a4,-17(s0)
    2dca:	80e18c23          	sb	a4,-2024(gp) # 20000108 <default_pair_channel>
    2dce:	0001                	nop
    2dd0:	4472                	lw	s0,28(sp)
    2dd2:	6105                	addi	sp,sp,32
    2dd4:	8082                	ret

00002dd6 <pair_thread>:
    2dd6:	7179                	addi	sp,sp,-48
    2dd8:	d606                	sw	ra,44(sp)
    2dda:	d422                	sw	s0,40(sp)
    2ddc:	1800                	addi	s0,sp,48
    2dde:	fca42e23          	sw	a0,-36(s0)
    2de2:	fe041723          	sh	zero,-18(s0)
    2de6:	fe042223          	sw	zero,-28(s0)
    2dea:	fe0406a3          	sb	zero,-19(s0)
    2dee:	fe040623          	sb	zero,-20(s0)
    2df2:	fe0405a3          	sb	zero,-21(s0)
    2df6:	20000593          	li	a1,512
    2dfa:	400117b7          	lui	a5,0x40011
    2dfe:	c0078513          	addi	a0,a5,-1024 # 40010c00 <_eusrstack+0x2000bc00>
    2e02:	836fe0ef          	jal	ra,e38 <GPIO_ReadInputDataBit>
    2e06:	87aa                	mv	a5,a0
    2e08:	24079363          	bnez	a5,304e <pair_thread+0x278>
    2e0c:	fee45783          	lhu	a5,-18(s0)
    2e10:	0785                	addi	a5,a5,1
    2e12:	fef41723          	sh	a5,-18(s0)
    2e16:	fee45703          	lhu	a4,-18(s0)
    2e1a:	3e700793          	li	a5,999
    2e1e:	22e7fa63          	bgeu	a5,a4,3052 <pair_thread+0x27c>
    2e22:	e000f7b7          	lui	a5,0xe000f
    2e26:	00c7a803          	lw	a6,12(a5) # e000f00c <_eusrstack+0xc000a00c>
    2e2a:	479c                	lw	a5,8(a5)
    2e2c:	853e                	mv	a0,a5
    2e2e:	338080ef          	jal	ra,b166 <srand>
    2e32:	fe041723          	sh	zero,-18(s0)
    2e36:	67ad                	lui	a5,0xb
    2e38:	57878513          	addi	a0,a5,1400 # b578 <__malloc_unlock+0x1f2>
    2e3c:	605020ef          	jal	ra,5c40 <rt_kprintf>
    2e40:	8281a783          	lw	a5,-2008(gp) # 20000118 <lora3a22_mutex>
    2e44:	55fd                	li	a1,-1
    2e46:	853e                	mv	a0,a5
    2e48:	5c4010ef          	jal	ra,440c <rt_mutex_take>
    2e4c:	8e41a783          	lw	a5,-1820(gp) # 200001d4 <led_event>
    2e50:	4585                	li	a1,1
    2e52:	853e                	mv	a0,a5
    2e54:	0e7010ef          	jal	ra,473a <rt_event_send>
    2e58:	364080ef          	jal	ra,b1bc <rand>
    2e5c:	872a                	mv	a4,a0
    2e5e:	67c1                	lui	a5,0x10
    2e60:	17fd                	addi	a5,a5,-1
    2e62:	02f767b3          	rem	a5,a4,a5
    2e66:	fef42223          	sw	a5,-28(s0)
    2e6a:	fe442583          	lw	a1,-28(s0)
    2e6e:	67ad                	lui	a5,0xb
    2e70:	58878513          	addi	a0,a5,1416 # b588 <__malloc_unlock+0x202>
    2e74:	5cd020ef          	jal	ra,5c40 <rt_kprintf>
    2e78:	8181c783          	lbu	a5,-2024(gp) # 20000108 <default_pair_channel>
    2e7c:	01879713          	slli	a4,a5,0x18
    2e80:	8761                	srai	a4,a4,0x18
    2e82:	57fd                	li	a5,-1
    2e84:	06f71263          	bne	a4,a5,2ee8 <pair_thread+0x112>
    2e88:	fe442783          	lw	a5,-28(s0)
    2e8c:	fef406a3          	sb	a5,-19(s0)
    2e90:	fe442783          	lw	a5,-28(s0)
    2e94:	83a1                	srli	a5,a5,0x8
    2e96:	fef40623          	sb	a5,-20(s0)
    2e9a:	fe442783          	lw	a5,-28(s0)
    2e9e:	83c1                	srli	a5,a5,0x10
    2ea0:	fef405a3          	sb	a5,-21(s0)
    2ea4:	a00d                	j	2ec6 <pair_thread+0xf0>
    2ea6:	316080ef          	jal	ra,b1bc <rand>
    2eaa:	872a                	mv	a4,a0
    2eac:	67c1                	lui	a5,0x10
    2eae:	17fd                	addi	a5,a5,-1
    2eb0:	02f767b3          	rem	a5,a4,a5
    2eb4:	fef42223          	sw	a5,-28(s0)
    2eb8:	fe442783          	lw	a5,-28(s0)
    2ebc:	fef406a3          	sb	a5,-19(s0)
    2ec0:	4505                	li	a0,1
    2ec2:	068040ef          	jal	ra,6f2a <rt_thread_mdelay>
    2ec6:	fed44703          	lbu	a4,-19(s0)
    2eca:	47c5                	li	a5,17
    2ecc:	00e7f763          	bgeu	a5,a4,2eda <pair_thread+0x104>
    2ed0:	fed44703          	lbu	a4,-19(s0)
    2ed4:	47f1                	li	a5,28
    2ed6:	fce7f8e3          	bgeu	a5,a4,2ea6 <pair_thread+0xd0>
    2eda:	fed44703          	lbu	a4,-19(s0)
    2ede:	07300793          	li	a5,115
    2ee2:	fce7e2e3          	bltu	a5,a4,2ea6 <pair_thread+0xd0>
    2ee6:	a00d                	j	2f08 <pair_thread+0x132>
    2ee8:	8181c783          	lbu	a5,-2024(gp) # 20000108 <default_pair_channel>
    2eec:	07e2                	slli	a5,a5,0x18
    2eee:	87e1                	srai	a5,a5,0x18
    2ef0:	fef406a3          	sb	a5,-19(s0)
    2ef4:	fe442783          	lw	a5,-28(s0)
    2ef8:	83a1                	srli	a5,a5,0x8
    2efa:	fef40623          	sb	a5,-20(s0)
    2efe:	fe442783          	lw	a5,-28(s0)
    2f02:	83c1                	srli	a5,a5,0x10
    2f04:	fef405a3          	sb	a5,-21(s0)
    2f08:	fed44783          	lbu	a5,-19(s0)
    2f0c:	85be                	mv	a1,a5
    2f0e:	67ad                	lui	a5,0xb
    2f10:	59478513          	addi	a0,a5,1428 # b594 <__malloc_unlock+0x20e>
    2f14:	52d020ef          	jal	ra,5c40 <rt_kprintf>
    2f18:	fec44783          	lbu	a5,-20(s0)
    2f1c:	85be                	mv	a1,a5
    2f1e:	67ad                	lui	a5,0xb
    2f20:	5a878513          	addi	a0,a5,1448 # b5a8 <__malloc_unlock+0x222>
    2f24:	51d020ef          	jal	ra,5c40 <rt_kprintf>
    2f28:	feb44783          	lbu	a5,-21(s0)
    2f2c:	85be                	mv	a1,a5
    2f2e:	67ad                	lui	a5,0xb
    2f30:	5bc78513          	addi	a0,a5,1468 # b5bc <__malloc_unlock+0x236>
    2f34:	50d020ef          	jal	ra,5c40 <rt_kprintf>
    2f38:	fe040523          	sb	zero,-22(s0)
    2f3c:	feb44683          	lbu	a3,-21(s0)
    2f40:	fec44703          	lbu	a4,-20(s0)
    2f44:	fed44783          	lbu	a5,-19(s0)
    2f48:	863a                	mv	a2,a4
    2f4a:	85be                	mv	a1,a5
    2f4c:	95418513          	addi	a0,gp,-1708 # 20000244 <lora3a22_local>
    2f50:	e20ff0ef          	jal	ra,2570 <lora3a22_pair>
    2f54:	87aa                	mv	a5,a0
    2f56:	cb91                	beqz	a5,2f6a <pair_thread+0x194>
    2f58:	67ad                	lui	a5,0xb
    2f5a:	5cc78513          	addi	a0,a5,1484 # b5cc <__malloc_unlock+0x246>
    2f5e:	4e3020ef          	jal	ra,5c40 <rt_kprintf>
    2f62:	4785                	li	a5,1
    2f64:	fef40523          	sb	a5,-22(s0)
    2f68:	a091                	j	2fac <pair_thread+0x1d6>
    2f6a:	67ad                	lui	a5,0xb
    2f6c:	5e878513          	addi	a0,a5,1512 # b5e8 <__malloc_unlock+0x262>
    2f70:	4d1020ef          	jal	ra,5c40 <rt_kprintf>
    2f74:	feb44683          	lbu	a3,-21(s0)
    2f78:	fec44703          	lbu	a4,-20(s0)
    2f7c:	fed44783          	lbu	a5,-19(s0)
    2f80:	863a                	mv	a2,a4
    2f82:	85be                	mv	a1,a5
    2f84:	98c18513          	addi	a0,gp,-1652 # 2000027c <lora3a22_target>
    2f88:	de8ff0ef          	jal	ra,2570 <lora3a22_pair>
    2f8c:	87aa                	mv	a5,a0
    2f8e:	cb91                	beqz	a5,2fa2 <pair_thread+0x1cc>
    2f90:	67ad                	lui	a5,0xb
    2f92:	60478513          	addi	a0,a5,1540 # b604 <__malloc_unlock+0x27e>
    2f96:	4ab020ef          	jal	ra,5c40 <rt_kprintf>
    2f9a:	4785                	li	a5,1
    2f9c:	fef40523          	sb	a5,-22(s0)
    2fa0:	a031                	j	2fac <pair_thread+0x1d6>
    2fa2:	67ad                	lui	a5,0xb
    2fa4:	62078513          	addi	a0,a5,1568 # b620 <__malloc_unlock+0x29a>
    2fa8:	499020ef          	jal	ra,5c40 <rt_kprintf>
    2fac:	fea44703          	lbu	a4,-22(s0)
    2fb0:	4785                	li	a5,1
    2fb2:	04f71363          	bne	a4,a5,2ff8 <pair_thread+0x222>
    2fb6:	fe0404a3          	sb	zero,-23(s0)
    2fba:	a815                	j	2fee <pair_thread+0x218>
    2fbc:	8e41a783          	lw	a5,-1820(gp) # 200001d4 <led_event>
    2fc0:	4585                	li	a1,1
    2fc2:	853e                	mv	a0,a5
    2fc4:	776010ef          	jal	ra,473a <rt_event_send>
    2fc8:	06400513          	li	a0,100
    2fcc:	75f030ef          	jal	ra,6f2a <rt_thread_mdelay>
    2fd0:	8e41a783          	lw	a5,-1820(gp) # 200001d4 <led_event>
    2fd4:	4591                	li	a1,4
    2fd6:	853e                	mv	a0,a5
    2fd8:	762010ef          	jal	ra,473a <rt_event_send>
    2fdc:	06400513          	li	a0,100
    2fe0:	74b030ef          	jal	ra,6f2a <rt_thread_mdelay>
    2fe4:	fe944783          	lbu	a5,-23(s0)
    2fe8:	0785                	addi	a5,a5,1
    2fea:	fef404a3          	sb	a5,-23(s0)
    2fee:	fe944703          	lbu	a4,-23(s0)
    2ff2:	47e1                	li	a5,24
    2ff4:	fce7f4e3          	bgeu	a5,a4,2fbc <pair_thread+0x1e6>
    2ff8:	8e41a783          	lw	a5,-1820(gp) # 200001d4 <led_event>
    2ffc:	4589                	li	a1,2
    2ffe:	853e                	mv	a0,a5
    3000:	73a010ef          	jal	ra,473a <rt_event_send>
    3004:	8111c783          	lbu	a5,-2031(gp) # 20000101 <lora3a22_sleep_flag>
    3008:	cb91                	beqz	a5,301c <pair_thread+0x246>
    300a:	8001aa23          	sw	zero,-2028(gp) # 20000104 <lora3a22_idle_count>
    300e:	800188a3          	sb	zero,-2031(gp) # 20000101 <lora3a22_sleep_flag>
    3012:	4585                	li	a1,1
    3014:	95418513          	addi	a0,gp,-1708 # 20000244 <lora3a22_local>
    3018:	ce7fe0ef          	jal	ra,1cfe <lora3a22_set_work_mode>
    301c:	8281a783          	lw	a5,-2008(gp) # 20000118 <lora3a22_mutex>
    3020:	853e                	mv	a0,a5
    3022:	57a010ef          	jal	ra,459c <rt_mutex_release>
    3026:	67ad                	lui	a5,0xb
    3028:	63878513          	addi	a0,a5,1592 # b638 <__malloc_unlock+0x2b2>
    302c:	415020ef          	jal	ra,5c40 <rt_kprintf>
    3030:	a021                	j	3038 <pair_thread+0x262>
    3032:	4505                	li	a0,1
    3034:	6f7030ef          	jal	ra,6f2a <rt_thread_mdelay>
    3038:	20000593          	li	a1,512
    303c:	400117b7          	lui	a5,0x40011
    3040:	c0078513          	addi	a0,a5,-1024 # 40010c00 <_eusrstack+0x2000bc00>
    3044:	df5fd0ef          	jal	ra,e38 <GPIO_ReadInputDataBit>
    3048:	87aa                	mv	a5,a0
    304a:	d7e5                	beqz	a5,3032 <pair_thread+0x25c>
    304c:	a019                	j	3052 <pair_thread+0x27c>
    304e:	fe041723          	sh	zero,-18(s0)
    3052:	4505                	li	a0,1
    3054:	6d7030ef          	jal	ra,6f2a <rt_thread_mdelay>
    3058:	bb79                	j	2df6 <pair_thread+0x20>

0000305a <pair_thread_create>:
    305a:	1141                	addi	sp,sp,-16
    305c:	c606                	sw	ra,12(sp)
    305e:	c422                	sw	s0,8(sp)
    3060:	0800                	addi	s0,sp,16
    3062:	06400793          	li	a5,100
    3066:	4709                	li	a4,2
    3068:	20000693          	li	a3,512
    306c:	4601                	li	a2,0
    306e:	000035b7          	lui	a1,0x3
    3072:	dd658593          	addi	a1,a1,-554 # 2dd6 <pair_thread>
    3076:	652d                	lui	a0,0xb
    3078:	64850513          	addi	a0,a0,1608 # b648 <__malloc_unlock+0x2c2>
    307c:	4c9030ef          	jal	ra,6d44 <rt_thread_create>
    3080:	872a                	mv	a4,a0
    3082:	82e1a023          	sw	a4,-2016(gp) # 20000110 <td_pair>
    3086:	8201a783          	lw	a5,-2016(gp) # 20000110 <td_pair>
    308a:	cf89                	beqz	a5,30a4 <pair_thread_create+0x4a>
    308c:	67ad                	lui	a5,0xb
    308e:	65078513          	addi	a0,a5,1616 # b650 <__malloc_unlock+0x2ca>
    3092:	3af020ef          	jal	ra,5c40 <rt_kprintf>
    3096:	8201a783          	lw	a5,-2016(gp) # 20000110 <td_pair>
    309a:	853e                	mv	a0,a5
    309c:	44d030ef          	jal	ra,6ce8 <rt_thread_startup>
    30a0:	4781                	li	a5,0
    30a2:	a039                	j	30b0 <pair_thread_create+0x56>
    30a4:	67ad                	lui	a5,0xb
    30a6:	66878513          	addi	a0,a5,1640 # b668 <__malloc_unlock+0x2e2>
    30aa:	397020ef          	jal	ra,5c40 <rt_kprintf>
    30ae:	4785                	li	a5,1
    30b0:	853e                	mv	a0,a5
    30b2:	40b2                	lw	ra,12(sp)
    30b4:	4422                	lw	s0,8(sp)
    30b6:	0141                	addi	sp,sp,16
    30b8:	8082                	ret

000030ba <calibration_thread>:
    30ba:	7179                	addi	sp,sp,-48
    30bc:	d606                	sw	ra,44(sp)
    30be:	d422                	sw	s0,40(sp)
    30c0:	1800                	addi	s0,sp,48
    30c2:	fca42e23          	sw	a0,-36(s0)
    30c6:	fe041723          	sh	zero,-18(s0)
    30ca:	45a1                	li	a1,8
    30cc:	400117b7          	lui	a5,0x40011
    30d0:	80078513          	addi	a0,a5,-2048 # 40010800 <_eusrstack+0x2000b800>
    30d4:	d65fd0ef          	jal	ra,e38 <GPIO_ReadInputDataBit>
    30d8:	87aa                	mv	a5,a0
    30da:	efc9                	bnez	a5,3174 <calibration_thread+0xba>
    30dc:	fee45783          	lhu	a5,-18(s0)
    30e0:	0785                	addi	a5,a5,1
    30e2:	fef41723          	sh	a5,-18(s0)
    30e6:	fee45703          	lhu	a4,-18(s0)
    30ea:	3e700793          	li	a5,999
    30ee:	08e7f563          	bgeu	a5,a4,3178 <calibration_thread+0xbe>
    30f2:	fe041723          	sh	zero,-18(s0)
    30f6:	67ad                	lui	a5,0xb
    30f8:	68478513          	addi	a0,a5,1668 # b684 <__malloc_unlock+0x2fe>
    30fc:	345020ef          	jal	ra,5c40 <rt_kprintf>
    3100:	8281a783          	lw	a5,-2008(gp) # 20000118 <lora3a22_mutex>
    3104:	55fd                	li	a1,-1
    3106:	853e                	mv	a0,a5
    3108:	304010ef          	jal	ra,440c <rt_mutex_take>
    310c:	8e41a783          	lw	a5,-1820(gp) # 200001d4 <led_event>
    3110:	4585                	li	a1,1
    3112:	853e                	mv	a0,a5
    3114:	626010ef          	jal	ra,473a <rt_event_send>
    3118:	32000513          	li	a0,800
    311c:	4d3060ef          	jal	ra,9dee <joystick_calibration>
    3120:	8e41a783          	lw	a5,-1820(gp) # 200001d4 <led_event>
    3124:	4589                	li	a1,2
    3126:	853e                	mv	a0,a5
    3128:	612010ef          	jal	ra,473a <rt_event_send>
    312c:	8111c783          	lbu	a5,-2031(gp) # 20000101 <lora3a22_sleep_flag>
    3130:	cb91                	beqz	a5,3144 <calibration_thread+0x8a>
    3132:	8001aa23          	sw	zero,-2028(gp) # 20000104 <lora3a22_idle_count>
    3136:	800188a3          	sb	zero,-2031(gp) # 20000101 <lora3a22_sleep_flag>
    313a:	4585                	li	a1,1
    313c:	95418513          	addi	a0,gp,-1708 # 20000244 <lora3a22_local>
    3140:	bbffe0ef          	jal	ra,1cfe <lora3a22_set_work_mode>
    3144:	8281a783          	lw	a5,-2008(gp) # 20000118 <lora3a22_mutex>
    3148:	853e                	mv	a0,a5
    314a:	452010ef          	jal	ra,459c <rt_mutex_release>
    314e:	67ad                	lui	a5,0xb
    3150:	69c78513          	addi	a0,a5,1692 # b69c <__malloc_unlock+0x316>
    3154:	2ed020ef          	jal	ra,5c40 <rt_kprintf>
    3158:	a021                	j	3160 <calibration_thread+0xa6>
    315a:	4505                	li	a0,1
    315c:	5cf030ef          	jal	ra,6f2a <rt_thread_mdelay>
    3160:	45a1                	li	a1,8
    3162:	400117b7          	lui	a5,0x40011
    3166:	80078513          	addi	a0,a5,-2048 # 40010800 <_eusrstack+0x2000b800>
    316a:	ccffd0ef          	jal	ra,e38 <GPIO_ReadInputDataBit>
    316e:	87aa                	mv	a5,a0
    3170:	d7ed                	beqz	a5,315a <calibration_thread+0xa0>
    3172:	a019                	j	3178 <calibration_thread+0xbe>
    3174:	fe041723          	sh	zero,-18(s0)
    3178:	4505                	li	a0,1
    317a:	5b1030ef          	jal	ra,6f2a <rt_thread_mdelay>
    317e:	b7b1                	j	30ca <calibration_thread+0x10>

00003180 <calibration_thread_create>:
    3180:	1141                	addi	sp,sp,-16
    3182:	c606                	sw	ra,12(sp)
    3184:	c422                	sw	s0,8(sp)
    3186:	0800                	addi	s0,sp,16
    3188:	06400793          	li	a5,100
    318c:	4709                	li	a4,2
    318e:	20000693          	li	a3,512
    3192:	4601                	li	a2,0
    3194:	000035b7          	lui	a1,0x3
    3198:	0ba58593          	addi	a1,a1,186 # 30ba <calibration_thread>
    319c:	652d                	lui	a0,0xb
    319e:	6b450513          	addi	a0,a0,1716 # b6b4 <__malloc_unlock+0x32e>
    31a2:	3a3030ef          	jal	ra,6d44 <rt_thread_create>
    31a6:	872a                	mv	a4,a0
    31a8:	82e1a223          	sw	a4,-2012(gp) # 20000114 <td_calibration>
    31ac:	8241a783          	lw	a5,-2012(gp) # 20000114 <td_calibration>
    31b0:	cf89                	beqz	a5,31ca <calibration_thread_create+0x4a>
    31b2:	67ad                	lui	a5,0xb
    31b4:	6c078513          	addi	a0,a5,1728 # b6c0 <__malloc_unlock+0x33a>
    31b8:	289020ef          	jal	ra,5c40 <rt_kprintf>
    31bc:	8241a783          	lw	a5,-2012(gp) # 20000114 <td_calibration>
    31c0:	853e                	mv	a0,a5
    31c2:	327030ef          	jal	ra,6ce8 <rt_thread_startup>
    31c6:	4781                	li	a5,0
    31c8:	a039                	j	31d6 <calibration_thread_create+0x56>
    31ca:	67ad                	lui	a5,0xb
    31cc:	6e078513          	addi	a0,a5,1760 # b6e0 <__malloc_unlock+0x35a>
    31d0:	271020ef          	jal	ra,5c40 <rt_kprintf>
    31d4:	4785                	li	a5,1
    31d6:	853e                	mv	a0,a5
    31d8:	40b2                	lw	ra,12(sp)
    31da:	4422                	lw	s0,8(sp)
    31dc:	0141                	addi	sp,sp,16
    31de:	8082                	ret

000031e0 <key_pair_calibration_init>:
    31e0:	1101                	addi	sp,sp,-32
    31e2:	ce06                	sw	ra,28(sp)
    31e4:	cc22                	sw	s0,24(sp)
    31e6:	1000                	addi	s0,sp,32
    31e8:	4585                	li	a1,1
    31ea:	4511                	li	a0,4
    31ec:	fcbfd0ef          	jal	ra,11b6 <RCC_APB2PeriphClockCmd>
    31f0:	4585                	li	a1,1
    31f2:	4521                	li	a0,8
    31f4:	fc3fd0ef          	jal	ra,11b6 <RCC_APB2PeriphClockCmd>
    31f8:	20000793          	li	a5,512
    31fc:	fef41223          	sh	a5,-28(s0)
    3200:	478d                	li	a5,3
    3202:	fef42423          	sw	a5,-24(s0)
    3206:	04800793          	li	a5,72
    320a:	fef42623          	sw	a5,-20(s0)
    320e:	fe440793          	addi	a5,s0,-28
    3212:	85be                	mv	a1,a5
    3214:	400117b7          	lui	a5,0x40011
    3218:	c0078513          	addi	a0,a5,-1024 # 40010c00 <_eusrstack+0x2000bc00>
    321c:	9bdfd0ef          	jal	ra,bd8 <GPIO_Init>
    3220:	47a1                	li	a5,8
    3222:	fef41223          	sh	a5,-28(s0)
    3226:	478d                	li	a5,3
    3228:	fef42423          	sw	a5,-24(s0)
    322c:	04800793          	li	a5,72
    3230:	fef42623          	sw	a5,-20(s0)
    3234:	fe440793          	addi	a5,s0,-28
    3238:	85be                	mv	a1,a5
    323a:	400117b7          	lui	a5,0x40011
    323e:	80078513          	addi	a0,a5,-2048 # 40010800 <_eusrstack+0x2000b800>
    3242:	997fd0ef          	jal	ra,bd8 <GPIO_Init>
    3246:	0001                	nop
    3248:	40f2                	lw	ra,28(sp)
    324a:	4462                	lw	s0,24(sp)
    324c:	6105                	addi	sp,sp,32
    324e:	8082                	ret

00003250 <fifo_head_offset>:
    3250:	1101                	addi	sp,sp,-32
    3252:	ce22                	sw	s0,28(sp)
    3254:	1000                	addi	s0,sp,32
    3256:	fea42623          	sw	a0,-20(s0)
    325a:	feb42423          	sw	a1,-24(s0)
    325e:	fec42783          	lw	a5,-20(s0)
    3262:	47d8                	lw	a4,12(a5)
    3264:	fe842783          	lw	a5,-24(s0)
    3268:	973e                	add	a4,a4,a5
    326a:	fec42783          	lw	a5,-20(s0)
    326e:	c7d8                	sw	a4,12(a5)
    3270:	a819                	j	3286 <fifo_head_offset+0x36>
    3272:	fec42783          	lw	a5,-20(s0)
    3276:	47d8                	lw	a4,12(a5)
    3278:	fec42783          	lw	a5,-20(s0)
    327c:	4f9c                	lw	a5,24(a5)
    327e:	8f1d                	sub	a4,a4,a5
    3280:	fec42783          	lw	a5,-20(s0)
    3284:	c7d8                	sw	a4,12(a5)
    3286:	fec42783          	lw	a5,-20(s0)
    328a:	4f98                	lw	a4,24(a5)
    328c:	fec42783          	lw	a5,-20(s0)
    3290:	47dc                	lw	a5,12(a5)
    3292:	fee7f0e3          	bgeu	a5,a4,3272 <fifo_head_offset+0x22>
    3296:	0001                	nop
    3298:	4472                	lw	s0,28(sp)
    329a:	6105                	addi	sp,sp,32
    329c:	8082                	ret

0000329e <fifo_end_offset>:
    329e:	1101                	addi	sp,sp,-32
    32a0:	ce22                	sw	s0,28(sp)
    32a2:	1000                	addi	s0,sp,32
    32a4:	fea42623          	sw	a0,-20(s0)
    32a8:	feb42423          	sw	a1,-24(s0)
    32ac:	fec42783          	lw	a5,-20(s0)
    32b0:	4b98                	lw	a4,16(a5)
    32b2:	fe842783          	lw	a5,-24(s0)
    32b6:	973e                	add	a4,a4,a5
    32b8:	fec42783          	lw	a5,-20(s0)
    32bc:	cb98                	sw	a4,16(a5)
    32be:	a819                	j	32d4 <fifo_end_offset+0x36>
    32c0:	fec42783          	lw	a5,-20(s0)
    32c4:	4b98                	lw	a4,16(a5)
    32c6:	fec42783          	lw	a5,-20(s0)
    32ca:	4f9c                	lw	a5,24(a5)
    32cc:	8f1d                	sub	a4,a4,a5
    32ce:	fec42783          	lw	a5,-20(s0)
    32d2:	cb98                	sw	a4,16(a5)
    32d4:	fec42783          	lw	a5,-20(s0)
    32d8:	4f98                	lw	a4,24(a5)
    32da:	fec42783          	lw	a5,-20(s0)
    32de:	4b9c                	lw	a5,16(a5)
    32e0:	fee7f0e3          	bgeu	a5,a4,32c0 <fifo_end_offset+0x22>
    32e4:	0001                	nop
    32e6:	4472                	lw	s0,28(sp)
    32e8:	6105                	addi	sp,sp,32
    32ea:	8082                	ret

000032ec <fifo_clear>:
    32ec:	7179                	addi	sp,sp,-48
    32ee:	d606                	sw	ra,44(sp)
    32f0:	d422                	sw	s0,40(sp)
    32f2:	1800                	addi	s0,sp,48
    32f4:	fca42e23          	sw	a0,-36(s0)
    32f8:	fe042623          	sw	zero,-20(s0)
    32fc:	fdc42783          	lw	a5,-36(s0)
    3300:	239c                	lbu	a5,0(a5)
    3302:	8b85                	andi	a5,a5,1
    3304:	0ff7f793          	andi	a5,a5,255
    3308:	c789                	beqz	a5,3312 <fifo_clear+0x26>
    330a:	4789                	li	a5,2
    330c:	fef42623          	sw	a5,-20(s0)
    3310:	a05d                	j	33b6 <fifo_clear+0xca>
    3312:	fdc42783          	lw	a5,-36(s0)
    3316:	239c                	lbu	a5,0(a5)
    3318:	0017e793          	ori	a5,a5,1
    331c:	0ff7f713          	andi	a4,a5,255
    3320:	fdc42783          	lw	a5,-36(s0)
    3324:	a398                	sb	a4,0(a5)
    3326:	fdc42783          	lw	a5,-36(s0)
    332a:	0007a623          	sw	zero,12(a5)
    332e:	fdc42783          	lw	a5,-36(s0)
    3332:	0007a823          	sw	zero,16(a5)
    3336:	fdc42783          	lw	a5,-36(s0)
    333a:	4f98                	lw	a4,24(a5)
    333c:	fdc42783          	lw	a5,-36(s0)
    3340:	cbd8                	sw	a4,20(a5)
    3342:	fdc42783          	lw	a5,-36(s0)
    3346:	43dc                	lw	a5,4(a5)
    3348:	4705                	li	a4,1
    334a:	02e78363          	beq	a5,a4,3370 <fifo_clear+0x84>
    334e:	c789                	beqz	a5,3358 <fifo_clear+0x6c>
    3350:	4709                	li	a4,2
    3352:	02e78c63          	beq	a5,a4,338a <fifo_clear+0x9e>
    3356:	a0b9                	j	33a4 <fifo_clear+0xb8>
    3358:	fdc42783          	lw	a5,-36(s0)
    335c:	4798                	lw	a4,8(a5)
    335e:	fdc42783          	lw	a5,-36(s0)
    3362:	4f9c                	lw	a5,24(a5)
    3364:	863e                	mv	a2,a5
    3366:	4581                	li	a1,0
    3368:	853a                	mv	a0,a4
    336a:	f81fc0ef          	jal	ra,2ea <memset>
    336e:	a81d                	j	33a4 <fifo_clear+0xb8>
    3370:	fdc42783          	lw	a5,-36(s0)
    3374:	4798                	lw	a4,8(a5)
    3376:	fdc42783          	lw	a5,-36(s0)
    337a:	4f9c                	lw	a5,24(a5)
    337c:	0786                	slli	a5,a5,0x1
    337e:	863e                	mv	a2,a5
    3380:	4581                	li	a1,0
    3382:	853a                	mv	a0,a4
    3384:	f67fc0ef          	jal	ra,2ea <memset>
    3388:	a831                	j	33a4 <fifo_clear+0xb8>
    338a:	fdc42783          	lw	a5,-36(s0)
    338e:	4798                	lw	a4,8(a5)
    3390:	fdc42783          	lw	a5,-36(s0)
    3394:	4f9c                	lw	a5,24(a5)
    3396:	078a                	slli	a5,a5,0x2
    3398:	863e                	mv	a2,a5
    339a:	4581                	li	a1,0
    339c:	853a                	mv	a0,a4
    339e:	f4dfc0ef          	jal	ra,2ea <memset>
    33a2:	0001                	nop
    33a4:	fdc42783          	lw	a5,-36(s0)
    33a8:	239c                	lbu	a5,0(a5)
    33aa:	9bf9                	andi	a5,a5,-2
    33ac:	0ff7f713          	andi	a4,a5,255
    33b0:	fdc42783          	lw	a5,-36(s0)
    33b4:	a398                	sb	a4,0(a5)
    33b6:	fec42783          	lw	a5,-20(s0)
    33ba:	853e                	mv	a0,a5
    33bc:	50b2                	lw	ra,44(sp)
    33be:	5422                	lw	s0,40(sp)
    33c0:	6145                	addi	sp,sp,48
    33c2:	8082                	ret

000033c4 <fifo_used>:
    33c4:	1101                	addi	sp,sp,-32
    33c6:	ce22                	sw	s0,28(sp)
    33c8:	1000                	addi	s0,sp,32
    33ca:	fea42623          	sw	a0,-20(s0)
    33ce:	fec42783          	lw	a5,-20(s0)
    33d2:	4f98                	lw	a4,24(a5)
    33d4:	fec42783          	lw	a5,-20(s0)
    33d8:	4bdc                	lw	a5,20(a5)
    33da:	40f707b3          	sub	a5,a4,a5
    33de:	853e                	mv	a0,a5
    33e0:	4472                	lw	s0,28(sp)
    33e2:	6105                	addi	sp,sp,32
    33e4:	8082                	ret

000033e6 <fifo_write_buffer>:
    33e6:	7179                	addi	sp,sp,-48
    33e8:	d606                	sw	ra,44(sp)
    33ea:	d422                	sw	s0,40(sp)
    33ec:	1800                	addi	s0,sp,48
    33ee:	fca42e23          	sw	a0,-36(s0)
    33f2:	fcb42c23          	sw	a1,-40(s0)
    33f6:	fcc42a23          	sw	a2,-44(s0)
    33fa:	fe042623          	sw	zero,-20(s0)
    33fe:	fe042423          	sw	zero,-24(s0)
    3402:	fd842783          	lw	a5,-40(s0)
    3406:	e789                	bnez	a5,3410 <fifo_write_buffer+0x2a>
    3408:	478d                	li	a5,3
    340a:	fef42623          	sw	a5,-20(s0)
    340e:	a45d                	j	36b4 <fifo_write_buffer+0x2ce>
    3410:	fdc42783          	lw	a5,-36(s0)
    3414:	239c                	lbu	a5,0(a5)
    3416:	8b89                	andi	a5,a5,2
    3418:	0ff7f793          	andi	a5,a5,255
    341c:	c789                	beqz	a5,3426 <fifo_write_buffer+0x40>
    341e:	4785                	li	a5,1
    3420:	fef42623          	sw	a5,-20(s0)
    3424:	ac41                	j	36b4 <fifo_write_buffer+0x2ce>
    3426:	fdc42783          	lw	a5,-36(s0)
    342a:	239c                	lbu	a5,0(a5)
    342c:	0027e793          	ori	a5,a5,2
    3430:	0ff7f713          	andi	a4,a5,255
    3434:	fdc42783          	lw	a5,-36(s0)
    3438:	a398                	sb	a4,0(a5)
    343a:	fdc42783          	lw	a5,-36(s0)
    343e:	4bdc                	lw	a5,20(a5)
    3440:	fd442703          	lw	a4,-44(s0)
    3444:	24e7ec63          	bltu	a5,a4,369c <fifo_write_buffer+0x2b6>
    3448:	fdc42783          	lw	a5,-36(s0)
    344c:	4f98                	lw	a4,24(a5)
    344e:	fdc42783          	lw	a5,-36(s0)
    3452:	47dc                	lw	a5,12(a5)
    3454:	40f707b3          	sub	a5,a4,a5
    3458:	fef42423          	sw	a5,-24(s0)
    345c:	fd442703          	lw	a4,-44(s0)
    3460:	fe842783          	lw	a5,-24(s0)
    3464:	18e7f263          	bgeu	a5,a4,35e8 <fifo_write_buffer+0x202>
    3468:	fdc42783          	lw	a5,-36(s0)
    346c:	43dc                	lw	a5,4(a5)
    346e:	4705                	li	a4,1
    3470:	06e78f63          	beq	a5,a4,34ee <fifo_write_buffer+0x108>
    3474:	c789                	beqz	a5,347e <fifo_write_buffer+0x98>
    3476:	4709                	li	a4,2
    3478:	0ee78963          	beq	a5,a4,356a <fifo_write_buffer+0x184>
    347c:	a431                	j	3688 <fifo_write_buffer+0x2a2>
    347e:	fdc42783          	lw	a5,-36(s0)
    3482:	4798                	lw	a4,8(a5)
    3484:	fdc42783          	lw	a5,-36(s0)
    3488:	47dc                	lw	a5,12(a5)
    348a:	97ba                	add	a5,a5,a4
    348c:	fe842603          	lw	a2,-24(s0)
    3490:	fd842583          	lw	a1,-40(s0)
    3494:	853e                	mv	a0,a5
    3496:	41f070ef          	jal	ra,b0b4 <memcpy>
    349a:	fe842583          	lw	a1,-24(s0)
    349e:	fdc42503          	lw	a0,-36(s0)
    34a2:	dafff0ef          	jal	ra,3250 <fifo_head_offset>
    34a6:	fdc42783          	lw	a5,-36(s0)
    34aa:	4798                	lw	a4,8(a5)
    34ac:	fdc42783          	lw	a5,-36(s0)
    34b0:	47dc                	lw	a5,12(a5)
    34b2:	00f706b3          	add	a3,a4,a5
    34b6:	fd842703          	lw	a4,-40(s0)
    34ba:	fe842783          	lw	a5,-24(s0)
    34be:	00f705b3          	add	a1,a4,a5
    34c2:	fd442703          	lw	a4,-44(s0)
    34c6:	fe842783          	lw	a5,-24(s0)
    34ca:	40f707b3          	sub	a5,a4,a5
    34ce:	863e                	mv	a2,a5
    34d0:	8536                	mv	a0,a3
    34d2:	3e3070ef          	jal	ra,b0b4 <memcpy>
    34d6:	fd442703          	lw	a4,-44(s0)
    34da:	fe842783          	lw	a5,-24(s0)
    34de:	40f707b3          	sub	a5,a4,a5
    34e2:	85be                	mv	a1,a5
    34e4:	fdc42503          	lw	a0,-36(s0)
    34e8:	d69ff0ef          	jal	ra,3250 <fifo_head_offset>
    34ec:	aa71                	j	3688 <fifo_write_buffer+0x2a2>
    34ee:	fdc42783          	lw	a5,-36(s0)
    34f2:	4798                	lw	a4,8(a5)
    34f4:	fdc42783          	lw	a5,-36(s0)
    34f8:	47dc                	lw	a5,12(a5)
    34fa:	0786                	slli	a5,a5,0x1
    34fc:	973e                	add	a4,a4,a5
    34fe:	fe842783          	lw	a5,-24(s0)
    3502:	0786                	slli	a5,a5,0x1
    3504:	863e                	mv	a2,a5
    3506:	fd842583          	lw	a1,-40(s0)
    350a:	853a                	mv	a0,a4
    350c:	3a9070ef          	jal	ra,b0b4 <memcpy>
    3510:	fe842583          	lw	a1,-24(s0)
    3514:	fdc42503          	lw	a0,-36(s0)
    3518:	d39ff0ef          	jal	ra,3250 <fifo_head_offset>
    351c:	fdc42783          	lw	a5,-36(s0)
    3520:	4798                	lw	a4,8(a5)
    3522:	fdc42783          	lw	a5,-36(s0)
    3526:	47dc                	lw	a5,12(a5)
    3528:	0786                	slli	a5,a5,0x1
    352a:	00f706b3          	add	a3,a4,a5
    352e:	fe842783          	lw	a5,-24(s0)
    3532:	0786                	slli	a5,a5,0x1
    3534:	fd842703          	lw	a4,-40(s0)
    3538:	00f705b3          	add	a1,a4,a5
    353c:	fd442703          	lw	a4,-44(s0)
    3540:	fe842783          	lw	a5,-24(s0)
    3544:	40f707b3          	sub	a5,a4,a5
    3548:	0786                	slli	a5,a5,0x1
    354a:	863e                	mv	a2,a5
    354c:	8536                	mv	a0,a3
    354e:	367070ef          	jal	ra,b0b4 <memcpy>
    3552:	fd442703          	lw	a4,-44(s0)
    3556:	fe842783          	lw	a5,-24(s0)
    355a:	40f707b3          	sub	a5,a4,a5
    355e:	85be                	mv	a1,a5
    3560:	fdc42503          	lw	a0,-36(s0)
    3564:	cedff0ef          	jal	ra,3250 <fifo_head_offset>
    3568:	a205                	j	3688 <fifo_write_buffer+0x2a2>
    356a:	fdc42783          	lw	a5,-36(s0)
    356e:	4798                	lw	a4,8(a5)
    3570:	fdc42783          	lw	a5,-36(s0)
    3574:	47dc                	lw	a5,12(a5)
    3576:	078a                	slli	a5,a5,0x2
    3578:	973e                	add	a4,a4,a5
    357a:	fe842783          	lw	a5,-24(s0)
    357e:	078a                	slli	a5,a5,0x2
    3580:	863e                	mv	a2,a5
    3582:	fd842583          	lw	a1,-40(s0)
    3586:	853a                	mv	a0,a4
    3588:	32d070ef          	jal	ra,b0b4 <memcpy>
    358c:	fe842583          	lw	a1,-24(s0)
    3590:	fdc42503          	lw	a0,-36(s0)
    3594:	cbdff0ef          	jal	ra,3250 <fifo_head_offset>
    3598:	fdc42783          	lw	a5,-36(s0)
    359c:	4798                	lw	a4,8(a5)
    359e:	fdc42783          	lw	a5,-36(s0)
    35a2:	47dc                	lw	a5,12(a5)
    35a4:	078a                	slli	a5,a5,0x2
    35a6:	00f706b3          	add	a3,a4,a5
    35aa:	fe842783          	lw	a5,-24(s0)
    35ae:	078a                	slli	a5,a5,0x2
    35b0:	fd842703          	lw	a4,-40(s0)
    35b4:	00f705b3          	add	a1,a4,a5
    35b8:	fd442703          	lw	a4,-44(s0)
    35bc:	fe842783          	lw	a5,-24(s0)
    35c0:	40f707b3          	sub	a5,a4,a5
    35c4:	078a                	slli	a5,a5,0x2
    35c6:	863e                	mv	a2,a5
    35c8:	8536                	mv	a0,a3
    35ca:	2eb070ef          	jal	ra,b0b4 <memcpy>
    35ce:	fd442703          	lw	a4,-44(s0)
    35d2:	fe842783          	lw	a5,-24(s0)
    35d6:	40f707b3          	sub	a5,a4,a5
    35da:	85be                	mv	a1,a5
    35dc:	fdc42503          	lw	a0,-36(s0)
    35e0:	c71ff0ef          	jal	ra,3250 <fifo_head_offset>
    35e4:	0001                	nop
    35e6:	a04d                	j	3688 <fifo_write_buffer+0x2a2>
    35e8:	fdc42783          	lw	a5,-36(s0)
    35ec:	43dc                	lw	a5,4(a5)
    35ee:	4705                	li	a4,1
    35f0:	02e78c63          	beq	a5,a4,3628 <fifo_write_buffer+0x242>
    35f4:	c789                	beqz	a5,35fe <fifo_write_buffer+0x218>
    35f6:	4709                	li	a4,2
    35f8:	06e78063          	beq	a5,a4,3658 <fifo_write_buffer+0x272>
    35fc:	a071                	j	3688 <fifo_write_buffer+0x2a2>
    35fe:	fdc42783          	lw	a5,-36(s0)
    3602:	4798                	lw	a4,8(a5)
    3604:	fdc42783          	lw	a5,-36(s0)
    3608:	47dc                	lw	a5,12(a5)
    360a:	97ba                	add	a5,a5,a4
    360c:	fd442603          	lw	a2,-44(s0)
    3610:	fd842583          	lw	a1,-40(s0)
    3614:	853e                	mv	a0,a5
    3616:	29f070ef          	jal	ra,b0b4 <memcpy>
    361a:	fd442583          	lw	a1,-44(s0)
    361e:	fdc42503          	lw	a0,-36(s0)
    3622:	c2fff0ef          	jal	ra,3250 <fifo_head_offset>
    3626:	a08d                	j	3688 <fifo_write_buffer+0x2a2>
    3628:	fdc42783          	lw	a5,-36(s0)
    362c:	4798                	lw	a4,8(a5)
    362e:	fdc42783          	lw	a5,-36(s0)
    3632:	47dc                	lw	a5,12(a5)
    3634:	0786                	slli	a5,a5,0x1
    3636:	973e                	add	a4,a4,a5
    3638:	fd442783          	lw	a5,-44(s0)
    363c:	0786                	slli	a5,a5,0x1
    363e:	863e                	mv	a2,a5
    3640:	fd842583          	lw	a1,-40(s0)
    3644:	853a                	mv	a0,a4
    3646:	26f070ef          	jal	ra,b0b4 <memcpy>
    364a:	fd442583          	lw	a1,-44(s0)
    364e:	fdc42503          	lw	a0,-36(s0)
    3652:	bffff0ef          	jal	ra,3250 <fifo_head_offset>
    3656:	a80d                	j	3688 <fifo_write_buffer+0x2a2>
    3658:	fdc42783          	lw	a5,-36(s0)
    365c:	4798                	lw	a4,8(a5)
    365e:	fdc42783          	lw	a5,-36(s0)
    3662:	47dc                	lw	a5,12(a5)
    3664:	078a                	slli	a5,a5,0x2
    3666:	973e                	add	a4,a4,a5
    3668:	fd442783          	lw	a5,-44(s0)
    366c:	078a                	slli	a5,a5,0x2
    366e:	863e                	mv	a2,a5
    3670:	fd842583          	lw	a1,-40(s0)
    3674:	853a                	mv	a0,a4
    3676:	23f070ef          	jal	ra,b0b4 <memcpy>
    367a:	fd442583          	lw	a1,-44(s0)
    367e:	fdc42503          	lw	a0,-36(s0)
    3682:	bcfff0ef          	jal	ra,3250 <fifo_head_offset>
    3686:	0001                	nop
    3688:	fdc42783          	lw	a5,-36(s0)
    368c:	4bd8                	lw	a4,20(a5)
    368e:	fd442783          	lw	a5,-44(s0)
    3692:	8f1d                	sub	a4,a4,a5
    3694:	fdc42783          	lw	a5,-36(s0)
    3698:	cbd8                	sw	a4,20(a5)
    369a:	a021                	j	36a2 <fifo_write_buffer+0x2bc>
    369c:	4791                	li	a5,4
    369e:	fef42623          	sw	a5,-20(s0)
    36a2:	fdc42783          	lw	a5,-36(s0)
    36a6:	239c                	lbu	a5,0(a5)
    36a8:	9bf5                	andi	a5,a5,-3
    36aa:	0ff7f713          	andi	a4,a5,255
    36ae:	fdc42783          	lw	a5,-36(s0)
    36b2:	a398                	sb	a4,0(a5)
    36b4:	fec42783          	lw	a5,-20(s0)
    36b8:	853e                	mv	a0,a5
    36ba:	50b2                	lw	ra,44(sp)
    36bc:	5422                	lw	s0,40(sp)
    36be:	6145                	addi	sp,sp,48
    36c0:	8082                	ret

000036c2 <fifo_read_buffer>:
    36c2:	7179                	addi	sp,sp,-48
    36c4:	d606                	sw	ra,44(sp)
    36c6:	d422                	sw	s0,40(sp)
    36c8:	1800                	addi	s0,sp,48
    36ca:	fca42e23          	sw	a0,-36(s0)
    36ce:	fcb42c23          	sw	a1,-40(s0)
    36d2:	fcc42a23          	sw	a2,-44(s0)
    36d6:	fcd42823          	sw	a3,-48(s0)
    36da:	fe042623          	sw	zero,-20(s0)
    36de:	fd842783          	lw	a5,-40(s0)
    36e2:	e789                	bnez	a5,36ec <fifo_read_buffer+0x2a>
    36e4:	478d                	li	a5,3
    36e6:	fef42623          	sw	a5,-20(s0)
    36ea:	a4a9                	j	3934 <fifo_read_buffer+0x272>
    36ec:	fdc42783          	lw	a5,-36(s0)
    36f0:	239c                	lbu	a5,0(a5)
    36f2:	0047e793          	ori	a5,a5,4
    36f6:	0ff7f713          	andi	a4,a5,255
    36fa:	fdc42783          	lw	a5,-36(s0)
    36fe:	a398                	sb	a4,0(a5)
    3700:	fdc42503          	lw	a0,-36(s0)
    3704:	cc1ff0ef          	jal	ra,33c4 <fifo_used>
    3708:	fea42423          	sw	a0,-24(s0)
    370c:	fd442783          	lw	a5,-44(s0)
    3710:	439c                	lw	a5,0(a5)
    3712:	fe842703          	lw	a4,-24(s0)
    3716:	00f77a63          	bgeu	a4,a5,372a <fifo_read_buffer+0x68>
    371a:	fd442783          	lw	a5,-44(s0)
    371e:	fe842703          	lw	a4,-24(s0)
    3722:	c398                	sw	a4,0(a5)
    3724:	4795                	li	a5,5
    3726:	fef42623          	sw	a5,-20(s0)
    372a:	fdc42783          	lw	a5,-36(s0)
    372e:	4f98                	lw	a4,24(a5)
    3730:	fdc42783          	lw	a5,-36(s0)
    3734:	4b9c                	lw	a5,16(a5)
    3736:	40f707b3          	sub	a5,a4,a5
    373a:	fef42223          	sw	a5,-28(s0)
    373e:	fd442783          	lw	a5,-44(s0)
    3742:	439c                	lw	a5,0(a5)
    3744:	fe442703          	lw	a4,-28(s0)
    3748:	08f76563          	bltu	a4,a5,37d2 <fifo_read_buffer+0x110>
    374c:	fdc42783          	lw	a5,-36(s0)
    3750:	43dc                	lw	a5,4(a5)
    3752:	4705                	li	a4,1
    3754:	02e78863          	beq	a5,a4,3784 <fifo_read_buffer+0xc2>
    3758:	c789                	beqz	a5,3762 <fifo_read_buffer+0xa0>
    375a:	4709                	li	a4,2
    375c:	04e78763          	beq	a5,a4,37aa <fifo_read_buffer+0xe8>
    3760:	a2bd                	j	38ce <fifo_read_buffer+0x20c>
    3762:	fdc42783          	lw	a5,-36(s0)
    3766:	4798                	lw	a4,8(a5)
    3768:	fdc42783          	lw	a5,-36(s0)
    376c:	4b9c                	lw	a5,16(a5)
    376e:	973e                	add	a4,a4,a5
    3770:	fd442783          	lw	a5,-44(s0)
    3774:	439c                	lw	a5,0(a5)
    3776:	863e                	mv	a2,a5
    3778:	85ba                	mv	a1,a4
    377a:	fd842503          	lw	a0,-40(s0)
    377e:	137070ef          	jal	ra,b0b4 <memcpy>
    3782:	a2b1                	j	38ce <fifo_read_buffer+0x20c>
    3784:	fdc42783          	lw	a5,-36(s0)
    3788:	4798                	lw	a4,8(a5)
    378a:	fdc42783          	lw	a5,-36(s0)
    378e:	4b9c                	lw	a5,16(a5)
    3790:	0786                	slli	a5,a5,0x1
    3792:	973e                	add	a4,a4,a5
    3794:	fd442783          	lw	a5,-44(s0)
    3798:	439c                	lw	a5,0(a5)
    379a:	0786                	slli	a5,a5,0x1
    379c:	863e                	mv	a2,a5
    379e:	85ba                	mv	a1,a4
    37a0:	fd842503          	lw	a0,-40(s0)
    37a4:	111070ef          	jal	ra,b0b4 <memcpy>
    37a8:	a21d                	j	38ce <fifo_read_buffer+0x20c>
    37aa:	fdc42783          	lw	a5,-36(s0)
    37ae:	4798                	lw	a4,8(a5)
    37b0:	fdc42783          	lw	a5,-36(s0)
    37b4:	4b9c                	lw	a5,16(a5)
    37b6:	078a                	slli	a5,a5,0x2
    37b8:	973e                	add	a4,a4,a5
    37ba:	fd442783          	lw	a5,-44(s0)
    37be:	439c                	lw	a5,0(a5)
    37c0:	078a                	slli	a5,a5,0x2
    37c2:	863e                	mv	a2,a5
    37c4:	85ba                	mv	a1,a4
    37c6:	fd842503          	lw	a0,-40(s0)
    37ca:	0eb070ef          	jal	ra,b0b4 <memcpy>
    37ce:	0001                	nop
    37d0:	a8fd                	j	38ce <fifo_read_buffer+0x20c>
    37d2:	fdc42783          	lw	a5,-36(s0)
    37d6:	43dc                	lw	a5,4(a5)
    37d8:	4705                	li	a4,1
    37da:	04e78a63          	beq	a5,a4,382e <fifo_read_buffer+0x16c>
    37de:	c789                	beqz	a5,37e8 <fifo_read_buffer+0x126>
    37e0:	4709                	li	a4,2
    37e2:	08e78e63          	beq	a5,a4,387e <fifo_read_buffer+0x1bc>
    37e6:	a0e5                	j	38ce <fifo_read_buffer+0x20c>
    37e8:	fdc42783          	lw	a5,-36(s0)
    37ec:	4798                	lw	a4,8(a5)
    37ee:	fdc42783          	lw	a5,-36(s0)
    37f2:	4b9c                	lw	a5,16(a5)
    37f4:	97ba                	add	a5,a5,a4
    37f6:	fe442603          	lw	a2,-28(s0)
    37fa:	85be                	mv	a1,a5
    37fc:	fd842503          	lw	a0,-40(s0)
    3800:	0b5070ef          	jal	ra,b0b4 <memcpy>
    3804:	fd842703          	lw	a4,-40(s0)
    3808:	fe442783          	lw	a5,-28(s0)
    380c:	00f706b3          	add	a3,a4,a5
    3810:	fdc42783          	lw	a5,-36(s0)
    3814:	478c                	lw	a1,8(a5)
    3816:	fd442783          	lw	a5,-44(s0)
    381a:	4398                	lw	a4,0(a5)
    381c:	fe442783          	lw	a5,-28(s0)
    3820:	40f707b3          	sub	a5,a4,a5
    3824:	863e                	mv	a2,a5
    3826:	8536                	mv	a0,a3
    3828:	08d070ef          	jal	ra,b0b4 <memcpy>
    382c:	a04d                	j	38ce <fifo_read_buffer+0x20c>
    382e:	fdc42783          	lw	a5,-36(s0)
    3832:	4798                	lw	a4,8(a5)
    3834:	fdc42783          	lw	a5,-36(s0)
    3838:	4b9c                	lw	a5,16(a5)
    383a:	0786                	slli	a5,a5,0x1
    383c:	973e                	add	a4,a4,a5
    383e:	fe442783          	lw	a5,-28(s0)
    3842:	0786                	slli	a5,a5,0x1
    3844:	863e                	mv	a2,a5
    3846:	85ba                	mv	a1,a4
    3848:	fd842503          	lw	a0,-40(s0)
    384c:	069070ef          	jal	ra,b0b4 <memcpy>
    3850:	fe442783          	lw	a5,-28(s0)
    3854:	0786                	slli	a5,a5,0x1
    3856:	fd842703          	lw	a4,-40(s0)
    385a:	00f706b3          	add	a3,a4,a5
    385e:	fdc42783          	lw	a5,-36(s0)
    3862:	478c                	lw	a1,8(a5)
    3864:	fd442783          	lw	a5,-44(s0)
    3868:	4398                	lw	a4,0(a5)
    386a:	fe442783          	lw	a5,-28(s0)
    386e:	40f707b3          	sub	a5,a4,a5
    3872:	0786                	slli	a5,a5,0x1
    3874:	863e                	mv	a2,a5
    3876:	8536                	mv	a0,a3
    3878:	03d070ef          	jal	ra,b0b4 <memcpy>
    387c:	a889                	j	38ce <fifo_read_buffer+0x20c>
    387e:	fdc42783          	lw	a5,-36(s0)
    3882:	4798                	lw	a4,8(a5)
    3884:	fdc42783          	lw	a5,-36(s0)
    3888:	4b9c                	lw	a5,16(a5)
    388a:	078a                	slli	a5,a5,0x2
    388c:	973e                	add	a4,a4,a5
    388e:	fe442783          	lw	a5,-28(s0)
    3892:	078a                	slli	a5,a5,0x2
    3894:	863e                	mv	a2,a5
    3896:	85ba                	mv	a1,a4
    3898:	fd842503          	lw	a0,-40(s0)
    389c:	019070ef          	jal	ra,b0b4 <memcpy>
    38a0:	fe442783          	lw	a5,-28(s0)
    38a4:	078a                	slli	a5,a5,0x2
    38a6:	fd842703          	lw	a4,-40(s0)
    38aa:	00f706b3          	add	a3,a4,a5
    38ae:	fdc42783          	lw	a5,-36(s0)
    38b2:	478c                	lw	a1,8(a5)
    38b4:	fd442783          	lw	a5,-44(s0)
    38b8:	4398                	lw	a4,0(a5)
    38ba:	fe442783          	lw	a5,-28(s0)
    38be:	40f707b3          	sub	a5,a4,a5
    38c2:	078a                	slli	a5,a5,0x2
    38c4:	863e                	mv	a2,a5
    38c6:	8536                	mv	a0,a3
    38c8:	7ec070ef          	jal	ra,b0b4 <memcpy>
    38cc:	0001                	nop
    38ce:	fd042783          	lw	a5,-48(s0)
    38d2:	e3ad                	bnez	a5,3934 <fifo_read_buffer+0x272>
    38d4:	fdc42783          	lw	a5,-36(s0)
    38d8:	239c                	lbu	a5,0(a5)
    38da:	8b85                	andi	a5,a5,1
    38dc:	0ff7f793          	andi	a5,a5,255
    38e0:	c789                	beqz	a5,38ea <fifo_read_buffer+0x228>
    38e2:	4789                	li	a5,2
    38e4:	fef42623          	sw	a5,-20(s0)
    38e8:	a0b1                	j	3934 <fifo_read_buffer+0x272>
    38ea:	fdc42783          	lw	a5,-36(s0)
    38ee:	239c                	lbu	a5,0(a5)
    38f0:	0017e793          	ori	a5,a5,1
    38f4:	0ff7f713          	andi	a4,a5,255
    38f8:	fdc42783          	lw	a5,-36(s0)
    38fc:	a398                	sb	a4,0(a5)
    38fe:	fd442783          	lw	a5,-44(s0)
    3902:	439c                	lw	a5,0(a5)
    3904:	85be                	mv	a1,a5
    3906:	fdc42503          	lw	a0,-36(s0)
    390a:	995ff0ef          	jal	ra,329e <fifo_end_offset>
    390e:	fdc42783          	lw	a5,-36(s0)
    3912:	4bd8                	lw	a4,20(a5)
    3914:	fd442783          	lw	a5,-44(s0)
    3918:	439c                	lw	a5,0(a5)
    391a:	973e                	add	a4,a4,a5
    391c:	fdc42783          	lw	a5,-36(s0)
    3920:	cbd8                	sw	a4,20(a5)
    3922:	fdc42783          	lw	a5,-36(s0)
    3926:	239c                	lbu	a5,0(a5)
    3928:	9bf9                	andi	a5,a5,-2
    392a:	0ff7f713          	andi	a4,a5,255
    392e:	fdc42783          	lw	a5,-36(s0)
    3932:	a398                	sb	a4,0(a5)
    3934:	fdc42783          	lw	a5,-36(s0)
    3938:	239c                	lbu	a5,0(a5)
    393a:	8b91                	andi	a5,a5,4
    393c:	0ff7f713          	andi	a4,a5,255
    3940:	fdc42783          	lw	a5,-36(s0)
    3944:	a398                	sb	a4,0(a5)
    3946:	fec42783          	lw	a5,-20(s0)
    394a:	853e                	mv	a0,a5
    394c:	50b2                	lw	ra,44(sp)
    394e:	5422                	lw	s0,40(sp)
    3950:	6145                	addi	sp,sp,48
    3952:	8082                	ret

00003954 <fifo_init>:
    3954:	7179                	addi	sp,sp,-48
    3956:	d622                	sw	s0,44(sp)
    3958:	1800                	addi	s0,sp,48
    395a:	fca42e23          	sw	a0,-36(s0)
    395e:	fcb42c23          	sw	a1,-40(s0)
    3962:	fcc42a23          	sw	a2,-44(s0)
    3966:	fcd42823          	sw	a3,-48(s0)
    396a:	fe042623          	sw	zero,-20(s0)
    396e:	fd442783          	lw	a5,-44(s0)
    3972:	e789                	bnez	a5,397c <fifo_init+0x28>
    3974:	478d                	li	a5,3
    3976:	fef42623          	sw	a5,-20(s0)
    397a:	a089                	j	39bc <fifo_init+0x68>
    397c:	fdc42783          	lw	a5,-36(s0)
    3980:	fd442703          	lw	a4,-44(s0)
    3984:	c798                	sw	a4,8(a5)
    3986:	fdc42783          	lw	a5,-36(s0)
    398a:	00078023          	sb	zero,0(a5)
    398e:	fdc42783          	lw	a5,-36(s0)
    3992:	fd842703          	lw	a4,-40(s0)
    3996:	c3d8                	sw	a4,4(a5)
    3998:	fdc42783          	lw	a5,-36(s0)
    399c:	0007a623          	sw	zero,12(a5)
    39a0:	fdc42783          	lw	a5,-36(s0)
    39a4:	0007a823          	sw	zero,16(a5)
    39a8:	fdc42783          	lw	a5,-36(s0)
    39ac:	fd042703          	lw	a4,-48(s0)
    39b0:	cbd8                	sw	a4,20(a5)
    39b2:	fdc42783          	lw	a5,-36(s0)
    39b6:	fd042703          	lw	a4,-48(s0)
    39ba:	cf98                	sw	a4,24(a5)
    39bc:	fec42783          	lw	a5,-20(s0)
    39c0:	853e                	mv	a0,a5
    39c2:	5432                	lw	s0,44(sp)
    39c4:	6145                	addi	sp,sp,48
    39c6:	8082                	ret

000039c8 <rt_tick_get>:
    39c8:	1141                	addi	sp,sp,-16
    39ca:	c622                	sw	s0,12(sp)
    39cc:	0800                	addi	s0,sp,16
    39ce:	82c1a783          	lw	a5,-2004(gp) # 2000011c <rt_tick>
    39d2:	853e                	mv	a0,a5
    39d4:	4432                	lw	s0,12(sp)
    39d6:	0141                	addi	sp,sp,16
    39d8:	8082                	ret

000039da <rt_tick_increase>:
    39da:	1101                	addi	sp,sp,-32
    39dc:	ce06                	sw	ra,28(sp)
    39de:	cc22                	sw	s0,24(sp)
    39e0:	1000                	addi	s0,sp,32
    39e2:	82c1a783          	lw	a5,-2004(gp) # 2000011c <rt_tick>
    39e6:	00178713          	addi	a4,a5,1
    39ea:	82e1a623          	sw	a4,-2004(gp) # 2000011c <rt_tick>
    39ee:	2e8030ef          	jal	ra,6cd6 <rt_thread_self>
    39f2:	fea42623          	sw	a0,-20(s0)
    39f6:	fec42783          	lw	a5,-20(s0)
    39fa:	4bbc                	lw	a5,80(a5)
    39fc:	fff78713          	addi	a4,a5,-1
    3a00:	fec42783          	lw	a5,-20(s0)
    3a04:	cbb8                	sw	a4,80(a5)
    3a06:	fec42783          	lw	a5,-20(s0)
    3a0a:	4bbc                	lw	a5,80(a5)
    3a0c:	eb89                	bnez	a5,3a1e <rt_tick_increase+0x44>
    3a0e:	fec42783          	lw	a5,-20(s0)
    3a12:	47f8                	lw	a4,76(a5)
    3a14:	fec42783          	lw	a5,-20(s0)
    3a18:	cbb8                	sw	a4,80(a5)
    3a1a:	418030ef          	jal	ra,6e32 <rt_thread_yield>
    3a1e:	46b030ef          	jal	ra,7688 <rt_timer_check>
    3a22:	0001                	nop
    3a24:	40f2                	lw	ra,28(sp)
    3a26:	4462                	lw	s0,24(sp)
    3a28:	6105                	addi	sp,sp,32
    3a2a:	8082                	ret

00003a2c <rt_tick_from_millisecond>:
    3a2c:	7179                	addi	sp,sp,-48
    3a2e:	d622                	sw	s0,44(sp)
    3a30:	1800                	addi	s0,sp,48
    3a32:	fca42e23          	sw	a0,-36(s0)
    3a36:	fdc42783          	lw	a5,-36(s0)
    3a3a:	0007d663          	bgez	a5,3a46 <rt_tick_from_millisecond+0x1a>
    3a3e:	57fd                	li	a5,-1
    3a40:	fef42623          	sw	a5,-20(s0)
    3a44:	a099                	j	3a8a <rt_tick_from_millisecond+0x5e>
    3a46:	fdc42703          	lw	a4,-36(s0)
    3a4a:	3e800793          	li	a5,1000
    3a4e:	02f74733          	div	a4,a4,a5
    3a52:	3e800793          	li	a5,1000
    3a56:	02f707b3          	mul	a5,a4,a5
    3a5a:	fef42623          	sw	a5,-20(s0)
    3a5e:	fdc42703          	lw	a4,-36(s0)
    3a62:	3e800793          	li	a5,1000
    3a66:	02f76733          	rem	a4,a4,a5
    3a6a:	3e800793          	li	a5,1000
    3a6e:	02f707b3          	mul	a5,a4,a5
    3a72:	3e778713          	addi	a4,a5,999
    3a76:	3e800793          	li	a5,1000
    3a7a:	02f747b3          	div	a5,a4,a5
    3a7e:	873e                	mv	a4,a5
    3a80:	fec42783          	lw	a5,-20(s0)
    3a84:	97ba                	add	a5,a5,a4
    3a86:	fef42623          	sw	a5,-20(s0)
    3a8a:	fec42783          	lw	a5,-20(s0)
    3a8e:	853e                	mv	a0,a5
    3a90:	5432                	lw	s0,44(sp)
    3a92:	6145                	addi	sp,sp,48
    3a94:	8082                	ret

00003a96 <rti_start>:
    3a96:	1141                	addi	sp,sp,-16
    3a98:	c622                	sw	s0,12(sp)
    3a9a:	0800                	addi	s0,sp,16
    3a9c:	4781                	li	a5,0
    3a9e:	853e                	mv	a0,a5
    3aa0:	4432                	lw	s0,12(sp)
    3aa2:	0141                	addi	sp,sp,16
    3aa4:	8082                	ret

00003aa6 <rti_board_start>:
    3aa6:	1141                	addi	sp,sp,-16
    3aa8:	c622                	sw	s0,12(sp)
    3aaa:	0800                	addi	s0,sp,16
    3aac:	4781                	li	a5,0
    3aae:	853e                	mv	a0,a5
    3ab0:	4432                	lw	s0,12(sp)
    3ab2:	0141                	addi	sp,sp,16
    3ab4:	8082                	ret

00003ab6 <rti_board_end>:
    3ab6:	1141                	addi	sp,sp,-16
    3ab8:	c622                	sw	s0,12(sp)
    3aba:	0800                	addi	s0,sp,16
    3abc:	4781                	li	a5,0
    3abe:	853e                	mv	a0,a5
    3ac0:	4432                	lw	s0,12(sp)
    3ac2:	0141                	addi	sp,sp,16
    3ac4:	8082                	ret

00003ac6 <rti_end>:
    3ac6:	1141                	addi	sp,sp,-16
    3ac8:	c622                	sw	s0,12(sp)
    3aca:	0800                	addi	s0,sp,16
    3acc:	4781                	li	a5,0
    3ace:	853e                	mv	a0,a5
    3ad0:	4432                	lw	s0,12(sp)
    3ad2:	0141                	addi	sp,sp,16
    3ad4:	8082                	ret

00003ad6 <rt_components_board_init>:
    3ad6:	1101                	addi	sp,sp,-32
    3ad8:	ce06                	sw	ra,28(sp)
    3ada:	cc22                	sw	s0,24(sp)
    3adc:	1000                	addi	s0,sp,32
    3ade:	67b5                	lui	a5,0xd
    3ae0:	9b078793          	addi	a5,a5,-1616 # c9b0 <__rt_init_rti_board_start>
    3ae4:	fef42623          	sw	a5,-20(s0)
    3ae8:	a811                	j	3afc <rt_components_board_init+0x26>
    3aea:	fec42783          	lw	a5,-20(s0)
    3aee:	439c                	lw	a5,0(a5)
    3af0:	9782                	jalr	a5
    3af2:	fec42783          	lw	a5,-20(s0)
    3af6:	0791                	addi	a5,a5,4
    3af8:	fef42623          	sw	a5,-20(s0)
    3afc:	fec42703          	lw	a4,-20(s0)
    3b00:	67b5                	lui	a5,0xd
    3b02:	9b478793          	addi	a5,a5,-1612 # c9b4 <__rt_init_rti_board_end>
    3b06:	fef762e3          	bltu	a4,a5,3aea <rt_components_board_init+0x14>
    3b0a:	0001                	nop
    3b0c:	40f2                	lw	ra,28(sp)
    3b0e:	4462                	lw	s0,24(sp)
    3b10:	6105                	addi	sp,sp,32
    3b12:	8082                	ret

00003b14 <rt_components_init>:
    3b14:	1101                	addi	sp,sp,-32
    3b16:	ce06                	sw	ra,28(sp)
    3b18:	cc22                	sw	s0,24(sp)
    3b1a:	1000                	addi	s0,sp,32
    3b1c:	67b5                	lui	a5,0xd
    3b1e:	9b478793          	addi	a5,a5,-1612 # c9b4 <__rt_init_rti_board_end>
    3b22:	fef42623          	sw	a5,-20(s0)
    3b26:	a811                	j	3b3a <rt_components_init+0x26>
    3b28:	fec42783          	lw	a5,-20(s0)
    3b2c:	439c                	lw	a5,0(a5)
    3b2e:	9782                	jalr	a5
    3b30:	fec42783          	lw	a5,-20(s0)
    3b34:	0791                	addi	a5,a5,4
    3b36:	fef42623          	sw	a5,-20(s0)
    3b3a:	fec42703          	lw	a4,-20(s0)
    3b3e:	67b5                	lui	a5,0xd
    3b40:	9bc78793          	addi	a5,a5,-1604 # c9bc <__rt_init_rti_end>
    3b44:	fef762e3          	bltu	a4,a5,3b28 <rt_components_init+0x14>
    3b48:	0001                	nop
    3b4a:	40f2                	lw	ra,28(sp)
    3b4c:	4462                	lw	s0,24(sp)
    3b4e:	6105                	addi	sp,sp,32
    3b50:	8082                	ret

00003b52 <entry>:
    3b52:	1141                	addi	sp,sp,-16
    3b54:	c606                	sw	ra,12(sp)
    3b56:	c422                	sw	s0,8(sp)
    3b58:	0800                	addi	s0,sp,16
    3b5a:	2095                	jal	3bbe <rtthread_startup>
    3b5c:	4781                	li	a5,0
    3b5e:	853e                	mv	a0,a5
    3b60:	40b2                	lw	ra,12(sp)
    3b62:	4422                	lw	s0,8(sp)
    3b64:	0141                	addi	sp,sp,16
    3b66:	8082                	ret

00003b68 <main_thread_entry>:
    3b68:	1101                	addi	sp,sp,-32
    3b6a:	ce06                	sw	ra,28(sp)
    3b6c:	cc22                	sw	s0,24(sp)
    3b6e:	1000                	addi	s0,sp,32
    3b70:	fea42623          	sw	a0,-20(s0)
    3b74:	3745                	jal	3b14 <rt_components_init>
    3b76:	deffd0ef          	jal	ra,1964 <main>
    3b7a:	0001                	nop
    3b7c:	40f2                	lw	ra,28(sp)
    3b7e:	4462                	lw	s0,24(sp)
    3b80:	6105                	addi	sp,sp,32
    3b82:	8082                	ret

00003b84 <rt_application_init>:
    3b84:	1101                	addi	sp,sp,-32
    3b86:	ce06                	sw	ra,28(sp)
    3b88:	cc22                	sw	s0,24(sp)
    3b8a:	1000                	addi	s0,sp,32
    3b8c:	47d1                	li	a5,20
    3b8e:	4715                	li	a4,5
    3b90:	20000693          	li	a3,512
    3b94:	4601                	li	a2,0
    3b96:	000045b7          	lui	a1,0x4
    3b9a:	b6858593          	addi	a1,a1,-1176 # 3b68 <main_thread_entry>
    3b9e:	652d                	lui	a0,0xb
    3ba0:	70450513          	addi	a0,a0,1796 # b704 <__malloc_unlock+0x37e>
    3ba4:	1a0030ef          	jal	ra,6d44 <rt_thread_create>
    3ba8:	fea42623          	sw	a0,-20(s0)
    3bac:	fec42503          	lw	a0,-20(s0)
    3bb0:	138030ef          	jal	ra,6ce8 <rt_thread_startup>
    3bb4:	0001                	nop
    3bb6:	40f2                	lw	ra,28(sp)
    3bb8:	4462                	lw	s0,24(sp)
    3bba:	6105                	addi	sp,sp,32
    3bbc:	8082                	ret

00003bbe <rtthread_startup>:
    3bbe:	1141                	addi	sp,sp,-16
    3bc0:	c606                	sw	ra,12(sp)
    3bc2:	c422                	sw	s0,8(sp)
    3bc4:	0800                	addi	s0,sp,16
    3bc6:	4d1030ef          	jal	ra,7896 <rt_hw_interrupt_disable>
    3bca:	3c3050ef          	jal	ra,978c <rt_hw_board_init>
    3bce:	6e2010ef          	jal	ra,52b0 <rt_show_version>
    3bd2:	393030ef          	jal	ra,7764 <rt_system_timer_init>
    3bd6:	333020ef          	jal	ra,6708 <rt_system_scheduler_init>
    3bda:	376d                	jal	3b84 <rt_application_init>
    3bdc:	3c5030ef          	jal	ra,77a0 <rt_system_timer_thread_init>
    3be0:	2911                	jal	3ff4 <rt_thread_idle_init>
    3be2:	373020ef          	jal	ra,6754 <rt_system_scheduler_start>
    3be6:	4781                	li	a5,0
    3be8:	853e                	mv	a0,a5
    3bea:	40b2                	lw	ra,12(sp)
    3bec:	4422                	lw	s0,8(sp)
    3bee:	0141                	addi	sp,sp,16
    3bf0:	8082                	ret

00003bf2 <rt_device_find>:
    3bf2:	7179                	addi	sp,sp,-48
    3bf4:	d606                	sw	ra,44(sp)
    3bf6:	d422                	sw	s0,40(sp)
    3bf8:	1800                	addi	s0,sp,48
    3bfa:	fca42e23          	sw	a0,-36(s0)
    3bfe:	0d8030ef          	jal	ra,6cd6 <rt_thread_self>
    3c02:	87aa                	mv	a5,a0
    3c04:	c399                	beqz	a5,3c0a <rt_device_find+0x18>
    3c06:	535020ef          	jal	ra,693a <rt_enter_critical>
    3c0a:	4525                	li	a0,9
    3c0c:	79a020ef          	jal	ra,63a6 <rt_object_get_information>
    3c10:	fea42423          	sw	a0,-24(s0)
    3c14:	fe842783          	lw	a5,-24(s0)
    3c18:	43dc                	lw	a5,4(a5)
    3c1a:	fef42623          	sw	a5,-20(s0)
    3c1e:	a835                	j	3c5a <rt_device_find+0x68>
    3c20:	fec42783          	lw	a5,-20(s0)
    3c24:	17b1                	addi	a5,a5,-20
    3c26:	fef42223          	sw	a5,-28(s0)
    3c2a:	fe442783          	lw	a5,-28(s0)
    3c2e:	4641                	li	a2,16
    3c30:	fdc42583          	lw	a1,-36(s0)
    3c34:	853e                	mv	a0,a5
    3c36:	5c8010ef          	jal	ra,51fe <rt_strncmp>
    3c3a:	87aa                	mv	a5,a0
    3c3c:	eb91                	bnez	a5,3c50 <rt_device_find+0x5e>
    3c3e:	098030ef          	jal	ra,6cd6 <rt_thread_self>
    3c42:	87aa                	mv	a5,a0
    3c44:	c399                	beqz	a5,3c4a <rt_device_find+0x58>
    3c46:	52b020ef          	jal	ra,6970 <rt_exit_critical>
    3c4a:	fe442783          	lw	a5,-28(s0)
    3c4e:	a025                	j	3c76 <rt_device_find+0x84>
    3c50:	fec42783          	lw	a5,-20(s0)
    3c54:	439c                	lw	a5,0(a5)
    3c56:	fef42623          	sw	a5,-20(s0)
    3c5a:	fe842783          	lw	a5,-24(s0)
    3c5e:	0791                	addi	a5,a5,4
    3c60:	fec42703          	lw	a4,-20(s0)
    3c64:	faf71ee3          	bne	a4,a5,3c20 <rt_device_find+0x2e>
    3c68:	06e030ef          	jal	ra,6cd6 <rt_thread_self>
    3c6c:	87aa                	mv	a5,a0
    3c6e:	c399                	beqz	a5,3c74 <rt_device_find+0x82>
    3c70:	501020ef          	jal	ra,6970 <rt_exit_critical>
    3c74:	4781                	li	a5,0
    3c76:	853e                	mv	a0,a5
    3c78:	50b2                	lw	ra,44(sp)
    3c7a:	5422                	lw	s0,40(sp)
    3c7c:	6145                	addi	sp,sp,48
    3c7e:	8082                	ret

00003c80 <rt_device_open>:
    3c80:	7179                	addi	sp,sp,-48
    3c82:	d606                	sw	ra,44(sp)
    3c84:	d422                	sw	s0,40(sp)
    3c86:	1800                	addi	s0,sp,48
    3c88:	fca42e23          	sw	a0,-36(s0)
    3c8c:	87ae                	mv	a5,a1
    3c8e:	fcf41d23          	sh	a5,-38(s0)
    3c92:	fe042623          	sw	zero,-20(s0)
    3c96:	fdc42783          	lw	a5,-36(s0)
    3c9a:	339e                	lhu	a5,32(a5)
    3c9c:	8bc1                	andi	a5,a5,16
    3c9e:	eba1                	bnez	a5,3cee <rt_device_open+0x6e>
    3ca0:	fdc42783          	lw	a5,-36(s0)
    3ca4:	5b9c                	lw	a5,48(a5)
    3ca6:	cb8d                	beqz	a5,3cd8 <rt_device_open+0x58>
    3ca8:	fdc42783          	lw	a5,-36(s0)
    3cac:	5b9c                	lw	a5,48(a5)
    3cae:	fdc42503          	lw	a0,-36(s0)
    3cb2:	9782                	jalr	a5
    3cb4:	fea42623          	sw	a0,-20(s0)
    3cb8:	fec42783          	lw	a5,-20(s0)
    3cbc:	cf91                	beqz	a5,3cd8 <rt_device_open+0x58>
    3cbe:	fdc42783          	lw	a5,-36(s0)
    3cc2:	fec42603          	lw	a2,-20(s0)
    3cc6:	85be                	mv	a1,a5
    3cc8:	67ad                	lui	a5,0xb
    3cca:	70c78513          	addi	a0,a5,1804 # b70c <__malloc_unlock+0x386>
    3cce:	773010ef          	jal	ra,5c40 <rt_kprintf>
    3cd2:	fec42783          	lw	a5,-20(s0)
    3cd6:	a065                	j	3d7e <rt_device_open+0xfe>
    3cd8:	fdc42783          	lw	a5,-36(s0)
    3cdc:	339e                	lhu	a5,32(a5)
    3cde:	0107e793          	ori	a5,a5,16
    3ce2:	01079713          	slli	a4,a5,0x10
    3ce6:	8341                	srli	a4,a4,0x10
    3ce8:	fdc42783          	lw	a5,-36(s0)
    3cec:	b39a                	sh	a4,32(a5)
    3cee:	fdc42783          	lw	a5,-36(s0)
    3cf2:	339e                	lhu	a5,32(a5)
    3cf4:	8ba1                	andi	a5,a5,8
    3cf6:	cb81                	beqz	a5,3d06 <rt_device_open+0x86>
    3cf8:	fdc42783          	lw	a5,-36(s0)
    3cfc:	33be                	lhu	a5,34(a5)
    3cfe:	8ba1                	andi	a5,a5,8
    3d00:	c399                	beqz	a5,3d06 <rt_device_open+0x86>
    3d02:	57e5                	li	a5,-7
    3d04:	a8ad                	j	3d7e <rt_device_open+0xfe>
    3d06:	fdc42783          	lw	a5,-36(s0)
    3d0a:	5bdc                	lw	a5,52(a5)
    3d0c:	cf89                	beqz	a5,3d26 <rt_device_open+0xa6>
    3d0e:	fdc42783          	lw	a5,-36(s0)
    3d12:	5bd8                	lw	a4,52(a5)
    3d14:	fda45783          	lhu	a5,-38(s0)
    3d18:	85be                	mv	a1,a5
    3d1a:	fdc42503          	lw	a0,-36(s0)
    3d1e:	9702                	jalr	a4
    3d20:	fea42623          	sw	a0,-20(s0)
    3d24:	a829                	j	3d3e <rt_device_open+0xbe>
    3d26:	fda45703          	lhu	a4,-38(s0)
    3d2a:	6785                	lui	a5,0x1
    3d2c:	f0f78793          	addi	a5,a5,-241 # f0f <RCC_ADCCLKConfig+0x2d>
    3d30:	8ff9                	and	a5,a5,a4
    3d32:	01079713          	slli	a4,a5,0x10
    3d36:	8341                	srli	a4,a4,0x10
    3d38:	fdc42783          	lw	a5,-36(s0)
    3d3c:	b3ba                	sh	a4,34(a5)
    3d3e:	fec42783          	lw	a5,-20(s0)
    3d42:	c791                	beqz	a5,3d4e <rt_device_open+0xce>
    3d44:	fec42703          	lw	a4,-20(s0)
    3d48:	57e9                	li	a5,-6
    3d4a:	02f71863          	bne	a4,a5,3d7a <rt_device_open+0xfa>
    3d4e:	fdc42783          	lw	a5,-36(s0)
    3d52:	33be                	lhu	a5,34(a5)
    3d54:	0087e793          	ori	a5,a5,8
    3d58:	01079713          	slli	a4,a5,0x10
    3d5c:	8341                	srli	a4,a4,0x10
    3d5e:	fdc42783          	lw	a5,-36(s0)
    3d62:	b3ba                	sh	a4,34(a5)
    3d64:	fdc42783          	lw	a5,-36(s0)
    3d68:	0247c783          	lbu	a5,36(a5)
    3d6c:	0785                	addi	a5,a5,1
    3d6e:	0ff7f713          	andi	a4,a5,255
    3d72:	fdc42783          	lw	a5,-36(s0)
    3d76:	02e78223          	sb	a4,36(a5)
    3d7a:	fec42783          	lw	a5,-20(s0)
    3d7e:	853e                	mv	a0,a5
    3d80:	50b2                	lw	ra,44(sp)
    3d82:	5422                	lw	s0,40(sp)
    3d84:	6145                	addi	sp,sp,48
    3d86:	8082                	ret

00003d88 <rt_device_close>:
    3d88:	7179                	addi	sp,sp,-48
    3d8a:	d606                	sw	ra,44(sp)
    3d8c:	d422                	sw	s0,40(sp)
    3d8e:	1800                	addi	s0,sp,48
    3d90:	fca42e23          	sw	a0,-36(s0)
    3d94:	fe042623          	sw	zero,-20(s0)
    3d98:	fdc42783          	lw	a5,-36(s0)
    3d9c:	0247c783          	lbu	a5,36(a5)
    3da0:	e399                	bnez	a5,3da6 <rt_device_close+0x1e>
    3da2:	57fd                	li	a5,-1
    3da4:	a8a9                	j	3dfe <rt_device_close+0x76>
    3da6:	fdc42783          	lw	a5,-36(s0)
    3daa:	0247c783          	lbu	a5,36(a5)
    3dae:	17fd                	addi	a5,a5,-1
    3db0:	0ff7f713          	andi	a4,a5,255
    3db4:	fdc42783          	lw	a5,-36(s0)
    3db8:	02e78223          	sb	a4,36(a5)
    3dbc:	fdc42783          	lw	a5,-36(s0)
    3dc0:	0247c783          	lbu	a5,36(a5)
    3dc4:	c399                	beqz	a5,3dca <rt_device_close+0x42>
    3dc6:	4781                	li	a5,0
    3dc8:	a81d                	j	3dfe <rt_device_close+0x76>
    3dca:	fdc42783          	lw	a5,-36(s0)
    3dce:	5f9c                	lw	a5,56(a5)
    3dd0:	cb89                	beqz	a5,3de2 <rt_device_close+0x5a>
    3dd2:	fdc42783          	lw	a5,-36(s0)
    3dd6:	5f9c                	lw	a5,56(a5)
    3dd8:	fdc42503          	lw	a0,-36(s0)
    3ddc:	9782                	jalr	a5
    3dde:	fea42623          	sw	a0,-20(s0)
    3de2:	fec42783          	lw	a5,-20(s0)
    3de6:	c791                	beqz	a5,3df2 <rt_device_close+0x6a>
    3de8:	fec42703          	lw	a4,-20(s0)
    3dec:	57e9                	li	a5,-6
    3dee:	00f71663          	bne	a4,a5,3dfa <rt_device_close+0x72>
    3df2:	fdc42783          	lw	a5,-36(s0)
    3df6:	02079123          	sh	zero,34(a5)
    3dfa:	fec42783          	lw	a5,-20(s0)
    3dfe:	853e                	mv	a0,a5
    3e00:	50b2                	lw	ra,44(sp)
    3e02:	5422                	lw	s0,40(sp)
    3e04:	6145                	addi	sp,sp,48
    3e06:	8082                	ret

00003e08 <rt_device_write>:
    3e08:	1101                	addi	sp,sp,-32
    3e0a:	ce06                	sw	ra,28(sp)
    3e0c:	cc22                	sw	s0,24(sp)
    3e0e:	1000                	addi	s0,sp,32
    3e10:	fea42623          	sw	a0,-20(s0)
    3e14:	feb42423          	sw	a1,-24(s0)
    3e18:	fec42223          	sw	a2,-28(s0)
    3e1c:	fed42023          	sw	a3,-32(s0)
    3e20:	fec42783          	lw	a5,-20(s0)
    3e24:	0247c783          	lbu	a5,36(a5)
    3e28:	e791                	bnez	a5,3e34 <rt_device_write+0x2c>
    3e2a:	557d                	li	a0,-1
    3e2c:	116010ef          	jal	ra,4f42 <rt_set_errno>
    3e30:	4781                	li	a5,0
    3e32:	a03d                	j	3e60 <rt_device_write+0x58>
    3e34:	fec42783          	lw	a5,-20(s0)
    3e38:	43bc                	lw	a5,64(a5)
    3e3a:	cf99                	beqz	a5,3e58 <rt_device_write+0x50>
    3e3c:	fec42783          	lw	a5,-20(s0)
    3e40:	43bc                	lw	a5,64(a5)
    3e42:	fe042683          	lw	a3,-32(s0)
    3e46:	fe442603          	lw	a2,-28(s0)
    3e4a:	fe842583          	lw	a1,-24(s0)
    3e4e:	fec42503          	lw	a0,-20(s0)
    3e52:	9782                	jalr	a5
    3e54:	87aa                	mv	a5,a0
    3e56:	a029                	j	3e60 <rt_device_write+0x58>
    3e58:	5569                	li	a0,-6
    3e5a:	0e8010ef          	jal	ra,4f42 <rt_set_errno>
    3e5e:	4781                	li	a5,0
    3e60:	853e                	mv	a0,a5
    3e62:	40f2                	lw	ra,28(sp)
    3e64:	4462                	lw	s0,24(sp)
    3e66:	6105                	addi	sp,sp,32
    3e68:	8082                	ret

00003e6a <rt_device_set_rx_indicate>:
    3e6a:	1101                	addi	sp,sp,-32
    3e6c:	ce22                	sw	s0,28(sp)
    3e6e:	1000                	addi	s0,sp,32
    3e70:	fea42623          	sw	a0,-20(s0)
    3e74:	feb42423          	sw	a1,-24(s0)
    3e78:	fec42783          	lw	a5,-20(s0)
    3e7c:	fe842703          	lw	a4,-24(s0)
    3e80:	d798                	sw	a4,40(a5)
    3e82:	4781                	li	a5,0
    3e84:	853e                	mv	a0,a5
    3e86:	4472                	lw	s0,28(sp)
    3e88:	6105                	addi	sp,sp,32
    3e8a:	8082                	ret

00003e8c <rt_list_remove>:
    3e8c:	1101                	addi	sp,sp,-32
    3e8e:	ce22                	sw	s0,28(sp)
    3e90:	1000                	addi	s0,sp,32
    3e92:	fea42623          	sw	a0,-20(s0)
    3e96:	fec42783          	lw	a5,-20(s0)
    3e9a:	439c                	lw	a5,0(a5)
    3e9c:	fec42703          	lw	a4,-20(s0)
    3ea0:	4358                	lw	a4,4(a4)
    3ea2:	c3d8                	sw	a4,4(a5)
    3ea4:	fec42783          	lw	a5,-20(s0)
    3ea8:	43dc                	lw	a5,4(a5)
    3eaa:	fec42703          	lw	a4,-20(s0)
    3eae:	4318                	lw	a4,0(a4)
    3eb0:	c398                	sw	a4,0(a5)
    3eb2:	fec42783          	lw	a5,-20(s0)
    3eb6:	fec42703          	lw	a4,-20(s0)
    3eba:	c3d8                	sw	a4,4(a5)
    3ebc:	fec42783          	lw	a5,-20(s0)
    3ec0:	43d8                	lw	a4,4(a5)
    3ec2:	fec42783          	lw	a5,-20(s0)
    3ec6:	c398                	sw	a4,0(a5)
    3ec8:	0001                	nop
    3eca:	4472                	lw	s0,28(sp)
    3ecc:	6105                	addi	sp,sp,32
    3ece:	8082                	ret

00003ed0 <_has_defunct_thread>:
    3ed0:	1101                	addi	sp,sp,-32
    3ed2:	ce22                	sw	s0,28(sp)
    3ed4:	1000                	addi	s0,sp,32
    3ed6:	88818793          	addi	a5,gp,-1912 # 20000178 <rt_thread_defunct>
    3eda:	fef42623          	sw	a5,-20(s0)
    3ede:	fec42783          	lw	a5,-20(s0)
    3ee2:	439c                	lw	a5,0(a5)
    3ee4:	fec42703          	lw	a4,-20(s0)
    3ee8:	40f707b3          	sub	a5,a4,a5
    3eec:	00f037b3          	snez	a5,a5
    3ef0:	0ff7f793          	andi	a5,a5,255
    3ef4:	853e                	mv	a0,a5
    3ef6:	4472                	lw	s0,28(sp)
    3ef8:	6105                	addi	sp,sp,32
    3efa:	8082                	ret

00003efc <rt_thread_idle_excute>:
    3efc:	1101                	addi	sp,sp,-32
    3efe:	ce06                	sw	ra,28(sp)
    3f00:	cc22                	sw	s0,24(sp)
    3f02:	1000                	addi	s0,sp,32
    3f04:	a851                	j	3f98 <rt_thread_idle_excute+0x9c>
    3f06:	191030ef          	jal	ra,7896 <rt_hw_interrupt_disable>
    3f0a:	fea42623          	sw	a0,-20(s0)
    3f0e:	37c9                	jal	3ed0 <_has_defunct_thread>
    3f10:	87aa                	mv	a5,a0
    3f12:	c3a5                	beqz	a5,3f72 <rt_thread_idle_excute+0x76>
    3f14:	8881a783          	lw	a5,-1912(gp) # 20000178 <rt_thread_defunct>
    3f18:	1791                	addi	a5,a5,-28
    3f1a:	fef42423          	sw	a5,-24(s0)
    3f1e:	fe842783          	lw	a5,-24(s0)
    3f22:	07f1                	addi	a5,a5,28
    3f24:	853e                	mv	a0,a5
    3f26:	f67ff0ef          	jal	ra,3e8c <rt_list_remove>
    3f2a:	211020ef          	jal	ra,693a <rt_enter_critical>
    3f2e:	fe842783          	lw	a5,-24(s0)
    3f32:	0887a783          	lw	a5,136(a5)
    3f36:	cb81                	beqz	a5,3f46 <rt_thread_idle_excute+0x4a>
    3f38:	fe842783          	lw	a5,-24(s0)
    3f3c:	0887a783          	lw	a5,136(a5)
    3f40:	fe842503          	lw	a0,-24(s0)
    3f44:	9782                	jalr	a5
    3f46:	fe842503          	lw	a0,-24(s0)
    3f4a:	6c2020ef          	jal	ra,660c <rt_object_is_systemobject>
    3f4e:	872a                	mv	a4,a0
    3f50:	4785                	li	a5,1
    3f52:	00f71d63          	bne	a4,a5,3f6c <rt_thread_idle_excute+0x70>
    3f56:	fe842503          	lw	a0,-24(s0)
    3f5a:	564020ef          	jal	ra,64be <rt_object_detach>
    3f5e:	213020ef          	jal	ra,6970 <rt_exit_critical>
    3f62:	fec42503          	lw	a0,-20(s0)
    3f66:	155030ef          	jal	ra,78ba <rt_hw_interrupt_enable>
    3f6a:	a81d                	j	3fa0 <rt_thread_idle_excute+0xa4>
    3f6c:	205020ef          	jal	ra,6970 <rt_exit_critical>
    3f70:	a031                	j	3f7c <rt_thread_idle_excute+0x80>
    3f72:	fec42503          	lw	a0,-20(s0)
    3f76:	145030ef          	jal	ra,78ba <rt_hw_interrupt_enable>
    3f7a:	a01d                	j	3fa0 <rt_thread_idle_excute+0xa4>
    3f7c:	fec42503          	lw	a0,-20(s0)
    3f80:	13b030ef          	jal	ra,78ba <rt_hw_interrupt_enable>
    3f84:	fe842783          	lw	a5,-24(s0)
    3f88:	5b9c                	lw	a5,48(a5)
    3f8a:	853e                	mv	a0,a5
    3f8c:	258020ef          	jal	ra,61e4 <rt_free>
    3f90:	fe842503          	lw	a0,-24(s0)
    3f94:	626020ef          	jal	ra,65ba <rt_object_delete>
    3f98:	f39ff0ef          	jal	ra,3ed0 <_has_defunct_thread>
    3f9c:	87aa                	mv	a5,a0
    3f9e:	f7a5                	bnez	a5,3f06 <rt_thread_idle_excute+0xa>
    3fa0:	40f2                	lw	ra,28(sp)
    3fa2:	4462                	lw	s0,24(sp)
    3fa4:	6105                	addi	sp,sp,32
    3fa6:	8082                	ret

00003fa8 <rt_thread_idle_entry>:
    3fa8:	7179                	addi	sp,sp,-48
    3faa:	d606                	sw	ra,44(sp)
    3fac:	d422                	sw	s0,40(sp)
    3fae:	1800                	addi	s0,sp,48
    3fb0:	fca42e23          	sw	a0,-36(s0)
    3fb4:	fe042623          	sw	zero,-20(s0)
    3fb8:	a035                	j	3fe4 <rt_thread_idle_entry+0x3c>
    3fba:	fec42703          	lw	a4,-20(s0)
    3fbe:	070a                	slli	a4,a4,0x2
    3fc0:	c6818793          	addi	a5,gp,-920 # 20000558 <idle_hook_list>
    3fc4:	97ba                	add	a5,a5,a4
    3fc6:	439c                	lw	a5,0(a5)
    3fc8:	cb89                	beqz	a5,3fda <rt_thread_idle_entry+0x32>
    3fca:	fec42703          	lw	a4,-20(s0)
    3fce:	070a                	slli	a4,a4,0x2
    3fd0:	c6818793          	addi	a5,gp,-920 # 20000558 <idle_hook_list>
    3fd4:	97ba                	add	a5,a5,a4
    3fd6:	439c                	lw	a5,0(a5)
    3fd8:	9782                	jalr	a5
    3fda:	fec42783          	lw	a5,-20(s0)
    3fde:	0785                	addi	a5,a5,1
    3fe0:	fef42623          	sw	a5,-20(s0)
    3fe4:	fec42703          	lw	a4,-20(s0)
    3fe8:	478d                	li	a5,3
    3fea:	fce7f8e3          	bgeu	a5,a4,3fba <rt_thread_idle_entry+0x12>
    3fee:	f0fff0ef          	jal	ra,3efc <rt_thread_idle_excute>
    3ff2:	b7c9                	j	3fb4 <rt_thread_idle_entry+0xc>

00003ff4 <rt_thread_idle_init>:
    3ff4:	1141                	addi	sp,sp,-16
    3ff6:	c606                	sw	ra,12(sp)
    3ff8:	c422                	sw	s0,8(sp)
    3ffa:	0800                	addi	s0,sp,16
    3ffc:	02000893          	li	a7,32
    4000:	483d                	li	a6,15
    4002:	20000793          	li	a5,512
    4006:	a6818713          	addi	a4,gp,-1432 # 20000358 <rt_thread_stack>
    400a:	4681                	li	a3,0
    400c:	00004637          	lui	a2,0x4
    4010:	fa860613          	addi	a2,a2,-88 # 3fa8 <rt_thread_idle_entry>
    4014:	65ad                	lui	a1,0xb
    4016:	74458593          	addi	a1,a1,1860 # b744 <__malloc_unlock+0x3be>
    401a:	9d818513          	addi	a0,gp,-1576 # 200002c8 <idle>
    401e:	44f020ef          	jal	ra,6c6c <rt_thread_init>
    4022:	9d818513          	addi	a0,gp,-1576 # 200002c8 <idle>
    4026:	4c3020ef          	jal	ra,6ce8 <rt_thread_startup>
    402a:	0001                	nop
    402c:	40b2                	lw	ra,12(sp)
    402e:	4422                	lw	s0,8(sp)
    4030:	0141                	addi	sp,sp,16
    4032:	8082                	ret

00004034 <rt_list_init>:
    4034:	1101                	addi	sp,sp,-32
    4036:	ce22                	sw	s0,28(sp)
    4038:	1000                	addi	s0,sp,32
    403a:	fea42623          	sw	a0,-20(s0)
    403e:	fec42783          	lw	a5,-20(s0)
    4042:	fec42703          	lw	a4,-20(s0)
    4046:	c3d8                	sw	a4,4(a5)
    4048:	fec42783          	lw	a5,-20(s0)
    404c:	43d8                	lw	a4,4(a5)
    404e:	fec42783          	lw	a5,-20(s0)
    4052:	c398                	sw	a4,0(a5)
    4054:	0001                	nop
    4056:	4472                	lw	s0,28(sp)
    4058:	6105                	addi	sp,sp,32
    405a:	8082                	ret

0000405c <rt_list_insert_before>:
    405c:	1101                	addi	sp,sp,-32
    405e:	ce22                	sw	s0,28(sp)
    4060:	1000                	addi	s0,sp,32
    4062:	fea42623          	sw	a0,-20(s0)
    4066:	feb42423          	sw	a1,-24(s0)
    406a:	fec42783          	lw	a5,-20(s0)
    406e:	43dc                	lw	a5,4(a5)
    4070:	fe842703          	lw	a4,-24(s0)
    4074:	c398                	sw	a4,0(a5)
    4076:	fec42783          	lw	a5,-20(s0)
    407a:	43d8                	lw	a4,4(a5)
    407c:	fe842783          	lw	a5,-24(s0)
    4080:	c3d8                	sw	a4,4(a5)
    4082:	fec42783          	lw	a5,-20(s0)
    4086:	fe842703          	lw	a4,-24(s0)
    408a:	c3d8                	sw	a4,4(a5)
    408c:	fe842783          	lw	a5,-24(s0)
    4090:	fec42703          	lw	a4,-20(s0)
    4094:	c398                	sw	a4,0(a5)
    4096:	0001                	nop
    4098:	4472                	lw	s0,28(sp)
    409a:	6105                	addi	sp,sp,32
    409c:	8082                	ret

0000409e <rt_list_isempty>:
    409e:	1101                	addi	sp,sp,-32
    40a0:	ce22                	sw	s0,28(sp)
    40a2:	1000                	addi	s0,sp,32
    40a4:	fea42623          	sw	a0,-20(s0)
    40a8:	fec42783          	lw	a5,-20(s0)
    40ac:	439c                	lw	a5,0(a5)
    40ae:	fec42703          	lw	a4,-20(s0)
    40b2:	40f707b3          	sub	a5,a4,a5
    40b6:	0017b793          	seqz	a5,a5
    40ba:	0ff7f793          	andi	a5,a5,255
    40be:	853e                	mv	a0,a5
    40c0:	4472                	lw	s0,28(sp)
    40c2:	6105                	addi	sp,sp,32
    40c4:	8082                	ret

000040c6 <rt_ipc_object_init>:
    40c6:	1101                	addi	sp,sp,-32
    40c8:	ce06                	sw	ra,28(sp)
    40ca:	cc22                	sw	s0,24(sp)
    40cc:	1000                	addi	s0,sp,32
    40ce:	fea42623          	sw	a0,-20(s0)
    40d2:	fec42783          	lw	a5,-20(s0)
    40d6:	07f1                	addi	a5,a5,28
    40d8:	853e                	mv	a0,a5
    40da:	f5bff0ef          	jal	ra,4034 <rt_list_init>
    40de:	4781                	li	a5,0
    40e0:	853e                	mv	a0,a5
    40e2:	40f2                	lw	ra,28(sp)
    40e4:	4462                	lw	s0,24(sp)
    40e6:	6105                	addi	sp,sp,32
    40e8:	8082                	ret

000040ea <rt_ipc_list_suspend>:
    40ea:	7179                	addi	sp,sp,-48
    40ec:	d606                	sw	ra,44(sp)
    40ee:	d422                	sw	s0,40(sp)
    40f0:	1800                	addi	s0,sp,48
    40f2:	fca42e23          	sw	a0,-36(s0)
    40f6:	fcb42c23          	sw	a1,-40(s0)
    40fa:	87b2                	mv	a5,a2
    40fc:	fcf40ba3          	sb	a5,-41(s0)
    4100:	fd842503          	lw	a0,-40(s0)
    4104:	729020ef          	jal	ra,702c <rt_thread_suspend>
    4108:	fd744783          	lbu	a5,-41(s0)
    410c:	c789                	beqz	a5,4116 <rt_ipc_list_suspend+0x2c>
    410e:	4705                	li	a4,1
    4110:	00e78c63          	beq	a5,a4,4128 <rt_ipc_list_suspend+0x3e>
    4114:	a069                	j	419e <rt_ipc_list_suspend+0xb4>
    4116:	fd842783          	lw	a5,-40(s0)
    411a:	07f1                	addi	a5,a5,28
    411c:	85be                	mv	a1,a5
    411e:	fdc42503          	lw	a0,-36(s0)
    4122:	f3bff0ef          	jal	ra,405c <rt_list_insert_before>
    4126:	a8a5                	j	419e <rt_ipc_list_suspend+0xb4>
    4128:	fdc42783          	lw	a5,-36(s0)
    412c:	439c                	lw	a5,0(a5)
    412e:	fef42623          	sw	a5,-20(s0)
    4132:	a089                	j	4174 <rt_ipc_list_suspend+0x8a>
    4134:	fec42783          	lw	a5,-20(s0)
    4138:	1791                	addi	a5,a5,-28
    413a:	fef42423          	sw	a5,-24(s0)
    413e:	fd842783          	lw	a5,-40(s0)
    4142:	03d7c703          	lbu	a4,61(a5)
    4146:	fe842783          	lw	a5,-24(s0)
    414a:	03d7c783          	lbu	a5,61(a5)
    414e:	00f77e63          	bgeu	a4,a5,416a <rt_ipc_list_suspend+0x80>
    4152:	fe842783          	lw	a5,-24(s0)
    4156:	01c78713          	addi	a4,a5,28
    415a:	fd842783          	lw	a5,-40(s0)
    415e:	07f1                	addi	a5,a5,28
    4160:	85be                	mv	a1,a5
    4162:	853a                	mv	a0,a4
    4164:	ef9ff0ef          	jal	ra,405c <rt_list_insert_before>
    4168:	a821                	j	4180 <rt_ipc_list_suspend+0x96>
    416a:	fec42783          	lw	a5,-20(s0)
    416e:	439c                	lw	a5,0(a5)
    4170:	fef42623          	sw	a5,-20(s0)
    4174:	fec42703          	lw	a4,-20(s0)
    4178:	fdc42783          	lw	a5,-36(s0)
    417c:	faf71ce3          	bne	a4,a5,4134 <rt_ipc_list_suspend+0x4a>
    4180:	fec42703          	lw	a4,-20(s0)
    4184:	fdc42783          	lw	a5,-36(s0)
    4188:	00f71a63          	bne	a4,a5,419c <rt_ipc_list_suspend+0xb2>
    418c:	fd842783          	lw	a5,-40(s0)
    4190:	07f1                	addi	a5,a5,28
    4192:	85be                	mv	a1,a5
    4194:	fdc42503          	lw	a0,-36(s0)
    4198:	ec5ff0ef          	jal	ra,405c <rt_list_insert_before>
    419c:	0001                	nop
    419e:	4781                	li	a5,0
    41a0:	853e                	mv	a0,a5
    41a2:	50b2                	lw	ra,44(sp)
    41a4:	5422                	lw	s0,40(sp)
    41a6:	6145                	addi	sp,sp,48
    41a8:	8082                	ret

000041aa <rt_ipc_list_resume>:
    41aa:	7179                	addi	sp,sp,-48
    41ac:	d606                	sw	ra,44(sp)
    41ae:	d422                	sw	s0,40(sp)
    41b0:	1800                	addi	s0,sp,48
    41b2:	fca42e23          	sw	a0,-36(s0)
    41b6:	fdc42783          	lw	a5,-36(s0)
    41ba:	439c                	lw	a5,0(a5)
    41bc:	1791                	addi	a5,a5,-28
    41be:	fef42623          	sw	a5,-20(s0)
    41c2:	fec42503          	lw	a0,-20(s0)
    41c6:	6ef020ef          	jal	ra,70b4 <rt_thread_resume>
    41ca:	4781                	li	a5,0
    41cc:	853e                	mv	a0,a5
    41ce:	50b2                	lw	ra,44(sp)
    41d0:	5422                	lw	s0,40(sp)
    41d2:	6145                	addi	sp,sp,48
    41d4:	8082                	ret

000041d6 <rt_sem_init>:
    41d6:	1101                	addi	sp,sp,-32
    41d8:	ce06                	sw	ra,28(sp)
    41da:	cc22                	sw	s0,24(sp)
    41dc:	1000                	addi	s0,sp,32
    41de:	fea42623          	sw	a0,-20(s0)
    41e2:	feb42423          	sw	a1,-24(s0)
    41e6:	fec42223          	sw	a2,-28(s0)
    41ea:	87b6                	mv	a5,a3
    41ec:	fef401a3          	sb	a5,-29(s0)
    41f0:	fec42783          	lw	a5,-20(s0)
    41f4:	fe842603          	lw	a2,-24(s0)
    41f8:	4589                	li	a1,2
    41fa:	853e                	mv	a0,a5
    41fc:	206020ef          	jal	ra,6402 <rt_object_init>
    4200:	fec42783          	lw	a5,-20(s0)
    4204:	853e                	mv	a0,a5
    4206:	ec1ff0ef          	jal	ra,40c6 <rt_ipc_object_init>
    420a:	fe442783          	lw	a5,-28(s0)
    420e:	01079713          	slli	a4,a5,0x10
    4212:	8341                	srli	a4,a4,0x10
    4214:	fec42783          	lw	a5,-20(s0)
    4218:	b3da                	sh	a4,36(a5)
    421a:	fec42783          	lw	a5,-20(s0)
    421e:	fe344703          	lbu	a4,-29(s0)
    4222:	bb98                	sb	a4,17(a5)
    4224:	4781                	li	a5,0
    4226:	853e                	mv	a0,a5
    4228:	40f2                	lw	ra,28(sp)
    422a:	4462                	lw	s0,24(sp)
    422c:	6105                	addi	sp,sp,32
    422e:	8082                	ret

00004230 <rt_sem_take>:
    4230:	7179                	addi	sp,sp,-48
    4232:	d606                	sw	ra,44(sp)
    4234:	d422                	sw	s0,40(sp)
    4236:	d226                	sw	s1,36(sp)
    4238:	1800                	addi	s0,sp,48
    423a:	fca42e23          	sw	a0,-36(s0)
    423e:	fcb42c23          	sw	a1,-40(s0)
    4242:	86c1a783          	lw	a5,-1940(gp) # 2000015c <rt_object_trytake_hook>
    4246:	c799                	beqz	a5,4254 <rt_sem_take+0x24>
    4248:	86c1a703          	lw	a4,-1940(gp) # 2000015c <rt_object_trytake_hook>
    424c:	fdc42783          	lw	a5,-36(s0)
    4250:	853e                	mv	a0,a5
    4252:	9702                	jalr	a4
    4254:	642030ef          	jal	ra,7896 <rt_hw_interrupt_disable>
    4258:	84aa                	mv	s1,a0
    425a:	fdc42783          	lw	a5,-36(s0)
    425e:	33de                	lhu	a5,36(a5)
    4260:	cf99                	beqz	a5,427e <rt_sem_take+0x4e>
    4262:	fdc42783          	lw	a5,-36(s0)
    4266:	33de                	lhu	a5,36(a5)
    4268:	17fd                	addi	a5,a5,-1
    426a:	01079713          	slli	a4,a5,0x10
    426e:	8341                	srli	a4,a4,0x10
    4270:	fdc42783          	lw	a5,-36(s0)
    4274:	b3da                	sh	a4,36(a5)
    4276:	8526                	mv	a0,s1
    4278:	642030ef          	jal	ra,78ba <rt_hw_interrupt_enable>
    427c:	a049                	j	42fe <rt_sem_take+0xce>
    427e:	fd842783          	lw	a5,-40(s0)
    4282:	e791                	bnez	a5,428e <rt_sem_take+0x5e>
    4284:	8526                	mv	a0,s1
    4286:	634030ef          	jal	ra,78ba <rt_hw_interrupt_enable>
    428a:	57f9                	li	a5,-2
    428c:	a059                	j	4312 <rt_sem_take+0xe2>
    428e:	249020ef          	jal	ra,6cd6 <rt_thread_self>
    4292:	fea42623          	sw	a0,-20(s0)
    4296:	fec42783          	lw	a5,-20(s0)
    429a:	0207ac23          	sw	zero,56(a5)
    429e:	fdc42783          	lw	a5,-36(s0)
    42a2:	01c78713          	addi	a4,a5,28
    42a6:	fdc42783          	lw	a5,-36(s0)
    42aa:	3b9c                	lbu	a5,17(a5)
    42ac:	863e                	mv	a2,a5
    42ae:	fec42583          	lw	a1,-20(s0)
    42b2:	853a                	mv	a0,a4
    42b4:	e37ff0ef          	jal	ra,40ea <rt_ipc_list_suspend>
    42b8:	fd842783          	lw	a5,-40(s0)
    42bc:	02f05463          	blez	a5,42e4 <rt_sem_take+0xb4>
    42c0:	fec42783          	lw	a5,-20(s0)
    42c4:	05478793          	addi	a5,a5,84
    42c8:	fd840713          	addi	a4,s0,-40
    42cc:	863a                	mv	a2,a4
    42ce:	4581                	li	a1,0
    42d0:	853e                	mv	a0,a5
    42d2:	322030ef          	jal	ra,75f4 <rt_timer_control>
    42d6:	fec42783          	lw	a5,-20(s0)
    42da:	05478793          	addi	a5,a5,84
    42de:	853e                	mv	a0,a5
    42e0:	0b8030ef          	jal	ra,7398 <rt_timer_start>
    42e4:	8526                	mv	a0,s1
    42e6:	5d4030ef          	jal	ra,78ba <rt_hw_interrupt_enable>
    42ea:	4aa020ef          	jal	ra,6794 <rt_schedule>
    42ee:	fec42783          	lw	a5,-20(s0)
    42f2:	5f9c                	lw	a5,56(a5)
    42f4:	c789                	beqz	a5,42fe <rt_sem_take+0xce>
    42f6:	fec42783          	lw	a5,-20(s0)
    42fa:	5f9c                	lw	a5,56(a5)
    42fc:	a819                	j	4312 <rt_sem_take+0xe2>
    42fe:	8701a783          	lw	a5,-1936(gp) # 20000160 <rt_object_take_hook>
    4302:	c799                	beqz	a5,4310 <rt_sem_take+0xe0>
    4304:	8701a703          	lw	a4,-1936(gp) # 20000160 <rt_object_take_hook>
    4308:	fdc42783          	lw	a5,-36(s0)
    430c:	853e                	mv	a0,a5
    430e:	9702                	jalr	a4
    4310:	4781                	li	a5,0
    4312:	853e                	mv	a0,a5
    4314:	50b2                	lw	ra,44(sp)
    4316:	5422                	lw	s0,40(sp)
    4318:	5492                	lw	s1,36(sp)
    431a:	6145                	addi	sp,sp,48
    431c:	8082                	ret

0000431e <rt_sem_release>:
    431e:	1101                	addi	sp,sp,-32
    4320:	ce06                	sw	ra,28(sp)
    4322:	cc22                	sw	s0,24(sp)
    4324:	ca26                	sw	s1,20(sp)
    4326:	c84a                	sw	s2,16(sp)
    4328:	1000                	addi	s0,sp,32
    432a:	fea42623          	sw	a0,-20(s0)
    432e:	8741a783          	lw	a5,-1932(gp) # 20000164 <rt_object_put_hook>
    4332:	c799                	beqz	a5,4340 <rt_sem_release+0x22>
    4334:	8741a703          	lw	a4,-1932(gp) # 20000164 <rt_object_put_hook>
    4338:	fec42783          	lw	a5,-20(s0)
    433c:	853e                	mv	a0,a5
    433e:	9702                	jalr	a4
    4340:	4481                	li	s1,0
    4342:	554030ef          	jal	ra,7896 <rt_hw_interrupt_disable>
    4346:	892a                	mv	s2,a0
    4348:	fec42783          	lw	a5,-20(s0)
    434c:	07f1                	addi	a5,a5,28
    434e:	853e                	mv	a0,a5
    4350:	d4fff0ef          	jal	ra,409e <rt_list_isempty>
    4354:	87aa                	mv	a5,a0
    4356:	eb89                	bnez	a5,4368 <rt_sem_release+0x4a>
    4358:	fec42783          	lw	a5,-20(s0)
    435c:	07f1                	addi	a5,a5,28
    435e:	853e                	mv	a0,a5
    4360:	e4bff0ef          	jal	ra,41aa <rt_ipc_list_resume>
    4364:	4485                	li	s1,1
    4366:	a819                	j	437c <rt_sem_release+0x5e>
    4368:	fec42783          	lw	a5,-20(s0)
    436c:	33de                	lhu	a5,36(a5)
    436e:	0785                	addi	a5,a5,1
    4370:	01079713          	slli	a4,a5,0x10
    4374:	8341                	srli	a4,a4,0x10
    4376:	fec42783          	lw	a5,-20(s0)
    437a:	b3da                	sh	a4,36(a5)
    437c:	854a                	mv	a0,s2
    437e:	53c030ef          	jal	ra,78ba <rt_hw_interrupt_enable>
    4382:	4785                	li	a5,1
    4384:	00f49463          	bne	s1,a5,438c <rt_sem_release+0x6e>
    4388:	40c020ef          	jal	ra,6794 <rt_schedule>
    438c:	4781                	li	a5,0
    438e:	853e                	mv	a0,a5
    4390:	40f2                	lw	ra,28(sp)
    4392:	4462                	lw	s0,24(sp)
    4394:	44d2                	lw	s1,20(sp)
    4396:	4942                	lw	s2,16(sp)
    4398:	6105                	addi	sp,sp,32
    439a:	8082                	ret

0000439c <rt_mutex_create>:
    439c:	7179                	addi	sp,sp,-48
    439e:	d606                	sw	ra,44(sp)
    43a0:	d422                	sw	s0,40(sp)
    43a2:	1800                	addi	s0,sp,48
    43a4:	fca42e23          	sw	a0,-36(s0)
    43a8:	87ae                	mv	a5,a1
    43aa:	fcf40da3          	sb	a5,-37(s0)
    43ae:	fdc42583          	lw	a1,-36(s0)
    43b2:	450d                	li	a0,3
    43b4:	154020ef          	jal	ra,6508 <rt_object_allocate>
    43b8:	fea42623          	sw	a0,-20(s0)
    43bc:	fec42783          	lw	a5,-20(s0)
    43c0:	e781                	bnez	a5,43c8 <rt_mutex_create+0x2c>
    43c2:	fec42783          	lw	a5,-20(s0)
    43c6:	a835                	j	4402 <rt_mutex_create+0x66>
    43c8:	fec42783          	lw	a5,-20(s0)
    43cc:	853e                	mv	a0,a5
    43ce:	cf9ff0ef          	jal	ra,40c6 <rt_ipc_object_init>
    43d2:	fec42783          	lw	a5,-20(s0)
    43d6:	4705                	li	a4,1
    43d8:	b3da                	sh	a4,36(a5)
    43da:	fec42783          	lw	a5,-20(s0)
    43de:	0207a423          	sw	zero,40(a5)
    43e2:	fec42783          	lw	a5,-20(s0)
    43e6:	577d                	li	a4,-1
    43e8:	02e78323          	sb	a4,38(a5)
    43ec:	fec42783          	lw	a5,-20(s0)
    43f0:	020783a3          	sb	zero,39(a5)
    43f4:	fec42783          	lw	a5,-20(s0)
    43f8:	fdb44703          	lbu	a4,-37(s0)
    43fc:	bb98                	sb	a4,17(a5)
    43fe:	fec42783          	lw	a5,-20(s0)
    4402:	853e                	mv	a0,a5
    4404:	50b2                	lw	ra,44(sp)
    4406:	5422                	lw	s0,40(sp)
    4408:	6145                	addi	sp,sp,48
    440a:	8082                	ret

0000440c <rt_mutex_take>:
    440c:	7179                	addi	sp,sp,-48
    440e:	d606                	sw	ra,44(sp)
    4410:	d422                	sw	s0,40(sp)
    4412:	d226                	sw	s1,36(sp)
    4414:	1800                	addi	s0,sp,48
    4416:	fca42e23          	sw	a0,-36(s0)
    441a:	fcb42c23          	sw	a1,-40(s0)
    441e:	0b9020ef          	jal	ra,6cd6 <rt_thread_self>
    4422:	fea42623          	sw	a0,-20(s0)
    4426:	470030ef          	jal	ra,7896 <rt_hw_interrupt_disable>
    442a:	84aa                	mv	s1,a0
    442c:	86c1a783          	lw	a5,-1940(gp) # 2000015c <rt_object_trytake_hook>
    4430:	c799                	beqz	a5,443e <rt_mutex_take+0x32>
    4432:	86c1a703          	lw	a4,-1940(gp) # 2000015c <rt_object_trytake_hook>
    4436:	fdc42783          	lw	a5,-36(s0)
    443a:	853e                	mv	a0,a5
    443c:	9702                	jalr	a4
    443e:	fec42783          	lw	a5,-20(s0)
    4442:	0207ac23          	sw	zero,56(a5)
    4446:	fdc42783          	lw	a5,-36(s0)
    444a:	579c                	lw	a5,40(a5)
    444c:	fec42703          	lw	a4,-20(s0)
    4450:	00f71e63          	bne	a4,a5,446c <rt_mutex_take+0x60>
    4454:	fdc42783          	lw	a5,-36(s0)
    4458:	0277c783          	lbu	a5,39(a5)
    445c:	0785                	addi	a5,a5,1
    445e:	0ff7f713          	andi	a4,a5,255
    4462:	fdc42783          	lw	a5,-36(s0)
    4466:	02e783a3          	sb	a4,39(a5)
    446a:	a231                	j	4576 <rt_mutex_take+0x16a>
    446c:	0001                	nop
    446e:	fdc42783          	lw	a5,-36(s0)
    4472:	33de                	lhu	a5,36(a5)
    4474:	c7a1                	beqz	a5,44bc <rt_mutex_take+0xb0>
    4476:	fdc42783          	lw	a5,-36(s0)
    447a:	33de                	lhu	a5,36(a5)
    447c:	17fd                	addi	a5,a5,-1
    447e:	01079713          	slli	a4,a5,0x10
    4482:	8341                	srli	a4,a4,0x10
    4484:	fdc42783          	lw	a5,-36(s0)
    4488:	b3da                	sh	a4,36(a5)
    448a:	fdc42783          	lw	a5,-36(s0)
    448e:	fec42703          	lw	a4,-20(s0)
    4492:	d798                	sw	a4,40(a5)
    4494:	fec42783          	lw	a5,-20(s0)
    4498:	03d7c703          	lbu	a4,61(a5)
    449c:	fdc42783          	lw	a5,-36(s0)
    44a0:	02e78323          	sb	a4,38(a5)
    44a4:	fdc42783          	lw	a5,-36(s0)
    44a8:	0277c783          	lbu	a5,39(a5)
    44ac:	0785                	addi	a5,a5,1
    44ae:	0ff7f713          	andi	a4,a5,255
    44b2:	fdc42783          	lw	a5,-36(s0)
    44b6:	02e783a3          	sb	a4,39(a5)
    44ba:	a875                	j	4576 <rt_mutex_take+0x16a>
    44bc:	fd842783          	lw	a5,-40(s0)
    44c0:	eb91                	bnez	a5,44d4 <rt_mutex_take+0xc8>
    44c2:	fec42783          	lw	a5,-20(s0)
    44c6:	5779                	li	a4,-2
    44c8:	df98                	sw	a4,56(a5)
    44ca:	8526                	mv	a0,s1
    44cc:	3ee030ef          	jal	ra,78ba <rt_hw_interrupt_enable>
    44d0:	57f9                	li	a5,-2
    44d2:	a87d                	j	4590 <rt_mutex_take+0x184>
    44d4:	fec42783          	lw	a5,-20(s0)
    44d8:	03d7c703          	lbu	a4,61(a5)
    44dc:	fdc42783          	lw	a5,-36(s0)
    44e0:	579c                	lw	a5,40(a5)
    44e2:	03d7c783          	lbu	a5,61(a5)
    44e6:	00f77e63          	bgeu	a4,a5,4502 <rt_mutex_take+0xf6>
    44ea:	fdc42783          	lw	a5,-36(s0)
    44ee:	5798                	lw	a4,40(a5)
    44f0:	fec42783          	lw	a5,-20(s0)
    44f4:	03d78793          	addi	a5,a5,61
    44f8:	863e                	mv	a2,a5
    44fa:	4589                	li	a1,2
    44fc:	853a                	mv	a0,a4
    44fe:	259020ef          	jal	ra,6f56 <rt_thread_control>
    4502:	fdc42783          	lw	a5,-36(s0)
    4506:	01c78713          	addi	a4,a5,28
    450a:	fdc42783          	lw	a5,-36(s0)
    450e:	3b9c                	lbu	a5,17(a5)
    4510:	863e                	mv	a2,a5
    4512:	fec42583          	lw	a1,-20(s0)
    4516:	853a                	mv	a0,a4
    4518:	bd3ff0ef          	jal	ra,40ea <rt_ipc_list_suspend>
    451c:	fd842783          	lw	a5,-40(s0)
    4520:	02f05463          	blez	a5,4548 <rt_mutex_take+0x13c>
    4524:	fec42783          	lw	a5,-20(s0)
    4528:	05478793          	addi	a5,a5,84
    452c:	fd840713          	addi	a4,s0,-40
    4530:	863a                	mv	a2,a4
    4532:	4581                	li	a1,0
    4534:	853e                	mv	a0,a5
    4536:	0be030ef          	jal	ra,75f4 <rt_timer_control>
    453a:	fec42783          	lw	a5,-20(s0)
    453e:	05478793          	addi	a5,a5,84
    4542:	853e                	mv	a0,a5
    4544:	655020ef          	jal	ra,7398 <rt_timer_start>
    4548:	8526                	mv	a0,s1
    454a:	370030ef          	jal	ra,78ba <rt_hw_interrupt_enable>
    454e:	246020ef          	jal	ra,6794 <rt_schedule>
    4552:	fec42783          	lw	a5,-20(s0)
    4556:	5f9c                	lw	a5,56(a5)
    4558:	cf81                	beqz	a5,4570 <rt_mutex_take+0x164>
    455a:	fec42783          	lw	a5,-20(s0)
    455e:	5f98                	lw	a4,56(a5)
    4560:	57dd                	li	a5,-9
    4562:	00f71363          	bne	a4,a5,4568 <rt_mutex_take+0x15c>
    4566:	b721                	j	446e <rt_mutex_take+0x62>
    4568:	fec42783          	lw	a5,-20(s0)
    456c:	5f9c                	lw	a5,56(a5)
    456e:	a00d                	j	4590 <rt_mutex_take+0x184>
    4570:	326030ef          	jal	ra,7896 <rt_hw_interrupt_disable>
    4574:	84aa                	mv	s1,a0
    4576:	8526                	mv	a0,s1
    4578:	342030ef          	jal	ra,78ba <rt_hw_interrupt_enable>
    457c:	8701a783          	lw	a5,-1936(gp) # 20000160 <rt_object_take_hook>
    4580:	c799                	beqz	a5,458e <rt_mutex_take+0x182>
    4582:	8701a703          	lw	a4,-1936(gp) # 20000160 <rt_object_take_hook>
    4586:	fdc42783          	lw	a5,-36(s0)
    458a:	853e                	mv	a0,a5
    458c:	9702                	jalr	a4
    458e:	4781                	li	a5,0
    4590:	853e                	mv	a0,a5
    4592:	50b2                	lw	ra,44(sp)
    4594:	5422                	lw	s0,40(sp)
    4596:	5492                	lw	s1,36(sp)
    4598:	6145                	addi	sp,sp,48
    459a:	8082                	ret

0000459c <rt_mutex_release>:
    459c:	7179                	addi	sp,sp,-48
    459e:	d606                	sw	ra,44(sp)
    45a0:	d422                	sw	s0,40(sp)
    45a2:	d226                	sw	s1,36(sp)
    45a4:	1800                	addi	s0,sp,48
    45a6:	fca42e23          	sw	a0,-36(s0)
    45aa:	fe042623          	sw	zero,-20(s0)
    45ae:	728020ef          	jal	ra,6cd6 <rt_thread_self>
    45b2:	fea42423          	sw	a0,-24(s0)
    45b6:	2e0030ef          	jal	ra,7896 <rt_hw_interrupt_disable>
    45ba:	84aa                	mv	s1,a0
    45bc:	8741a783          	lw	a5,-1932(gp) # 20000164 <rt_object_put_hook>
    45c0:	c799                	beqz	a5,45ce <rt_mutex_release+0x32>
    45c2:	8741a703          	lw	a4,-1932(gp) # 20000164 <rt_object_put_hook>
    45c6:	fdc42783          	lw	a5,-36(s0)
    45ca:	853e                	mv	a0,a5
    45cc:	9702                	jalr	a4
    45ce:	fdc42783          	lw	a5,-36(s0)
    45d2:	579c                	lw	a5,40(a5)
    45d4:	fe842703          	lw	a4,-24(s0)
    45d8:	00f70b63          	beq	a4,a5,45ee <rt_mutex_release+0x52>
    45dc:	fe842783          	lw	a5,-24(s0)
    45e0:	577d                	li	a4,-1
    45e2:	df98                	sw	a4,56(a5)
    45e4:	8526                	mv	a0,s1
    45e6:	2d4030ef          	jal	ra,78ba <rt_hw_interrupt_enable>
    45ea:	57fd                	li	a5,-1
    45ec:	a0f5                	j	46d8 <rt_mutex_release+0x13c>
    45ee:	fdc42783          	lw	a5,-36(s0)
    45f2:	0277c783          	lbu	a5,39(a5)
    45f6:	17fd                	addi	a5,a5,-1
    45f8:	0ff7f713          	andi	a4,a5,255
    45fc:	fdc42783          	lw	a5,-36(s0)
    4600:	02e783a3          	sb	a4,39(a5)
    4604:	fdc42783          	lw	a5,-36(s0)
    4608:	0277c783          	lbu	a5,39(a5)
    460c:	ebdd                	bnez	a5,46c2 <rt_mutex_release+0x126>
    460e:	fdc42783          	lw	a5,-36(s0)
    4612:	0267c703          	lbu	a4,38(a5)
    4616:	fdc42783          	lw	a5,-36(s0)
    461a:	579c                	lw	a5,40(a5)
    461c:	03d7c783          	lbu	a5,61(a5)
    4620:	00f70e63          	beq	a4,a5,463c <rt_mutex_release+0xa0>
    4624:	fdc42783          	lw	a5,-36(s0)
    4628:	5798                	lw	a4,40(a5)
    462a:	fdc42783          	lw	a5,-36(s0)
    462e:	02678793          	addi	a5,a5,38
    4632:	863e                	mv	a2,a5
    4634:	4589                	li	a1,2
    4636:	853a                	mv	a0,a4
    4638:	11f020ef          	jal	ra,6f56 <rt_thread_control>
    463c:	fdc42783          	lw	a5,-36(s0)
    4640:	07f1                	addi	a5,a5,28
    4642:	853e                	mv	a0,a5
    4644:	a5bff0ef          	jal	ra,409e <rt_list_isempty>
    4648:	87aa                	mv	a5,a0
    464a:	eba9                	bnez	a5,469c <rt_mutex_release+0x100>
    464c:	fdc42783          	lw	a5,-36(s0)
    4650:	4fdc                	lw	a5,28(a5)
    4652:	1791                	addi	a5,a5,-28
    4654:	fef42423          	sw	a5,-24(s0)
    4658:	fdc42783          	lw	a5,-36(s0)
    465c:	fe842703          	lw	a4,-24(s0)
    4660:	d798                	sw	a4,40(a5)
    4662:	fe842783          	lw	a5,-24(s0)
    4666:	03d7c703          	lbu	a4,61(a5)
    466a:	fdc42783          	lw	a5,-36(s0)
    466e:	02e78323          	sb	a4,38(a5)
    4672:	fdc42783          	lw	a5,-36(s0)
    4676:	0277c783          	lbu	a5,39(a5)
    467a:	0785                	addi	a5,a5,1
    467c:	0ff7f713          	andi	a4,a5,255
    4680:	fdc42783          	lw	a5,-36(s0)
    4684:	02e783a3          	sb	a4,39(a5)
    4688:	fdc42783          	lw	a5,-36(s0)
    468c:	07f1                	addi	a5,a5,28
    468e:	853e                	mv	a0,a5
    4690:	b1bff0ef          	jal	ra,41aa <rt_ipc_list_resume>
    4694:	4785                	li	a5,1
    4696:	fef42623          	sw	a5,-20(s0)
    469a:	a025                	j	46c2 <rt_mutex_release+0x126>
    469c:	fdc42783          	lw	a5,-36(s0)
    46a0:	33de                	lhu	a5,36(a5)
    46a2:	0785                	addi	a5,a5,1
    46a4:	01079713          	slli	a4,a5,0x10
    46a8:	8341                	srli	a4,a4,0x10
    46aa:	fdc42783          	lw	a5,-36(s0)
    46ae:	b3da                	sh	a4,36(a5)
    46b0:	fdc42783          	lw	a5,-36(s0)
    46b4:	0207a423          	sw	zero,40(a5)
    46b8:	fdc42783          	lw	a5,-36(s0)
    46bc:	577d                	li	a4,-1
    46be:	02e78323          	sb	a4,38(a5)
    46c2:	8526                	mv	a0,s1
    46c4:	1f6030ef          	jal	ra,78ba <rt_hw_interrupt_enable>
    46c8:	fec42703          	lw	a4,-20(s0)
    46cc:	4785                	li	a5,1
    46ce:	00f71463          	bne	a4,a5,46d6 <rt_mutex_release+0x13a>
    46d2:	0c2020ef          	jal	ra,6794 <rt_schedule>
    46d6:	4781                	li	a5,0
    46d8:	853e                	mv	a0,a5
    46da:	50b2                	lw	ra,44(sp)
    46dc:	5422                	lw	s0,40(sp)
    46de:	5492                	lw	s1,36(sp)
    46e0:	6145                	addi	sp,sp,48
    46e2:	8082                	ret

000046e4 <rt_event_create>:
    46e4:	7179                	addi	sp,sp,-48
    46e6:	d606                	sw	ra,44(sp)
    46e8:	d422                	sw	s0,40(sp)
    46ea:	1800                	addi	s0,sp,48
    46ec:	fca42e23          	sw	a0,-36(s0)
    46f0:	87ae                	mv	a5,a1
    46f2:	fcf40da3          	sb	a5,-37(s0)
    46f6:	fdc42583          	lw	a1,-36(s0)
    46fa:	4511                	li	a0,4
    46fc:	60d010ef          	jal	ra,6508 <rt_object_allocate>
    4700:	fea42623          	sw	a0,-20(s0)
    4704:	fec42783          	lw	a5,-20(s0)
    4708:	e781                	bnez	a5,4710 <rt_event_create+0x2c>
    470a:	fec42783          	lw	a5,-20(s0)
    470e:	a00d                	j	4730 <rt_event_create+0x4c>
    4710:	fec42783          	lw	a5,-20(s0)
    4714:	fdb44703          	lbu	a4,-37(s0)
    4718:	bb98                	sb	a4,17(a5)
    471a:	fec42783          	lw	a5,-20(s0)
    471e:	853e                	mv	a0,a5
    4720:	9a7ff0ef          	jal	ra,40c6 <rt_ipc_object_init>
    4724:	fec42783          	lw	a5,-20(s0)
    4728:	0207a223          	sw	zero,36(a5)
    472c:	fec42783          	lw	a5,-20(s0)
    4730:	853e                	mv	a0,a5
    4732:	50b2                	lw	ra,44(sp)
    4734:	5422                	lw	s0,40(sp)
    4736:	6145                	addi	sp,sp,48
    4738:	8082                	ret

0000473a <rt_event_send>:
    473a:	7179                	addi	sp,sp,-48
    473c:	d606                	sw	ra,44(sp)
    473e:	d422                	sw	s0,40(sp)
    4740:	d226                	sw	s1,36(sp)
    4742:	1800                	addi	s0,sp,48
    4744:	fca42e23          	sw	a0,-36(s0)
    4748:	fcb42c23          	sw	a1,-40(s0)
    474c:	fd842783          	lw	a5,-40(s0)
    4750:	e399                	bnez	a5,4756 <rt_event_send+0x1c>
    4752:	57fd                	li	a5,-1
    4754:	aa29                	j	486e <rt_event_send+0x134>
    4756:	fe042423          	sw	zero,-24(s0)
    475a:	13c030ef          	jal	ra,7896 <rt_hw_interrupt_disable>
    475e:	87aa                	mv	a5,a0
    4760:	84be                	mv	s1,a5
    4762:	fdc42783          	lw	a5,-36(s0)
    4766:	53d8                	lw	a4,36(a5)
    4768:	fd842783          	lw	a5,-40(s0)
    476c:	8f5d                	or	a4,a4,a5
    476e:	fdc42783          	lw	a5,-36(s0)
    4772:	d3d8                	sw	a4,36(a5)
    4774:	8741a783          	lw	a5,-1932(gp) # 20000164 <rt_object_put_hook>
    4778:	c799                	beqz	a5,4786 <rt_event_send+0x4c>
    477a:	8741a703          	lw	a4,-1932(gp) # 20000164 <rt_object_put_hook>
    477e:	fdc42783          	lw	a5,-36(s0)
    4782:	853e                	mv	a0,a5
    4784:	9702                	jalr	a4
    4786:	fdc42783          	lw	a5,-36(s0)
    478a:	07f1                	addi	a5,a5,28
    478c:	853e                	mv	a0,a5
    478e:	911ff0ef          	jal	ra,409e <rt_list_isempty>
    4792:	87aa                	mv	a5,a0
    4794:	e3e9                	bnez	a5,4856 <rt_event_send+0x11c>
    4796:	fdc42783          	lw	a5,-36(s0)
    479a:	4fdc                	lw	a5,28(a5)
    479c:	fef42623          	sw	a5,-20(s0)
    47a0:	a065                	j	4848 <rt_event_send+0x10e>
    47a2:	fec42783          	lw	a5,-20(s0)
    47a6:	1791                	addi	a5,a5,-28
    47a8:	fef42223          	sw	a5,-28(s0)
    47ac:	50fd                	li	ra,-1
    47ae:	fe442783          	lw	a5,-28(s0)
    47b2:	0487c783          	lbu	a5,72(a5)
    47b6:	8b85                	andi	a5,a5,1
    47b8:	cf99                	beqz	a5,47d6 <rt_event_send+0x9c>
    47ba:	fe442783          	lw	a5,-28(s0)
    47be:	43f8                	lw	a4,68(a5)
    47c0:	fdc42783          	lw	a5,-36(s0)
    47c4:	53dc                	lw	a5,36(a5)
    47c6:	8f7d                	and	a4,a4,a5
    47c8:	fe442783          	lw	a5,-28(s0)
    47cc:	43fc                	lw	a5,68(a5)
    47ce:	02f71d63          	bne	a4,a5,4808 <rt_event_send+0xce>
    47d2:	4081                	li	ra,0
    47d4:	a815                	j	4808 <rt_event_send+0xce>
    47d6:	fe442783          	lw	a5,-28(s0)
    47da:	0487c783          	lbu	a5,72(a5)
    47de:	8b89                	andi	a5,a5,2
    47e0:	c785                	beqz	a5,4808 <rt_event_send+0xce>
    47e2:	fe442783          	lw	a5,-28(s0)
    47e6:	43f8                	lw	a4,68(a5)
    47e8:	fdc42783          	lw	a5,-36(s0)
    47ec:	53dc                	lw	a5,36(a5)
    47ee:	8ff9                	and	a5,a5,a4
    47f0:	cf81                	beqz	a5,4808 <rt_event_send+0xce>
    47f2:	fe442783          	lw	a5,-28(s0)
    47f6:	43f8                	lw	a4,68(a5)
    47f8:	fdc42783          	lw	a5,-36(s0)
    47fc:	53dc                	lw	a5,36(a5)
    47fe:	8f7d                	and	a4,a4,a5
    4800:	fe442783          	lw	a5,-28(s0)
    4804:	c3f8                	sw	a4,68(a5)
    4806:	4081                	li	ra,0
    4808:	fec42783          	lw	a5,-20(s0)
    480c:	439c                	lw	a5,0(a5)
    480e:	fef42623          	sw	a5,-20(s0)
    4812:	02009b63          	bnez	ra,4848 <rt_event_send+0x10e>
    4816:	fe442783          	lw	a5,-28(s0)
    481a:	0487c783          	lbu	a5,72(a5)
    481e:	8b91                	andi	a5,a5,4
    4820:	cf89                	beqz	a5,483a <rt_event_send+0x100>
    4822:	fdc42783          	lw	a5,-36(s0)
    4826:	53d8                	lw	a4,36(a5)
    4828:	fe442783          	lw	a5,-28(s0)
    482c:	43fc                	lw	a5,68(a5)
    482e:	fff7c793          	not	a5,a5
    4832:	8f7d                	and	a4,a4,a5
    4834:	fdc42783          	lw	a5,-36(s0)
    4838:	d3d8                	sw	a4,36(a5)
    483a:	fe442503          	lw	a0,-28(s0)
    483e:	077020ef          	jal	ra,70b4 <rt_thread_resume>
    4842:	4785                	li	a5,1
    4844:	fef42423          	sw	a5,-24(s0)
    4848:	fdc42783          	lw	a5,-36(s0)
    484c:	07f1                	addi	a5,a5,28
    484e:	fec42703          	lw	a4,-20(s0)
    4852:	f4f718e3          	bne	a4,a5,47a2 <rt_event_send+0x68>
    4856:	87a6                	mv	a5,s1
    4858:	853e                	mv	a0,a5
    485a:	060030ef          	jal	ra,78ba <rt_hw_interrupt_enable>
    485e:	fe842703          	lw	a4,-24(s0)
    4862:	4785                	li	a5,1
    4864:	00f71463          	bne	a4,a5,486c <rt_event_send+0x132>
    4868:	72d010ef          	jal	ra,6794 <rt_schedule>
    486c:	4781                	li	a5,0
    486e:	853e                	mv	a0,a5
    4870:	50b2                	lw	ra,44(sp)
    4872:	5422                	lw	s0,40(sp)
    4874:	5492                	lw	s1,36(sp)
    4876:	6145                	addi	sp,sp,48
    4878:	8082                	ret

0000487a <rt_event_recv>:
    487a:	7139                	addi	sp,sp,-64
    487c:	de06                	sw	ra,60(sp)
    487e:	dc22                	sw	s0,56(sp)
    4880:	da26                	sw	s1,52(sp)
    4882:	d84a                	sw	s2,48(sp)
    4884:	0080                	addi	s0,sp,64
    4886:	fca42e23          	sw	a0,-36(s0)
    488a:	fcb42c23          	sw	a1,-40(s0)
    488e:	87b2                	mv	a5,a2
    4890:	fcd42823          	sw	a3,-48(s0)
    4894:	fce42623          	sw	a4,-52(s0)
    4898:	fcf40ba3          	sb	a5,-41(s0)
    489c:	fd842783          	lw	a5,-40(s0)
    48a0:	e399                	bnez	a5,48a6 <rt_event_recv+0x2c>
    48a2:	57fd                	li	a5,-1
    48a4:	a28d                	j	4a06 <rt_event_recv+0x18c>
    48a6:	54fd                	li	s1,-1
    48a8:	42e020ef          	jal	ra,6cd6 <rt_thread_self>
    48ac:	fea42623          	sw	a0,-20(s0)
    48b0:	fec42783          	lw	a5,-20(s0)
    48b4:	0207ac23          	sw	zero,56(a5)
    48b8:	86c1a783          	lw	a5,-1940(gp) # 2000015c <rt_object_trytake_hook>
    48bc:	c799                	beqz	a5,48ca <rt_event_recv+0x50>
    48be:	86c1a703          	lw	a4,-1940(gp) # 2000015c <rt_object_trytake_hook>
    48c2:	fdc42783          	lw	a5,-36(s0)
    48c6:	853e                	mv	a0,a5
    48c8:	9702                	jalr	a4
    48ca:	7cd020ef          	jal	ra,7896 <rt_hw_interrupt_disable>
    48ce:	87aa                	mv	a5,a0
    48d0:	893e                	mv	s2,a5
    48d2:	fd744783          	lbu	a5,-41(s0)
    48d6:	8b85                	andi	a5,a5,1
    48d8:	cf89                	beqz	a5,48f2 <rt_event_recv+0x78>
    48da:	fdc42783          	lw	a5,-36(s0)
    48de:	53d8                	lw	a4,36(a5)
    48e0:	fd842783          	lw	a5,-40(s0)
    48e4:	8ff9                	and	a5,a5,a4
    48e6:	fd842703          	lw	a4,-40(s0)
    48ea:	02f71063          	bne	a4,a5,490a <rt_event_recv+0x90>
    48ee:	4481                	li	s1,0
    48f0:	a829                	j	490a <rt_event_recv+0x90>
    48f2:	fd744783          	lbu	a5,-41(s0)
    48f6:	8b89                	andi	a5,a5,2
    48f8:	cb89                	beqz	a5,490a <rt_event_recv+0x90>
    48fa:	fdc42783          	lw	a5,-36(s0)
    48fe:	53d8                	lw	a4,36(a5)
    4900:	fd842783          	lw	a5,-40(s0)
    4904:	8ff9                	and	a5,a5,a4
    4906:	c391                	beqz	a5,490a <rt_event_recv+0x90>
    4908:	4481                	li	s1,0
    490a:	ec8d                	bnez	s1,4944 <rt_event_recv+0xca>
    490c:	fcc42783          	lw	a5,-52(s0)
    4910:	cb91                	beqz	a5,4924 <rt_event_recv+0xaa>
    4912:	fdc42783          	lw	a5,-36(s0)
    4916:	53d8                	lw	a4,36(a5)
    4918:	fd842783          	lw	a5,-40(s0)
    491c:	8f7d                	and	a4,a4,a5
    491e:	fcc42783          	lw	a5,-52(s0)
    4922:	c398                	sw	a4,0(a5)
    4924:	fd744783          	lbu	a5,-41(s0)
    4928:	8b91                	andi	a5,a5,4
    492a:	cfd5                	beqz	a5,49e6 <rt_event_recv+0x16c>
    492c:	fdc42783          	lw	a5,-36(s0)
    4930:	53d8                	lw	a4,36(a5)
    4932:	fd842783          	lw	a5,-40(s0)
    4936:	fff7c793          	not	a5,a5
    493a:	8f7d                	and	a4,a4,a5
    493c:	fdc42783          	lw	a5,-36(s0)
    4940:	d3d8                	sw	a4,36(a5)
    4942:	a055                	j	49e6 <rt_event_recv+0x16c>
    4944:	fd042783          	lw	a5,-48(s0)
    4948:	e791                	bnez	a5,4954 <rt_event_recv+0xda>
    494a:	fec42783          	lw	a5,-20(s0)
    494e:	5779                	li	a4,-2
    4950:	df98                	sw	a4,56(a5)
    4952:	a851                	j	49e6 <rt_event_recv+0x16c>
    4954:	fec42783          	lw	a5,-20(s0)
    4958:	fd842703          	lw	a4,-40(s0)
    495c:	c3f8                	sw	a4,68(a5)
    495e:	fec42783          	lw	a5,-20(s0)
    4962:	fd744703          	lbu	a4,-41(s0)
    4966:	04e78423          	sb	a4,72(a5)
    496a:	fdc42783          	lw	a5,-36(s0)
    496e:	01c78713          	addi	a4,a5,28
    4972:	fdc42783          	lw	a5,-36(s0)
    4976:	3b9c                	lbu	a5,17(a5)
    4978:	863e                	mv	a2,a5
    497a:	fec42583          	lw	a1,-20(s0)
    497e:	853a                	mv	a0,a4
    4980:	f6aff0ef          	jal	ra,40ea <rt_ipc_list_suspend>
    4984:	fd042783          	lw	a5,-48(s0)
    4988:	02f05463          	blez	a5,49b0 <rt_event_recv+0x136>
    498c:	fec42783          	lw	a5,-20(s0)
    4990:	05478793          	addi	a5,a5,84
    4994:	fd040713          	addi	a4,s0,-48
    4998:	863a                	mv	a2,a4
    499a:	4581                	li	a1,0
    499c:	853e                	mv	a0,a5
    499e:	457020ef          	jal	ra,75f4 <rt_timer_control>
    49a2:	fec42783          	lw	a5,-20(s0)
    49a6:	05478793          	addi	a5,a5,84
    49aa:	853e                	mv	a0,a5
    49ac:	1ed020ef          	jal	ra,7398 <rt_timer_start>
    49b0:	87ca                	mv	a5,s2
    49b2:	853e                	mv	a0,a5
    49b4:	707020ef          	jal	ra,78ba <rt_hw_interrupt_enable>
    49b8:	5dd010ef          	jal	ra,6794 <rt_schedule>
    49bc:	fec42783          	lw	a5,-20(s0)
    49c0:	5f9c                	lw	a5,56(a5)
    49c2:	c789                	beqz	a5,49cc <rt_event_recv+0x152>
    49c4:	fec42783          	lw	a5,-20(s0)
    49c8:	5f9c                	lw	a5,56(a5)
    49ca:	a835                	j	4a06 <rt_event_recv+0x18c>
    49cc:	6cb020ef          	jal	ra,7896 <rt_hw_interrupt_disable>
    49d0:	87aa                	mv	a5,a0
    49d2:	893e                	mv	s2,a5
    49d4:	fcc42783          	lw	a5,-52(s0)
    49d8:	c799                	beqz	a5,49e6 <rt_event_recv+0x16c>
    49da:	fec42783          	lw	a5,-20(s0)
    49de:	43f8                	lw	a4,68(a5)
    49e0:	fcc42783          	lw	a5,-52(s0)
    49e4:	c398                	sw	a4,0(a5)
    49e6:	87ca                	mv	a5,s2
    49e8:	853e                	mv	a0,a5
    49ea:	6d1020ef          	jal	ra,78ba <rt_hw_interrupt_enable>
    49ee:	8701a783          	lw	a5,-1936(gp) # 20000160 <rt_object_take_hook>
    49f2:	c799                	beqz	a5,4a00 <rt_event_recv+0x186>
    49f4:	8701a703          	lw	a4,-1936(gp) # 20000160 <rt_object_take_hook>
    49f8:	fdc42783          	lw	a5,-36(s0)
    49fc:	853e                	mv	a0,a5
    49fe:	9702                	jalr	a4
    4a00:	fec42783          	lw	a5,-20(s0)
    4a04:	5f9c                	lw	a5,56(a5)
    4a06:	853e                	mv	a0,a5
    4a08:	50f2                	lw	ra,60(sp)
    4a0a:	5462                	lw	s0,56(sp)
    4a0c:	54d2                	lw	s1,52(sp)
    4a0e:	5942                	lw	s2,48(sp)
    4a10:	6121                	addi	sp,sp,64
    4a12:	8082                	ret

00004a14 <rt_mb_create>:
    4a14:	7179                	addi	sp,sp,-48
    4a16:	d606                	sw	ra,44(sp)
    4a18:	d422                	sw	s0,40(sp)
    4a1a:	1800                	addi	s0,sp,48
    4a1c:	fca42e23          	sw	a0,-36(s0)
    4a20:	fcb42c23          	sw	a1,-40(s0)
    4a24:	87b2                	mv	a5,a2
    4a26:	fcf40ba3          	sb	a5,-41(s0)
    4a2a:	fdc42583          	lw	a1,-36(s0)
    4a2e:	4515                	li	a0,5
    4a30:	2d9010ef          	jal	ra,6508 <rt_object_allocate>
    4a34:	fea42623          	sw	a0,-20(s0)
    4a38:	fec42783          	lw	a5,-20(s0)
    4a3c:	e781                	bnez	a5,4a44 <rt_mb_create+0x30>
    4a3e:	fec42783          	lw	a5,-20(s0)
    4a42:	a8b5                	j	4abe <rt_mb_create+0xaa>
    4a44:	fec42783          	lw	a5,-20(s0)
    4a48:	fd744703          	lbu	a4,-41(s0)
    4a4c:	bb98                	sb	a4,17(a5)
    4a4e:	fec42783          	lw	a5,-20(s0)
    4a52:	853e                	mv	a0,a5
    4a54:	e72ff0ef          	jal	ra,40c6 <rt_ipc_object_init>
    4a58:	fd842783          	lw	a5,-40(s0)
    4a5c:	01079713          	slli	a4,a5,0x10
    4a60:	8341                	srli	a4,a4,0x10
    4a62:	fec42783          	lw	a5,-20(s0)
    4a66:	b79a                	sh	a4,40(a5)
    4a68:	fec42783          	lw	a5,-20(s0)
    4a6c:	379e                	lhu	a5,40(a5)
    4a6e:	078a                	slli	a5,a5,0x2
    4a70:	853e                	mv	a0,a5
    4a72:	4f8010ef          	jal	ra,5f6a <rt_malloc>
    4a76:	872a                	mv	a4,a0
    4a78:	fec42783          	lw	a5,-20(s0)
    4a7c:	d3d8                	sw	a4,36(a5)
    4a7e:	fec42783          	lw	a5,-20(s0)
    4a82:	53dc                	lw	a5,36(a5)
    4a84:	eb81                	bnez	a5,4a94 <rt_mb_create+0x80>
    4a86:	fec42783          	lw	a5,-20(s0)
    4a8a:	853e                	mv	a0,a5
    4a8c:	32f010ef          	jal	ra,65ba <rt_object_delete>
    4a90:	4781                	li	a5,0
    4a92:	a035                	j	4abe <rt_mb_create+0xaa>
    4a94:	fec42783          	lw	a5,-20(s0)
    4a98:	02079523          	sh	zero,42(a5)
    4a9c:	fec42783          	lw	a5,-20(s0)
    4aa0:	02079623          	sh	zero,44(a5)
    4aa4:	fec42783          	lw	a5,-20(s0)
    4aa8:	02079723          	sh	zero,46(a5)
    4aac:	fec42783          	lw	a5,-20(s0)
    4ab0:	03078793          	addi	a5,a5,48
    4ab4:	853e                	mv	a0,a5
    4ab6:	d7eff0ef          	jal	ra,4034 <rt_list_init>
    4aba:	fec42783          	lw	a5,-20(s0)
    4abe:	853e                	mv	a0,a5
    4ac0:	50b2                	lw	ra,44(sp)
    4ac2:	5422                	lw	s0,40(sp)
    4ac4:	6145                	addi	sp,sp,48
    4ac6:	8082                	ret

00004ac8 <rt_mb_send_wait>:
    4ac8:	7179                	addi	sp,sp,-48
    4aca:	d606                	sw	ra,44(sp)
    4acc:	d422                	sw	s0,40(sp)
    4ace:	d226                	sw	s1,36(sp)
    4ad0:	1800                	addi	s0,sp,48
    4ad2:	fca42e23          	sw	a0,-36(s0)
    4ad6:	fcb42c23          	sw	a1,-40(s0)
    4ada:	fcc42a23          	sw	a2,-44(s0)
    4ade:	fe042623          	sw	zero,-20(s0)
    4ae2:	1f4020ef          	jal	ra,6cd6 <rt_thread_self>
    4ae6:	fea42423          	sw	a0,-24(s0)
    4aea:	8741a783          	lw	a5,-1932(gp) # 20000164 <rt_object_put_hook>
    4aee:	c799                	beqz	a5,4afc <rt_mb_send_wait+0x34>
    4af0:	8741a703          	lw	a4,-1932(gp) # 20000164 <rt_object_put_hook>
    4af4:	fdc42783          	lw	a5,-36(s0)
    4af8:	853e                	mv	a0,a5
    4afa:	9702                	jalr	a4
    4afc:	59b020ef          	jal	ra,7896 <rt_hw_interrupt_disable>
    4b00:	87aa                	mv	a5,a0
    4b02:	84be                	mv	s1,a5
    4b04:	fdc42783          	lw	a5,-36(s0)
    4b08:	37ba                	lhu	a4,42(a5)
    4b0a:	fdc42783          	lw	a5,-36(s0)
    4b0e:	379e                	lhu	a5,40(a5)
    4b10:	0cf71d63          	bne	a4,a5,4bea <rt_mb_send_wait+0x122>
    4b14:	fd442783          	lw	a5,-44(s0)
    4b18:	ebe9                	bnez	a5,4bea <rt_mb_send_wait+0x122>
    4b1a:	87a6                	mv	a5,s1
    4b1c:	853e                	mv	a0,a5
    4b1e:	59d020ef          	jal	ra,78ba <rt_hw_interrupt_enable>
    4b22:	57f5                	li	a5,-3
    4b24:	a28d                	j	4c86 <rt_mb_send_wait+0x1be>
    4b26:	fe842783          	lw	a5,-24(s0)
    4b2a:	0207ac23          	sw	zero,56(a5)
    4b2e:	fd442783          	lw	a5,-44(s0)
    4b32:	e799                	bnez	a5,4b40 <rt_mb_send_wait+0x78>
    4b34:	87a6                	mv	a5,s1
    4b36:	853e                	mv	a0,a5
    4b38:	583020ef          	jal	ra,78ba <rt_hw_interrupt_enable>
    4b3c:	57f5                	li	a5,-3
    4b3e:	a2a1                	j	4c86 <rt_mb_send_wait+0x1be>
    4b40:	fdc42783          	lw	a5,-36(s0)
    4b44:	03078713          	addi	a4,a5,48
    4b48:	fdc42783          	lw	a5,-36(s0)
    4b4c:	3b9c                	lbu	a5,17(a5)
    4b4e:	863e                	mv	a2,a5
    4b50:	fe842583          	lw	a1,-24(s0)
    4b54:	853a                	mv	a0,a4
    4b56:	d94ff0ef          	jal	ra,40ea <rt_ipc_list_suspend>
    4b5a:	fd442783          	lw	a5,-44(s0)
    4b5e:	02f05863          	blez	a5,4b8e <rt_mb_send_wait+0xc6>
    4b62:	e67fe0ef          	jal	ra,39c8 <rt_tick_get>
    4b66:	fea42623          	sw	a0,-20(s0)
    4b6a:	fe842783          	lw	a5,-24(s0)
    4b6e:	05478793          	addi	a5,a5,84
    4b72:	fd440713          	addi	a4,s0,-44
    4b76:	863a                	mv	a2,a4
    4b78:	4581                	li	a1,0
    4b7a:	853e                	mv	a0,a5
    4b7c:	279020ef          	jal	ra,75f4 <rt_timer_control>
    4b80:	fe842783          	lw	a5,-24(s0)
    4b84:	05478793          	addi	a5,a5,84
    4b88:	853e                	mv	a0,a5
    4b8a:	00f020ef          	jal	ra,7398 <rt_timer_start>
    4b8e:	87a6                	mv	a5,s1
    4b90:	853e                	mv	a0,a5
    4b92:	529020ef          	jal	ra,78ba <rt_hw_interrupt_enable>
    4b96:	3ff010ef          	jal	ra,6794 <rt_schedule>
    4b9a:	fe842783          	lw	a5,-24(s0)
    4b9e:	5f9c                	lw	a5,56(a5)
    4ba0:	c789                	beqz	a5,4baa <rt_mb_send_wait+0xe2>
    4ba2:	fe842783          	lw	a5,-24(s0)
    4ba6:	5f9c                	lw	a5,56(a5)
    4ba8:	a8f9                	j	4c86 <rt_mb_send_wait+0x1be>
    4baa:	4ed020ef          	jal	ra,7896 <rt_hw_interrupt_disable>
    4bae:	87aa                	mv	a5,a0
    4bb0:	84be                	mv	s1,a5
    4bb2:	fd442783          	lw	a5,-44(s0)
    4bb6:	02f05a63          	blez	a5,4bea <rt_mb_send_wait+0x122>
    4bba:	e0ffe0ef          	jal	ra,39c8 <rt_tick_get>
    4bbe:	872a                	mv	a4,a0
    4bc0:	fec42783          	lw	a5,-20(s0)
    4bc4:	40f707b3          	sub	a5,a4,a5
    4bc8:	fef42623          	sw	a5,-20(s0)
    4bcc:	fd442783          	lw	a5,-44(s0)
    4bd0:	873e                	mv	a4,a5
    4bd2:	fec42783          	lw	a5,-20(s0)
    4bd6:	40f707b3          	sub	a5,a4,a5
    4bda:	fcf42a23          	sw	a5,-44(s0)
    4bde:	fd442783          	lw	a5,-44(s0)
    4be2:	0007d463          	bgez	a5,4bea <rt_mb_send_wait+0x122>
    4be6:	fc042a23          	sw	zero,-44(s0)
    4bea:	fdc42783          	lw	a5,-36(s0)
    4bee:	37ba                	lhu	a4,42(a5)
    4bf0:	fdc42783          	lw	a5,-36(s0)
    4bf4:	379e                	lhu	a5,40(a5)
    4bf6:	f2f708e3          	beq	a4,a5,4b26 <rt_mb_send_wait+0x5e>
    4bfa:	fdc42783          	lw	a5,-36(s0)
    4bfe:	53d8                	lw	a4,36(a5)
    4c00:	fdc42783          	lw	a5,-36(s0)
    4c04:	37de                	lhu	a5,44(a5)
    4c06:	078a                	slli	a5,a5,0x2
    4c08:	97ba                	add	a5,a5,a4
    4c0a:	fd842703          	lw	a4,-40(s0)
    4c0e:	c398                	sw	a4,0(a5)
    4c10:	fdc42783          	lw	a5,-36(s0)
    4c14:	37de                	lhu	a5,44(a5)
    4c16:	0785                	addi	a5,a5,1
    4c18:	01079713          	slli	a4,a5,0x10
    4c1c:	8341                	srli	a4,a4,0x10
    4c1e:	fdc42783          	lw	a5,-36(s0)
    4c22:	b7da                	sh	a4,44(a5)
    4c24:	fdc42783          	lw	a5,-36(s0)
    4c28:	37da                	lhu	a4,44(a5)
    4c2a:	fdc42783          	lw	a5,-36(s0)
    4c2e:	379e                	lhu	a5,40(a5)
    4c30:	00f76663          	bltu	a4,a5,4c3c <rt_mb_send_wait+0x174>
    4c34:	fdc42783          	lw	a5,-36(s0)
    4c38:	02079623          	sh	zero,44(a5)
    4c3c:	fdc42783          	lw	a5,-36(s0)
    4c40:	37be                	lhu	a5,42(a5)
    4c42:	0785                	addi	a5,a5,1
    4c44:	01079713          	slli	a4,a5,0x10
    4c48:	8341                	srli	a4,a4,0x10
    4c4a:	fdc42783          	lw	a5,-36(s0)
    4c4e:	b7ba                	sh	a4,42(a5)
    4c50:	fdc42783          	lw	a5,-36(s0)
    4c54:	07f1                	addi	a5,a5,28
    4c56:	853e                	mv	a0,a5
    4c58:	c46ff0ef          	jal	ra,409e <rt_list_isempty>
    4c5c:	87aa                	mv	a5,a0
    4c5e:	ef99                	bnez	a5,4c7c <rt_mb_send_wait+0x1b4>
    4c60:	fdc42783          	lw	a5,-36(s0)
    4c64:	07f1                	addi	a5,a5,28
    4c66:	853e                	mv	a0,a5
    4c68:	d42ff0ef          	jal	ra,41aa <rt_ipc_list_resume>
    4c6c:	87a6                	mv	a5,s1
    4c6e:	853e                	mv	a0,a5
    4c70:	44b020ef          	jal	ra,78ba <rt_hw_interrupt_enable>
    4c74:	321010ef          	jal	ra,6794 <rt_schedule>
    4c78:	4781                	li	a5,0
    4c7a:	a031                	j	4c86 <rt_mb_send_wait+0x1be>
    4c7c:	87a6                	mv	a5,s1
    4c7e:	853e                	mv	a0,a5
    4c80:	43b020ef          	jal	ra,78ba <rt_hw_interrupt_enable>
    4c84:	4781                	li	a5,0
    4c86:	853e                	mv	a0,a5
    4c88:	50b2                	lw	ra,44(sp)
    4c8a:	5422                	lw	s0,40(sp)
    4c8c:	5492                	lw	s1,36(sp)
    4c8e:	6145                	addi	sp,sp,48
    4c90:	8082                	ret

00004c92 <rt_mb_send>:
    4c92:	1101                	addi	sp,sp,-32
    4c94:	ce06                	sw	ra,28(sp)
    4c96:	cc22                	sw	s0,24(sp)
    4c98:	1000                	addi	s0,sp,32
    4c9a:	fea42623          	sw	a0,-20(s0)
    4c9e:	feb42423          	sw	a1,-24(s0)
    4ca2:	4601                	li	a2,0
    4ca4:	fe842583          	lw	a1,-24(s0)
    4ca8:	fec42503          	lw	a0,-20(s0)
    4cac:	e1dff0ef          	jal	ra,4ac8 <rt_mb_send_wait>
    4cb0:	87aa                	mv	a5,a0
    4cb2:	853e                	mv	a0,a5
    4cb4:	40f2                	lw	ra,28(sp)
    4cb6:	4462                	lw	s0,24(sp)
    4cb8:	6105                	addi	sp,sp,32
    4cba:	8082                	ret

00004cbc <rt_mb_recv>:
    4cbc:	7179                	addi	sp,sp,-48
    4cbe:	d606                	sw	ra,44(sp)
    4cc0:	d422                	sw	s0,40(sp)
    4cc2:	d226                	sw	s1,36(sp)
    4cc4:	1800                	addi	s0,sp,48
    4cc6:	fca42e23          	sw	a0,-36(s0)
    4cca:	fcb42c23          	sw	a1,-40(s0)
    4cce:	fcc42a23          	sw	a2,-44(s0)
    4cd2:	fe042623          	sw	zero,-20(s0)
    4cd6:	000020ef          	jal	ra,6cd6 <rt_thread_self>
    4cda:	fea42423          	sw	a0,-24(s0)
    4cde:	86c1a783          	lw	a5,-1940(gp) # 2000015c <rt_object_trytake_hook>
    4ce2:	c799                	beqz	a5,4cf0 <rt_mb_recv+0x34>
    4ce4:	86c1a703          	lw	a4,-1940(gp) # 2000015c <rt_object_trytake_hook>
    4ce8:	fdc42783          	lw	a5,-36(s0)
    4cec:	853e                	mv	a0,a5
    4cee:	9702                	jalr	a4
    4cf0:	3a7020ef          	jal	ra,7896 <rt_hw_interrupt_disable>
    4cf4:	87aa                	mv	a5,a0
    4cf6:	84be                	mv	s1,a5
    4cf8:	fdc42783          	lw	a5,-36(s0)
    4cfc:	37be                	lhu	a5,42(a5)
    4cfe:	0e079263          	bnez	a5,4de2 <rt_mb_recv+0x126>
    4d02:	fd442783          	lw	a5,-44(s0)
    4d06:	0c079e63          	bnez	a5,4de2 <rt_mb_recv+0x126>
    4d0a:	87a6                	mv	a5,s1
    4d0c:	853e                	mv	a0,a5
    4d0e:	3ad020ef          	jal	ra,78ba <rt_hw_interrupt_enable>
    4d12:	57f9                	li	a5,-2
    4d14:	a271                	j	4ea0 <rt_mb_recv+0x1e4>
    4d16:	fe842783          	lw	a5,-24(s0)
    4d1a:	0207ac23          	sw	zero,56(a5)
    4d1e:	fd442783          	lw	a5,-44(s0)
    4d22:	eb99                	bnez	a5,4d38 <rt_mb_recv+0x7c>
    4d24:	87a6                	mv	a5,s1
    4d26:	853e                	mv	a0,a5
    4d28:	393020ef          	jal	ra,78ba <rt_hw_interrupt_enable>
    4d2c:	fe842783          	lw	a5,-24(s0)
    4d30:	5779                	li	a4,-2
    4d32:	df98                	sw	a4,56(a5)
    4d34:	57f9                	li	a5,-2
    4d36:	a2ad                	j	4ea0 <rt_mb_recv+0x1e4>
    4d38:	fdc42783          	lw	a5,-36(s0)
    4d3c:	01c78713          	addi	a4,a5,28
    4d40:	fdc42783          	lw	a5,-36(s0)
    4d44:	3b9c                	lbu	a5,17(a5)
    4d46:	863e                	mv	a2,a5
    4d48:	fe842583          	lw	a1,-24(s0)
    4d4c:	853a                	mv	a0,a4
    4d4e:	b9cff0ef          	jal	ra,40ea <rt_ipc_list_suspend>
    4d52:	fd442783          	lw	a5,-44(s0)
    4d56:	02f05863          	blez	a5,4d86 <rt_mb_recv+0xca>
    4d5a:	c6ffe0ef          	jal	ra,39c8 <rt_tick_get>
    4d5e:	fea42623          	sw	a0,-20(s0)
    4d62:	fe842783          	lw	a5,-24(s0)
    4d66:	05478793          	addi	a5,a5,84
    4d6a:	fd440713          	addi	a4,s0,-44
    4d6e:	863a                	mv	a2,a4
    4d70:	4581                	li	a1,0
    4d72:	853e                	mv	a0,a5
    4d74:	081020ef          	jal	ra,75f4 <rt_timer_control>
    4d78:	fe842783          	lw	a5,-24(s0)
    4d7c:	05478793          	addi	a5,a5,84
    4d80:	853e                	mv	a0,a5
    4d82:	616020ef          	jal	ra,7398 <rt_timer_start>
    4d86:	87a6                	mv	a5,s1
    4d88:	853e                	mv	a0,a5
    4d8a:	331020ef          	jal	ra,78ba <rt_hw_interrupt_enable>
    4d8e:	207010ef          	jal	ra,6794 <rt_schedule>
    4d92:	fe842783          	lw	a5,-24(s0)
    4d96:	5f9c                	lw	a5,56(a5)
    4d98:	c789                	beqz	a5,4da2 <rt_mb_recv+0xe6>
    4d9a:	fe842783          	lw	a5,-24(s0)
    4d9e:	5f9c                	lw	a5,56(a5)
    4da0:	a201                	j	4ea0 <rt_mb_recv+0x1e4>
    4da2:	2f5020ef          	jal	ra,7896 <rt_hw_interrupt_disable>
    4da6:	87aa                	mv	a5,a0
    4da8:	84be                	mv	s1,a5
    4daa:	fd442783          	lw	a5,-44(s0)
    4dae:	02f05a63          	blez	a5,4de2 <rt_mb_recv+0x126>
    4db2:	c17fe0ef          	jal	ra,39c8 <rt_tick_get>
    4db6:	872a                	mv	a4,a0
    4db8:	fec42783          	lw	a5,-20(s0)
    4dbc:	40f707b3          	sub	a5,a4,a5
    4dc0:	fef42623          	sw	a5,-20(s0)
    4dc4:	fd442783          	lw	a5,-44(s0)
    4dc8:	873e                	mv	a4,a5
    4dca:	fec42783          	lw	a5,-20(s0)
    4dce:	40f707b3          	sub	a5,a4,a5
    4dd2:	fcf42a23          	sw	a5,-44(s0)
    4dd6:	fd442783          	lw	a5,-44(s0)
    4dda:	0007d463          	bgez	a5,4de2 <rt_mb_recv+0x126>
    4dde:	fc042a23          	sw	zero,-44(s0)
    4de2:	fdc42783          	lw	a5,-36(s0)
    4de6:	37be                	lhu	a5,42(a5)
    4de8:	d79d                	beqz	a5,4d16 <rt_mb_recv+0x5a>
    4dea:	fdc42783          	lw	a5,-36(s0)
    4dee:	53d8                	lw	a4,36(a5)
    4df0:	fdc42783          	lw	a5,-36(s0)
    4df4:	37fe                	lhu	a5,46(a5)
    4df6:	078a                	slli	a5,a5,0x2
    4df8:	97ba                	add	a5,a5,a4
    4dfa:	4398                	lw	a4,0(a5)
    4dfc:	fd842783          	lw	a5,-40(s0)
    4e00:	c398                	sw	a4,0(a5)
    4e02:	fdc42783          	lw	a5,-36(s0)
    4e06:	37fe                	lhu	a5,46(a5)
    4e08:	0785                	addi	a5,a5,1
    4e0a:	01079713          	slli	a4,a5,0x10
    4e0e:	8341                	srli	a4,a4,0x10
    4e10:	fdc42783          	lw	a5,-36(s0)
    4e14:	b7fa                	sh	a4,46(a5)
    4e16:	fdc42783          	lw	a5,-36(s0)
    4e1a:	37fa                	lhu	a4,46(a5)
    4e1c:	fdc42783          	lw	a5,-36(s0)
    4e20:	379e                	lhu	a5,40(a5)
    4e22:	00f76663          	bltu	a4,a5,4e2e <rt_mb_recv+0x172>
    4e26:	fdc42783          	lw	a5,-36(s0)
    4e2a:	02079723          	sh	zero,46(a5)
    4e2e:	fdc42783          	lw	a5,-36(s0)
    4e32:	37be                	lhu	a5,42(a5)
    4e34:	17fd                	addi	a5,a5,-1
    4e36:	01079713          	slli	a4,a5,0x10
    4e3a:	8341                	srli	a4,a4,0x10
    4e3c:	fdc42783          	lw	a5,-36(s0)
    4e40:	b7ba                	sh	a4,42(a5)
    4e42:	fdc42783          	lw	a5,-36(s0)
    4e46:	03078793          	addi	a5,a5,48
    4e4a:	853e                	mv	a0,a5
    4e4c:	a52ff0ef          	jal	ra,409e <rt_list_isempty>
    4e50:	87aa                	mv	a5,a0
    4e52:	eb8d                	bnez	a5,4e84 <rt_mb_recv+0x1c8>
    4e54:	fdc42783          	lw	a5,-36(s0)
    4e58:	03078793          	addi	a5,a5,48
    4e5c:	853e                	mv	a0,a5
    4e5e:	b4cff0ef          	jal	ra,41aa <rt_ipc_list_resume>
    4e62:	87a6                	mv	a5,s1
    4e64:	853e                	mv	a0,a5
    4e66:	255020ef          	jal	ra,78ba <rt_hw_interrupt_enable>
    4e6a:	8701a783          	lw	a5,-1936(gp) # 20000160 <rt_object_take_hook>
    4e6e:	c799                	beqz	a5,4e7c <rt_mb_recv+0x1c0>
    4e70:	8701a703          	lw	a4,-1936(gp) # 20000160 <rt_object_take_hook>
    4e74:	fdc42783          	lw	a5,-36(s0)
    4e78:	853e                	mv	a0,a5
    4e7a:	9702                	jalr	a4
    4e7c:	119010ef          	jal	ra,6794 <rt_schedule>
    4e80:	4781                	li	a5,0
    4e82:	a839                	j	4ea0 <rt_mb_recv+0x1e4>
    4e84:	87a6                	mv	a5,s1
    4e86:	853e                	mv	a0,a5
    4e88:	233020ef          	jal	ra,78ba <rt_hw_interrupt_enable>
    4e8c:	8701a783          	lw	a5,-1936(gp) # 20000160 <rt_object_take_hook>
    4e90:	c799                	beqz	a5,4e9e <rt_mb_recv+0x1e2>
    4e92:	8701a703          	lw	a4,-1936(gp) # 20000160 <rt_object_take_hook>
    4e96:	fdc42783          	lw	a5,-36(s0)
    4e9a:	853e                	mv	a0,a5
    4e9c:	9702                	jalr	a4
    4e9e:	4781                	li	a5,0
    4ea0:	853e                	mv	a0,a5
    4ea2:	50b2                	lw	ra,44(sp)
    4ea4:	5422                	lw	s0,40(sp)
    4ea6:	5492                	lw	s1,36(sp)
    4ea8:	6145                	addi	sp,sp,48
    4eaa:	8082                	ret

00004eac <rt_interrupt_enter>:
    4eac:	1101                	addi	sp,sp,-32
    4eae:	ce06                	sw	ra,28(sp)
    4eb0:	cc22                	sw	s0,24(sp)
    4eb2:	1000                	addi	s0,sp,32
    4eb4:	1e3020ef          	jal	ra,7896 <rt_hw_interrupt_disable>
    4eb8:	fea42623          	sw	a0,-20(s0)
    4ebc:	8381c783          	lbu	a5,-1992(gp) # 20000128 <rt_interrupt_nest>
    4ec0:	0ff7f793          	andi	a5,a5,255
    4ec4:	0785                	addi	a5,a5,1
    4ec6:	0ff7f713          	andi	a4,a5,255
    4eca:	82e18c23          	sb	a4,-1992(gp) # 20000128 <rt_interrupt_nest>
    4ece:	8301a783          	lw	a5,-2000(gp) # 20000120 <rt_interrupt_enter_hook>
    4ed2:	c781                	beqz	a5,4eda <rt_interrupt_enter+0x2e>
    4ed4:	8301a783          	lw	a5,-2000(gp) # 20000120 <rt_interrupt_enter_hook>
    4ed8:	9782                	jalr	a5
    4eda:	fec42503          	lw	a0,-20(s0)
    4ede:	1dd020ef          	jal	ra,78ba <rt_hw_interrupt_enable>
    4ee2:	0001                	nop
    4ee4:	40f2                	lw	ra,28(sp)
    4ee6:	4462                	lw	s0,24(sp)
    4ee8:	6105                	addi	sp,sp,32
    4eea:	8082                	ret

00004eec <rt_interrupt_leave>:
    4eec:	1101                	addi	sp,sp,-32
    4eee:	ce06                	sw	ra,28(sp)
    4ef0:	cc22                	sw	s0,24(sp)
    4ef2:	1000                	addi	s0,sp,32
    4ef4:	1a3020ef          	jal	ra,7896 <rt_hw_interrupt_disable>
    4ef8:	fea42623          	sw	a0,-20(s0)
    4efc:	8381c783          	lbu	a5,-1992(gp) # 20000128 <rt_interrupt_nest>
    4f00:	0ff7f793          	andi	a5,a5,255
    4f04:	17fd                	addi	a5,a5,-1
    4f06:	0ff7f713          	andi	a4,a5,255
    4f0a:	82e18c23          	sb	a4,-1992(gp) # 20000128 <rt_interrupt_nest>
    4f0e:	8341a783          	lw	a5,-1996(gp) # 20000124 <rt_interrupt_leave_hook>
    4f12:	c781                	beqz	a5,4f1a <rt_interrupt_leave+0x2e>
    4f14:	8341a783          	lw	a5,-1996(gp) # 20000124 <rt_interrupt_leave_hook>
    4f18:	9782                	jalr	a5
    4f1a:	fec42503          	lw	a0,-20(s0)
    4f1e:	19d020ef          	jal	ra,78ba <rt_hw_interrupt_enable>
    4f22:	0001                	nop
    4f24:	40f2                	lw	ra,28(sp)
    4f26:	4462                	lw	s0,24(sp)
    4f28:	6105                	addi	sp,sp,32
    4f2a:	8082                	ret

00004f2c <rt_interrupt_get_nest>:
    4f2c:	1141                	addi	sp,sp,-16
    4f2e:	c622                	sw	s0,12(sp)
    4f30:	0800                	addi	s0,sp,16
    4f32:	8381c783          	lbu	a5,-1992(gp) # 20000128 <rt_interrupt_nest>
    4f36:	0ff7f793          	andi	a5,a5,255
    4f3a:	853e                	mv	a0,a5
    4f3c:	4432                	lw	s0,12(sp)
    4f3e:	0141                	addi	sp,sp,16
    4f40:	8082                	ret

00004f42 <rt_set_errno>:
    4f42:	7179                	addi	sp,sp,-48
    4f44:	d606                	sw	ra,44(sp)
    4f46:	d422                	sw	s0,40(sp)
    4f48:	1800                	addi	s0,sp,48
    4f4a:	fca42e23          	sw	a0,-36(s0)
    4f4e:	fdfff0ef          	jal	ra,4f2c <rt_interrupt_get_nest>
    4f52:	87aa                	mv	a5,a0
    4f54:	c791                	beqz	a5,4f60 <rt_set_errno+0x1e>
    4f56:	fdc42703          	lw	a4,-36(s0)
    4f5a:	82e1ae23          	sw	a4,-1988(gp) # 2000012c <__rt_errno>
    4f5e:	a015                	j	4f82 <rt_set_errno+0x40>
    4f60:	577010ef          	jal	ra,6cd6 <rt_thread_self>
    4f64:	fea42623          	sw	a0,-20(s0)
    4f68:	fec42783          	lw	a5,-20(s0)
    4f6c:	e791                	bnez	a5,4f78 <rt_set_errno+0x36>
    4f6e:	fdc42703          	lw	a4,-36(s0)
    4f72:	82e1ae23          	sw	a4,-1988(gp) # 2000012c <__rt_errno>
    4f76:	a031                	j	4f82 <rt_set_errno+0x40>
    4f78:	fec42783          	lw	a5,-20(s0)
    4f7c:	fdc42703          	lw	a4,-36(s0)
    4f80:	df98                	sw	a4,56(a5)
    4f82:	50b2                	lw	ra,44(sp)
    4f84:	5422                	lw	s0,40(sp)
    4f86:	6145                	addi	sp,sp,48
    4f88:	8082                	ret

00004f8a <rt_memset>:
    4f8a:	7179                	addi	sp,sp,-48
    4f8c:	d622                	sw	s0,44(sp)
    4f8e:	1800                	addi	s0,sp,48
    4f90:	fca42e23          	sw	a0,-36(s0)
    4f94:	fcb42c23          	sw	a1,-40(s0)
    4f98:	fcc42a23          	sw	a2,-44(s0)
    4f9c:	fdc42783          	lw	a5,-36(s0)
    4fa0:	fef42623          	sw	a5,-20(s0)
    4fa4:	fd842783          	lw	a5,-40(s0)
    4fa8:	0ff7f793          	andi	a5,a5,255
    4fac:	fef42223          	sw	a5,-28(s0)
    4fb0:	fd442703          	lw	a4,-44(s0)
    4fb4:	478d                	li	a5,3
    4fb6:	0ce7fd63          	bgeu	a5,a4,5090 <rt_memset+0x106>
    4fba:	fdc42783          	lw	a5,-36(s0)
    4fbe:	8b8d                	andi	a5,a5,3
    4fc0:	ebe1                	bnez	a5,5090 <rt_memset+0x106>
    4fc2:	fdc42783          	lw	a5,-36(s0)
    4fc6:	fef42423          	sw	a5,-24(s0)
    4fca:	fe442783          	lw	a5,-28(s0)
    4fce:	07a2                	slli	a5,a5,0x8
    4fd0:	fe442703          	lw	a4,-28(s0)
    4fd4:	8fd9                	or	a5,a5,a4
    4fd6:	fef42023          	sw	a5,-32(s0)
    4fda:	fe042783          	lw	a5,-32(s0)
    4fde:	07c2                	slli	a5,a5,0x10
    4fe0:	fe042703          	lw	a4,-32(s0)
    4fe4:	8fd9                	or	a5,a5,a4
    4fe6:	fef42023          	sw	a5,-32(s0)
    4fea:	a891                	j	503e <rt_memset+0xb4>
    4fec:	fe842783          	lw	a5,-24(s0)
    4ff0:	00478713          	addi	a4,a5,4
    4ff4:	fee42423          	sw	a4,-24(s0)
    4ff8:	fe042703          	lw	a4,-32(s0)
    4ffc:	c398                	sw	a4,0(a5)
    4ffe:	fe842783          	lw	a5,-24(s0)
    5002:	00478713          	addi	a4,a5,4
    5006:	fee42423          	sw	a4,-24(s0)
    500a:	fe042703          	lw	a4,-32(s0)
    500e:	c398                	sw	a4,0(a5)
    5010:	fe842783          	lw	a5,-24(s0)
    5014:	00478713          	addi	a4,a5,4
    5018:	fee42423          	sw	a4,-24(s0)
    501c:	fe042703          	lw	a4,-32(s0)
    5020:	c398                	sw	a4,0(a5)
    5022:	fe842783          	lw	a5,-24(s0)
    5026:	00478713          	addi	a4,a5,4
    502a:	fee42423          	sw	a4,-24(s0)
    502e:	fe042703          	lw	a4,-32(s0)
    5032:	c398                	sw	a4,0(a5)
    5034:	fd442783          	lw	a5,-44(s0)
    5038:	17c1                	addi	a5,a5,-16
    503a:	fcf42a23          	sw	a5,-44(s0)
    503e:	fd442703          	lw	a4,-44(s0)
    5042:	47bd                	li	a5,15
    5044:	fae7e4e3          	bltu	a5,a4,4fec <rt_memset+0x62>
    5048:	a839                	j	5066 <rt_memset+0xdc>
    504a:	fe842783          	lw	a5,-24(s0)
    504e:	00478713          	addi	a4,a5,4
    5052:	fee42423          	sw	a4,-24(s0)
    5056:	fe042703          	lw	a4,-32(s0)
    505a:	c398                	sw	a4,0(a5)
    505c:	fd442783          	lw	a5,-44(s0)
    5060:	17f1                	addi	a5,a5,-4
    5062:	fcf42a23          	sw	a5,-44(s0)
    5066:	fd442703          	lw	a4,-44(s0)
    506a:	478d                	li	a5,3
    506c:	fce7efe3          	bltu	a5,a4,504a <rt_memset+0xc0>
    5070:	fe842783          	lw	a5,-24(s0)
    5074:	fef42623          	sw	a5,-20(s0)
    5078:	a821                	j	5090 <rt_memset+0x106>
    507a:	fec42783          	lw	a5,-20(s0)
    507e:	00178713          	addi	a4,a5,1
    5082:	fee42623          	sw	a4,-20(s0)
    5086:	fe442703          	lw	a4,-28(s0)
    508a:	0762                	slli	a4,a4,0x18
    508c:	8761                	srai	a4,a4,0x18
    508e:	a398                	sb	a4,0(a5)
    5090:	fd442783          	lw	a5,-44(s0)
    5094:	fff78713          	addi	a4,a5,-1
    5098:	fce42a23          	sw	a4,-44(s0)
    509c:	fff9                	bnez	a5,507a <rt_memset+0xf0>
    509e:	fdc42783          	lw	a5,-36(s0)
    50a2:	853e                	mv	a0,a5
    50a4:	5432                	lw	s0,44(sp)
    50a6:	6145                	addi	sp,sp,48
    50a8:	8082                	ret

000050aa <rt_memmove>:
    50aa:	7179                	addi	sp,sp,-48
    50ac:	d622                	sw	s0,44(sp)
    50ae:	1800                	addi	s0,sp,48
    50b0:	fca42e23          	sw	a0,-36(s0)
    50b4:	fcb42c23          	sw	a1,-40(s0)
    50b8:	fcc42a23          	sw	a2,-44(s0)
    50bc:	fdc42783          	lw	a5,-36(s0)
    50c0:	fef42623          	sw	a5,-20(s0)
    50c4:	fd842783          	lw	a5,-40(s0)
    50c8:	fef42423          	sw	a5,-24(s0)
    50cc:	fe842703          	lw	a4,-24(s0)
    50d0:	fec42783          	lw	a5,-20(s0)
    50d4:	08f77263          	bgeu	a4,a5,5158 <rt_memmove+0xae>
    50d8:	fe842703          	lw	a4,-24(s0)
    50dc:	fd442783          	lw	a5,-44(s0)
    50e0:	97ba                	add	a5,a5,a4
    50e2:	fec42703          	lw	a4,-20(s0)
    50e6:	06f77963          	bgeu	a4,a5,5158 <rt_memmove+0xae>
    50ea:	fec42703          	lw	a4,-20(s0)
    50ee:	fd442783          	lw	a5,-44(s0)
    50f2:	97ba                	add	a5,a5,a4
    50f4:	fef42623          	sw	a5,-20(s0)
    50f8:	fe842703          	lw	a4,-24(s0)
    50fc:	fd442783          	lw	a5,-44(s0)
    5100:	97ba                	add	a5,a5,a4
    5102:	fef42423          	sw	a5,-24(s0)
    5106:	a015                	j	512a <rt_memmove+0x80>
    5108:	fe842783          	lw	a5,-24(s0)
    510c:	17fd                	addi	a5,a5,-1
    510e:	fef42423          	sw	a5,-24(s0)
    5112:	fec42783          	lw	a5,-20(s0)
    5116:	17fd                	addi	a5,a5,-1
    5118:	fef42623          	sw	a5,-20(s0)
    511c:	fe842783          	lw	a5,-24(s0)
    5120:	00078703          	lb	a4,0(a5)
    5124:	fec42783          	lw	a5,-20(s0)
    5128:	a398                	sb	a4,0(a5)
    512a:	fd442783          	lw	a5,-44(s0)
    512e:	fff78713          	addi	a4,a5,-1
    5132:	fce42a23          	sw	a4,-44(s0)
    5136:	fbe9                	bnez	a5,5108 <rt_memmove+0x5e>
    5138:	a03d                	j	5166 <rt_memmove+0xbc>
    513a:	fe842703          	lw	a4,-24(s0)
    513e:	00170793          	addi	a5,a4,1 # ffff8001 <_eusrstack+0xdfff3001>
    5142:	fef42423          	sw	a5,-24(s0)
    5146:	fec42783          	lw	a5,-20(s0)
    514a:	00178693          	addi	a3,a5,1
    514e:	fed42623          	sw	a3,-20(s0)
    5152:	00070703          	lb	a4,0(a4)
    5156:	a398                	sb	a4,0(a5)
    5158:	fd442783          	lw	a5,-44(s0)
    515c:	fff78713          	addi	a4,a5,-1
    5160:	fce42a23          	sw	a4,-44(s0)
    5164:	fbf9                	bnez	a5,513a <rt_memmove+0x90>
    5166:	fdc42783          	lw	a5,-36(s0)
    516a:	853e                	mv	a0,a5
    516c:	5432                	lw	s0,44(sp)
    516e:	6145                	addi	sp,sp,48
    5170:	8082                	ret

00005172 <rt_strncpy>:
    5172:	7179                	addi	sp,sp,-48
    5174:	d622                	sw	s0,44(sp)
    5176:	1800                	addi	s0,sp,48
    5178:	fca42e23          	sw	a0,-36(s0)
    517c:	fcb42c23          	sw	a1,-40(s0)
    5180:	fcc42a23          	sw	a2,-44(s0)
    5184:	fd442783          	lw	a5,-44(s0)
    5188:	c7ad                	beqz	a5,51f2 <rt_strncpy+0x80>
    518a:	fdc42783          	lw	a5,-36(s0)
    518e:	fef42623          	sw	a5,-20(s0)
    5192:	fd842783          	lw	a5,-40(s0)
    5196:	fef42423          	sw	a5,-24(s0)
    519a:	fe842703          	lw	a4,-24(s0)
    519e:	00170793          	addi	a5,a4,1
    51a2:	fef42423          	sw	a5,-24(s0)
    51a6:	fec42783          	lw	a5,-20(s0)
    51aa:	00178693          	addi	a3,a5,1
    51ae:	fed42623          	sw	a3,-20(s0)
    51b2:	00070703          	lb	a4,0(a4)
    51b6:	a398                	sb	a4,0(a5)
    51b8:	00078783          	lb	a5,0(a5)
    51bc:	e39d                	bnez	a5,51e2 <rt_strncpy+0x70>
    51be:	a809                	j	51d0 <rt_strncpy+0x5e>
    51c0:	fec42783          	lw	a5,-20(s0)
    51c4:	00178713          	addi	a4,a5,1
    51c8:	fee42623          	sw	a4,-20(s0)
    51cc:	00078023          	sb	zero,0(a5)
    51d0:	fd442783          	lw	a5,-44(s0)
    51d4:	17fd                	addi	a5,a5,-1
    51d6:	fcf42a23          	sw	a5,-44(s0)
    51da:	fd442783          	lw	a5,-44(s0)
    51de:	f3ed                	bnez	a5,51c0 <rt_strncpy+0x4e>
    51e0:	a809                	j	51f2 <rt_strncpy+0x80>
    51e2:	fd442783          	lw	a5,-44(s0)
    51e6:	17fd                	addi	a5,a5,-1
    51e8:	fcf42a23          	sw	a5,-44(s0)
    51ec:	fd442783          	lw	a5,-44(s0)
    51f0:	f7cd                	bnez	a5,519a <rt_strncpy+0x28>
    51f2:	fdc42783          	lw	a5,-36(s0)
    51f6:	853e                	mv	a0,a5
    51f8:	5432                	lw	s0,44(sp)
    51fa:	6145                	addi	sp,sp,48
    51fc:	8082                	ret

000051fe <rt_strncmp>:
    51fe:	1101                	addi	sp,sp,-32
    5200:	ce22                	sw	s0,28(sp)
    5202:	cc26                	sw	s1,24(sp)
    5204:	1000                	addi	s0,sp,32
    5206:	fea42623          	sw	a0,-20(s0)
    520a:	feb42423          	sw	a1,-24(s0)
    520e:	fec42223          	sw	a2,-28(s0)
    5212:	4481                	li	s1,0
    5214:	a0b9                	j	5262 <rt_strncmp+0x64>
    5216:	fec42783          	lw	a5,-20(s0)
    521a:	00078783          	lb	a5,0(a5)
    521e:	0ff7f713          	andi	a4,a5,255
    5222:	fe842783          	lw	a5,-24(s0)
    5226:	00178693          	addi	a3,a5,1
    522a:	fed42423          	sw	a3,-24(s0)
    522e:	00078783          	lb	a5,0(a5)
    5232:	0ff7f793          	andi	a5,a5,255
    5236:	40f707b3          	sub	a5,a4,a5
    523a:	0ff7f793          	andi	a5,a5,255
    523e:	01879493          	slli	s1,a5,0x18
    5242:	84e1                	srai	s1,s1,0x18
    5244:	e095                	bnez	s1,5268 <rt_strncmp+0x6a>
    5246:	fec42783          	lw	a5,-20(s0)
    524a:	00178713          	addi	a4,a5,1
    524e:	fee42623          	sw	a4,-20(s0)
    5252:	00078783          	lb	a5,0(a5)
    5256:	cb89                	beqz	a5,5268 <rt_strncmp+0x6a>
    5258:	fe442783          	lw	a5,-28(s0)
    525c:	17fd                	addi	a5,a5,-1
    525e:	fef42223          	sw	a5,-28(s0)
    5262:	fe442783          	lw	a5,-28(s0)
    5266:	fbc5                	bnez	a5,5216 <rt_strncmp+0x18>
    5268:	87a6                	mv	a5,s1
    526a:	853e                	mv	a0,a5
    526c:	4472                	lw	s0,28(sp)
    526e:	44e2                	lw	s1,24(sp)
    5270:	6105                	addi	sp,sp,32
    5272:	8082                	ret

00005274 <rt_strlen>:
    5274:	7179                	addi	sp,sp,-48
    5276:	d622                	sw	s0,44(sp)
    5278:	1800                	addi	s0,sp,48
    527a:	fca42e23          	sw	a0,-36(s0)
    527e:	fdc42783          	lw	a5,-36(s0)
    5282:	fef42623          	sw	a5,-20(s0)
    5286:	a031                	j	5292 <rt_strlen+0x1e>
    5288:	fec42783          	lw	a5,-20(s0)
    528c:	0785                	addi	a5,a5,1
    528e:	fef42623          	sw	a5,-20(s0)
    5292:	fec42783          	lw	a5,-20(s0)
    5296:	00078783          	lb	a5,0(a5)
    529a:	f7fd                	bnez	a5,5288 <rt_strlen+0x14>
    529c:	fec42703          	lw	a4,-20(s0)
    52a0:	fdc42783          	lw	a5,-36(s0)
    52a4:	40f707b3          	sub	a5,a4,a5
    52a8:	853e                	mv	a0,a5
    52aa:	5432                	lw	s0,44(sp)
    52ac:	6145                	addi	sp,sp,48
    52ae:	8082                	ret

000052b0 <rt_show_version>:
    52b0:	1141                	addi	sp,sp,-16
    52b2:	c606                	sw	ra,12(sp)
    52b4:	c422                	sw	s0,8(sp)
    52b6:	0800                	addi	s0,sp,16
    52b8:	67ad                	lui	a5,0xb
    52ba:	74c78513          	addi	a0,a5,1868 # b74c <__malloc_unlock+0x3c6>
    52be:	183000ef          	jal	ra,5c40 <rt_kprintf>
    52c2:	67ad                	lui	a5,0xb
    52c4:	75878513          	addi	a0,a5,1880 # b758 <__malloc_unlock+0x3d2>
    52c8:	179000ef          	jal	ra,5c40 <rt_kprintf>
    52cc:	67ad                	lui	a5,0xb
    52ce:	77c78713          	addi	a4,a5,1916 # b77c <__malloc_unlock+0x3f6>
    52d2:	468d                	li	a3,3
    52d4:	4605                	li	a2,1
    52d6:	458d                	li	a1,3
    52d8:	67ad                	lui	a5,0xb
    52da:	78878513          	addi	a0,a5,1928 # b788 <__malloc_unlock+0x402>
    52de:	163000ef          	jal	ra,5c40 <rt_kprintf>
    52e2:	67ad                	lui	a5,0xb
    52e4:	7a878513          	addi	a0,a5,1960 # b7a8 <__malloc_unlock+0x422>
    52e8:	159000ef          	jal	ra,5c40 <rt_kprintf>
    52ec:	0001                	nop
    52ee:	40b2                	lw	ra,12(sp)
    52f0:	4422                	lw	s0,8(sp)
    52f2:	0141                	addi	sp,sp,16
    52f4:	8082                	ret

000052f6 <divide>:
    52f6:	7179                	addi	sp,sp,-48
    52f8:	d622                	sw	s0,44(sp)
    52fa:	1800                	addi	s0,sp,48
    52fc:	fca42e23          	sw	a0,-36(s0)
    5300:	fcb42c23          	sw	a1,-40(s0)
    5304:	fd842703          	lw	a4,-40(s0)
    5308:	47a9                	li	a5,10
    530a:	02f71763          	bne	a4,a5,5338 <divide+0x42>
    530e:	fdc42783          	lw	a5,-36(s0)
    5312:	439c                	lw	a5,0(a5)
    5314:	873e                	mv	a4,a5
    5316:	47a9                	li	a5,10
    5318:	02f777b3          	remu	a5,a4,a5
    531c:	fef42623          	sw	a5,-20(s0)
    5320:	fdc42783          	lw	a5,-36(s0)
    5324:	439c                	lw	a5,0(a5)
    5326:	873e                	mv	a4,a5
    5328:	47a9                	li	a5,10
    532a:	02f757b3          	divu	a5,a4,a5
    532e:	873e                	mv	a4,a5
    5330:	fdc42783          	lw	a5,-36(s0)
    5334:	c398                	sw	a4,0(a5)
    5336:	a839                	j	5354 <divide+0x5e>
    5338:	fdc42783          	lw	a5,-36(s0)
    533c:	439c                	lw	a5,0(a5)
    533e:	8bbd                	andi	a5,a5,15
    5340:	fef42623          	sw	a5,-20(s0)
    5344:	fdc42783          	lw	a5,-36(s0)
    5348:	439c                	lw	a5,0(a5)
    534a:	8391                	srli	a5,a5,0x4
    534c:	873e                	mv	a4,a5
    534e:	fdc42783          	lw	a5,-36(s0)
    5352:	c398                	sw	a4,0(a5)
    5354:	fec42783          	lw	a5,-20(s0)
    5358:	853e                	mv	a0,a5
    535a:	5432                	lw	s0,44(sp)
    535c:	6145                	addi	sp,sp,48
    535e:	8082                	ret

00005360 <skip_atoi>:
    5360:	1101                	addi	sp,sp,-32
    5362:	ce22                	sw	s0,28(sp)
    5364:	cc26                	sw	s1,24(sp)
    5366:	1000                	addi	s0,sp,32
    5368:	fea42623          	sw	a0,-20(s0)
    536c:	4481                	li	s1,0
    536e:	a01d                	j	5394 <skip_atoi+0x34>
    5370:	87a6                	mv	a5,s1
    5372:	078a                	slli	a5,a5,0x2
    5374:	97a6                	add	a5,a5,s1
    5376:	0786                	slli	a5,a5,0x1
    5378:	863e                	mv	a2,a5
    537a:	fec42783          	lw	a5,-20(s0)
    537e:	439c                	lw	a5,0(a5)
    5380:	00178693          	addi	a3,a5,1
    5384:	fec42703          	lw	a4,-20(s0)
    5388:	c314                	sw	a3,0(a4)
    538a:	00078783          	lb	a5,0(a5)
    538e:	97b2                	add	a5,a5,a2
    5390:	fd078493          	addi	s1,a5,-48
    5394:	fec42783          	lw	a5,-20(s0)
    5398:	439c                	lw	a5,0(a5)
    539a:	00078783          	lb	a5,0(a5)
    539e:	fd078793          	addi	a5,a5,-48
    53a2:	873e                	mv	a4,a5
    53a4:	47a5                	li	a5,9
    53a6:	fce7f5e3          	bgeu	a5,a4,5370 <skip_atoi+0x10>
    53aa:	87a6                	mv	a5,s1
    53ac:	853e                	mv	a0,a5
    53ae:	4472                	lw	s0,28(sp)
    53b0:	44e2                	lw	s1,24(sp)
    53b2:	6105                	addi	sp,sp,32
    53b4:	8082                	ret

000053b6 <print_number>:
    53b6:	715d                	addi	sp,sp,-80
    53b8:	c686                	sw	ra,76(sp)
    53ba:	c4a2                	sw	s0,72(sp)
    53bc:	c2a6                	sw	s1,68(sp)
    53be:	c0ca                	sw	s2,64(sp)
    53c0:	0880                	addi	s0,sp,80
    53c2:	fca42623          	sw	a0,-52(s0)
    53c6:	fcb42423          	sw	a1,-56(s0)
    53ca:	fcc42223          	sw	a2,-60(s0)
    53ce:	fcd42023          	sw	a3,-64(s0)
    53d2:	fae42e23          	sw	a4,-68(s0)
    53d6:	faf42c23          	sw	a5,-72(s0)
    53da:	fb042a23          	sw	a6,-76(s0)
    53de:	fb842783          	lw	a5,-72(s0)
    53e2:	fef42423          	sw	a5,-24(s0)
    53e6:	fbc42483          	lw	s1,-68(s0)
    53ea:	fb442783          	lw	a5,-76(s0)
    53ee:	0407f793          	andi	a5,a5,64
    53f2:	c789                	beqz	a5,53fc <print_number+0x46>
    53f4:	67b1                	lui	a5,0xc
    53f6:	2cc78793          	addi	a5,a5,716 # c2cc <large_digits.2583>
    53fa:	a021                	j	5402 <print_number+0x4c>
    53fc:	67b1                	lui	a5,0xc
    53fe:	2e078793          	addi	a5,a5,736 # c2e0 <small_digits.2582>
    5402:	fef42223          	sw	a5,-28(s0)
    5406:	fb442783          	lw	a5,-76(s0)
    540a:	8bc1                	andi	a5,a5,16
    540c:	c791                	beqz	a5,5418 <print_number+0x62>
    540e:	fb442783          	lw	a5,-76(s0)
    5412:	9bf9                	andi	a5,a5,-2
    5414:	faf42a23          	sw	a5,-76(s0)
    5418:	fb442783          	lw	a5,-76(s0)
    541c:	8b85                	andi	a5,a5,1
    541e:	c781                	beqz	a5,5426 <print_number+0x70>
    5420:	03000793          	li	a5,48
    5424:	a019                	j	542a <print_number+0x74>
    5426:	02000793          	li	a5,32
    542a:	fef401a3          	sb	a5,-29(s0)
    542e:	fe0407a3          	sb	zero,-17(s0)
    5432:	fb442783          	lw	a5,-76(s0)
    5436:	8b89                	andi	a5,a5,2
    5438:	c3a9                	beqz	a5,547a <print_number+0xc4>
    543a:	fc442783          	lw	a5,-60(s0)
    543e:	0007dd63          	bgez	a5,5458 <print_number+0xa2>
    5442:	02d00793          	li	a5,45
    5446:	fef407a3          	sb	a5,-17(s0)
    544a:	fc442783          	lw	a5,-60(s0)
    544e:	40f007b3          	neg	a5,a5
    5452:	fcf42223          	sw	a5,-60(s0)
    5456:	a015                	j	547a <print_number+0xc4>
    5458:	fb442783          	lw	a5,-76(s0)
    545c:	8b91                	andi	a5,a5,4
    545e:	c791                	beqz	a5,546a <print_number+0xb4>
    5460:	02b00793          	li	a5,43
    5464:	fef407a3          	sb	a5,-17(s0)
    5468:	a809                	j	547a <print_number+0xc4>
    546a:	fb442783          	lw	a5,-76(s0)
    546e:	8ba1                	andi	a5,a5,8
    5470:	c789                	beqz	a5,547a <print_number+0xc4>
    5472:	02000793          	li	a5,32
    5476:	fef407a3          	sb	a5,-17(s0)
    547a:	4901                	li	s2,0
    547c:	fc442783          	lw	a5,-60(s0)
    5480:	e3b1                	bnez	a5,54c4 <print_number+0x10e>
    5482:	87ca                	mv	a5,s2
    5484:	00178913          	addi	s2,a5,1
    5488:	ff040713          	addi	a4,s0,-16
    548c:	97ba                	add	a5,a5,a4
    548e:	03000713          	li	a4,48
    5492:	fee78023          	sb	a4,-32(a5)
    5496:	a815                	j	54ca <print_number+0x114>
    5498:	fc440793          	addi	a5,s0,-60
    549c:	fc042583          	lw	a1,-64(s0)
    54a0:	853e                	mv	a0,a5
    54a2:	e55ff0ef          	jal	ra,52f6 <divide>
    54a6:	87aa                	mv	a5,a0
    54a8:	873e                	mv	a4,a5
    54aa:	fe442783          	lw	a5,-28(s0)
    54ae:	973e                	add	a4,a4,a5
    54b0:	87ca                	mv	a5,s2
    54b2:	00178913          	addi	s2,a5,1
    54b6:	00070703          	lb	a4,0(a4)
    54ba:	ff040693          	addi	a3,s0,-16
    54be:	97b6                	add	a5,a5,a3
    54c0:	fee78023          	sb	a4,-32(a5)
    54c4:	fc442783          	lw	a5,-60(s0)
    54c8:	fbe1                	bnez	a5,5498 <print_number+0xe2>
    54ca:	fb842783          	lw	a5,-72(s0)
    54ce:	0127d463          	bge	a5,s2,54d6 <print_number+0x120>
    54d2:	fb242c23          	sw	s2,-72(s0)
    54d6:	fb842783          	lw	a5,-72(s0)
    54da:	8c9d                	sub	s1,s1,a5
    54dc:	fb442783          	lw	a5,-76(s0)
    54e0:	8bc5                	andi	a5,a5,17
    54e2:	ef8d                	bnez	a5,551c <print_number+0x166>
    54e4:	fef40783          	lb	a5,-17(s0)
    54e8:	c78d                	beqz	a5,5512 <print_number+0x15c>
    54ea:	02905463          	blez	s1,5512 <print_number+0x15c>
    54ee:	14fd                	addi	s1,s1,-1
    54f0:	a00d                	j	5512 <print_number+0x15c>
    54f2:	fcc42703          	lw	a4,-52(s0)
    54f6:	fc842783          	lw	a5,-56(s0)
    54fa:	00f77763          	bgeu	a4,a5,5508 <print_number+0x152>
    54fe:	fcc42783          	lw	a5,-52(s0)
    5502:	02000713          	li	a4,32
    5506:	a398                	sb	a4,0(a5)
    5508:	fcc42783          	lw	a5,-52(s0)
    550c:	0785                	addi	a5,a5,1
    550e:	fcf42623          	sw	a5,-52(s0)
    5512:	87a6                	mv	a5,s1
    5514:	fff78493          	addi	s1,a5,-1
    5518:	fcf04de3          	bgtz	a5,54f2 <print_number+0x13c>
    551c:	fef40783          	lb	a5,-17(s0)
    5520:	c395                	beqz	a5,5544 <print_number+0x18e>
    5522:	fcc42703          	lw	a4,-52(s0)
    5526:	fc842783          	lw	a5,-56(s0)
    552a:	00f77763          	bgeu	a4,a5,5538 <print_number+0x182>
    552e:	fcc42783          	lw	a5,-52(s0)
    5532:	fef44703          	lbu	a4,-17(s0)
    5536:	a398                	sb	a4,0(a5)
    5538:	14fd                	addi	s1,s1,-1
    553a:	fcc42783          	lw	a5,-52(s0)
    553e:	0785                	addi	a5,a5,1
    5540:	fcf42623          	sw	a5,-52(s0)
    5544:	fb442783          	lw	a5,-76(s0)
    5548:	8bc1                	andi	a5,a5,16
    554a:	eba1                	bnez	a5,559a <print_number+0x1e4>
    554c:	a00d                	j	556e <print_number+0x1b8>
    554e:	fcc42703          	lw	a4,-52(s0)
    5552:	fc842783          	lw	a5,-56(s0)
    5556:	00f77763          	bgeu	a4,a5,5564 <print_number+0x1ae>
    555a:	fcc42783          	lw	a5,-52(s0)
    555e:	fe344703          	lbu	a4,-29(s0)
    5562:	a398                	sb	a4,0(a5)
    5564:	fcc42783          	lw	a5,-52(s0)
    5568:	0785                	addi	a5,a5,1
    556a:	fcf42623          	sw	a5,-52(s0)
    556e:	87a6                	mv	a5,s1
    5570:	fff78493          	addi	s1,a5,-1
    5574:	fcf04de3          	bgtz	a5,554e <print_number+0x198>
    5578:	a00d                	j	559a <print_number+0x1e4>
    557a:	fcc42703          	lw	a4,-52(s0)
    557e:	fc842783          	lw	a5,-56(s0)
    5582:	00f77763          	bgeu	a4,a5,5590 <print_number+0x1da>
    5586:	fcc42783          	lw	a5,-52(s0)
    558a:	03000713          	li	a4,48
    558e:	a398                	sb	a4,0(a5)
    5590:	fcc42783          	lw	a5,-52(s0)
    5594:	0785                	addi	a5,a5,1
    5596:	fcf42623          	sw	a5,-52(s0)
    559a:	fb842783          	lw	a5,-72(s0)
    559e:	fff78713          	addi	a4,a5,-1
    55a2:	fae42c23          	sw	a4,-72(s0)
    55a6:	fcf94ae3          	blt	s2,a5,557a <print_number+0x1c4>
    55aa:	a025                	j	55d2 <print_number+0x21c>
    55ac:	fcc42703          	lw	a4,-52(s0)
    55b0:	fc842783          	lw	a5,-56(s0)
    55b4:	00f77a63          	bgeu	a4,a5,55c8 <print_number+0x212>
    55b8:	ff040793          	addi	a5,s0,-16
    55bc:	97ca                	add	a5,a5,s2
    55be:	fe078703          	lb	a4,-32(a5)
    55c2:	fcc42783          	lw	a5,-52(s0)
    55c6:	a398                	sb	a4,0(a5)
    55c8:	fcc42783          	lw	a5,-52(s0)
    55cc:	0785                	addi	a5,a5,1
    55ce:	fcf42623          	sw	a5,-52(s0)
    55d2:	87ca                	mv	a5,s2
    55d4:	fff78913          	addi	s2,a5,-1
    55d8:	02f05663          	blez	a5,5604 <print_number+0x24e>
    55dc:	fe842783          	lw	a5,-24(s0)
    55e0:	f7f1                	bnez	a5,55ac <print_number+0x1f6>
    55e2:	a00d                	j	5604 <print_number+0x24e>
    55e4:	fcc42703          	lw	a4,-52(s0)
    55e8:	fc842783          	lw	a5,-56(s0)
    55ec:	00f77763          	bgeu	a4,a5,55fa <print_number+0x244>
    55f0:	fcc42783          	lw	a5,-52(s0)
    55f4:	02000713          	li	a4,32
    55f8:	a398                	sb	a4,0(a5)
    55fa:	fcc42783          	lw	a5,-52(s0)
    55fe:	0785                	addi	a5,a5,1
    5600:	fcf42623          	sw	a5,-52(s0)
    5604:	87a6                	mv	a5,s1
    5606:	fff78493          	addi	s1,a5,-1
    560a:	fcf04de3          	bgtz	a5,55e4 <print_number+0x22e>
    560e:	fcc42783          	lw	a5,-52(s0)
    5612:	853e                	mv	a0,a5
    5614:	40b6                	lw	ra,76(sp)
    5616:	4426                	lw	s0,72(sp)
    5618:	4496                	lw	s1,68(sp)
    561a:	4906                	lw	s2,64(sp)
    561c:	6161                	addi	sp,sp,80
    561e:	8082                	ret

00005620 <rt_vsnprintf>:
    5620:	715d                	addi	sp,sp,-80
    5622:	c686                	sw	ra,76(sp)
    5624:	c4a2                	sw	s0,72(sp)
    5626:	0880                	addi	s0,sp,80
    5628:	faa42e23          	sw	a0,-68(s0)
    562c:	fab42c23          	sw	a1,-72(s0)
    5630:	fac42a23          	sw	a2,-76(s0)
    5634:	fad42823          	sw	a3,-80(s0)
    5638:	fbc42783          	lw	a5,-68(s0)
    563c:	fef42023          	sw	a5,-32(s0)
    5640:	fbc42703          	lw	a4,-68(s0)
    5644:	fb842783          	lw	a5,-72(s0)
    5648:	97ba                	add	a5,a5,a4
    564a:	fcf42e23          	sw	a5,-36(s0)
    564e:	fdc42703          	lw	a4,-36(s0)
    5652:	fbc42783          	lw	a5,-68(s0)
    5656:	58f77863          	bgeu	a4,a5,5be6 <rt_vsnprintf+0x5c6>
    565a:	57fd                	li	a5,-1
    565c:	fcf42e23          	sw	a5,-36(s0)
    5660:	fdc42703          	lw	a4,-36(s0)
    5664:	fbc42783          	lw	a5,-68(s0)
    5668:	40f707b3          	sub	a5,a4,a5
    566c:	faf42c23          	sw	a5,-72(s0)
    5670:	ab9d                	j	5be6 <rt_vsnprintf+0x5c6>
    5672:	fb442783          	lw	a5,-76(s0)
    5676:	00078703          	lb	a4,0(a5)
    567a:	02500793          	li	a5,37
    567e:	02f70563          	beq	a4,a5,56a8 <rt_vsnprintf+0x88>
    5682:	fe042703          	lw	a4,-32(s0)
    5686:	fdc42783          	lw	a5,-36(s0)
    568a:	00f77963          	bgeu	a4,a5,569c <rt_vsnprintf+0x7c>
    568e:	fb442783          	lw	a5,-76(s0)
    5692:	00078703          	lb	a4,0(a5)
    5696:	fe042783          	lw	a5,-32(s0)
    569a:	a398                	sb	a4,0(a5)
    569c:	fe042783          	lw	a5,-32(s0)
    56a0:	0785                	addi	a5,a5,1
    56a2:	fef42023          	sw	a5,-32(s0)
    56a6:	ab1d                	j	5bdc <rt_vsnprintf+0x5bc>
    56a8:	fc040b23          	sb	zero,-42(s0)
    56ac:	fb442783          	lw	a5,-76(s0)
    56b0:	0785                	addi	a5,a5,1
    56b2:	faf42a23          	sw	a5,-76(s0)
    56b6:	fb442783          	lw	a5,-76(s0)
    56ba:	00078703          	lb	a4,0(a5)
    56be:	02d00793          	li	a5,45
    56c2:	00f71963          	bne	a4,a5,56d4 <rt_vsnprintf+0xb4>
    56c6:	fd644783          	lbu	a5,-42(s0)
    56ca:	0107e793          	ori	a5,a5,16
    56ce:	fcf40b23          	sb	a5,-42(s0)
    56d2:	bfe9                	j	56ac <rt_vsnprintf+0x8c>
    56d4:	fb442783          	lw	a5,-76(s0)
    56d8:	00078703          	lb	a4,0(a5)
    56dc:	02b00793          	li	a5,43
    56e0:	00f71963          	bne	a4,a5,56f2 <rt_vsnprintf+0xd2>
    56e4:	fd644783          	lbu	a5,-42(s0)
    56e8:	0047e793          	ori	a5,a5,4
    56ec:	fcf40b23          	sb	a5,-42(s0)
    56f0:	bf75                	j	56ac <rt_vsnprintf+0x8c>
    56f2:	fb442783          	lw	a5,-76(s0)
    56f6:	00078703          	lb	a4,0(a5)
    56fa:	02000793          	li	a5,32
    56fe:	00f71963          	bne	a4,a5,5710 <rt_vsnprintf+0xf0>
    5702:	fd644783          	lbu	a5,-42(s0)
    5706:	0087e793          	ori	a5,a5,8
    570a:	fcf40b23          	sb	a5,-42(s0)
    570e:	bf79                	j	56ac <rt_vsnprintf+0x8c>
    5710:	fb442783          	lw	a5,-76(s0)
    5714:	00078703          	lb	a4,0(a5)
    5718:	02300793          	li	a5,35
    571c:	00f71963          	bne	a4,a5,572e <rt_vsnprintf+0x10e>
    5720:	fd644783          	lbu	a5,-42(s0)
    5724:	0207e793          	ori	a5,a5,32
    5728:	fcf40b23          	sb	a5,-42(s0)
    572c:	b741                	j	56ac <rt_vsnprintf+0x8c>
    572e:	fb442783          	lw	a5,-76(s0)
    5732:	00078703          	lb	a4,0(a5)
    5736:	03000793          	li	a5,48
    573a:	00f71963          	bne	a4,a5,574c <rt_vsnprintf+0x12c>
    573e:	fd644783          	lbu	a5,-42(s0)
    5742:	0017e793          	ori	a5,a5,1
    5746:	fcf40b23          	sb	a5,-42(s0)
    574a:	b78d                	j	56ac <rt_vsnprintf+0x8c>
    574c:	0001                	nop
    574e:	57fd                	li	a5,-1
    5750:	fcf42823          	sw	a5,-48(s0)
    5754:	fb442783          	lw	a5,-76(s0)
    5758:	00078783          	lb	a5,0(a5)
    575c:	fd078793          	addi	a5,a5,-48
    5760:	873e                	mv	a4,a5
    5762:	47a5                	li	a5,9
    5764:	00e7ea63          	bltu	a5,a4,5778 <rt_vsnprintf+0x158>
    5768:	fb440793          	addi	a5,s0,-76
    576c:	853e                	mv	a0,a5
    576e:	bf3ff0ef          	jal	ra,5360 <skip_atoi>
    5772:	fca42823          	sw	a0,-48(s0)
    5776:	a0b9                	j	57c4 <rt_vsnprintf+0x1a4>
    5778:	fb442783          	lw	a5,-76(s0)
    577c:	00078703          	lb	a4,0(a5)
    5780:	02a00793          	li	a5,42
    5784:	04f71063          	bne	a4,a5,57c4 <rt_vsnprintf+0x1a4>
    5788:	fb442783          	lw	a5,-76(s0)
    578c:	0785                	addi	a5,a5,1
    578e:	faf42a23          	sw	a5,-76(s0)
    5792:	fb042783          	lw	a5,-80(s0)
    5796:	00478713          	addi	a4,a5,4
    579a:	fae42823          	sw	a4,-80(s0)
    579e:	439c                	lw	a5,0(a5)
    57a0:	fcf42823          	sw	a5,-48(s0)
    57a4:	fd042783          	lw	a5,-48(s0)
    57a8:	0007de63          	bgez	a5,57c4 <rt_vsnprintf+0x1a4>
    57ac:	fd042783          	lw	a5,-48(s0)
    57b0:	40f007b3          	neg	a5,a5
    57b4:	fcf42823          	sw	a5,-48(s0)
    57b8:	fd644783          	lbu	a5,-42(s0)
    57bc:	0107e793          	ori	a5,a5,16
    57c0:	fcf40b23          	sb	a5,-42(s0)
    57c4:	57fd                	li	a5,-1
    57c6:	fcf42623          	sw	a5,-52(s0)
    57ca:	fb442783          	lw	a5,-76(s0)
    57ce:	00078703          	lb	a4,0(a5)
    57d2:	02e00793          	li	a5,46
    57d6:	06f71563          	bne	a4,a5,5840 <rt_vsnprintf+0x220>
    57da:	fb442783          	lw	a5,-76(s0)
    57de:	0785                	addi	a5,a5,1
    57e0:	faf42a23          	sw	a5,-76(s0)
    57e4:	fb442783          	lw	a5,-76(s0)
    57e8:	00078783          	lb	a5,0(a5)
    57ec:	fd078793          	addi	a5,a5,-48
    57f0:	873e                	mv	a4,a5
    57f2:	47a5                	li	a5,9
    57f4:	00e7ea63          	bltu	a5,a4,5808 <rt_vsnprintf+0x1e8>
    57f8:	fb440793          	addi	a5,s0,-76
    57fc:	853e                	mv	a0,a5
    57fe:	b63ff0ef          	jal	ra,5360 <skip_atoi>
    5802:	fca42623          	sw	a0,-52(s0)
    5806:	a03d                	j	5834 <rt_vsnprintf+0x214>
    5808:	fb442783          	lw	a5,-76(s0)
    580c:	00078703          	lb	a4,0(a5)
    5810:	02a00793          	li	a5,42
    5814:	02f71063          	bne	a4,a5,5834 <rt_vsnprintf+0x214>
    5818:	fb442783          	lw	a5,-76(s0)
    581c:	0785                	addi	a5,a5,1
    581e:	faf42a23          	sw	a5,-76(s0)
    5822:	fb042783          	lw	a5,-80(s0)
    5826:	00478713          	addi	a4,a5,4
    582a:	fae42823          	sw	a4,-80(s0)
    582e:	439c                	lw	a5,0(a5)
    5830:	fcf42623          	sw	a5,-52(s0)
    5834:	fcc42783          	lw	a5,-52(s0)
    5838:	0007d463          	bgez	a5,5840 <rt_vsnprintf+0x220>
    583c:	fc042623          	sw	zero,-52(s0)
    5840:	fc040aa3          	sb	zero,-43(s0)
    5844:	fb442783          	lw	a5,-76(s0)
    5848:	00078703          	lb	a4,0(a5)
    584c:	06800793          	li	a5,104
    5850:	00f70a63          	beq	a4,a5,5864 <rt_vsnprintf+0x244>
    5854:	fb442783          	lw	a5,-76(s0)
    5858:	00078703          	lb	a4,0(a5)
    585c:	06c00793          	li	a5,108
    5860:	00f71d63          	bne	a4,a5,587a <rt_vsnprintf+0x25a>
    5864:	fb442783          	lw	a5,-76(s0)
    5868:	00078783          	lb	a5,0(a5)
    586c:	fcf40aa3          	sb	a5,-43(s0)
    5870:	fb442783          	lw	a5,-76(s0)
    5874:	0785                	addi	a5,a5,1
    5876:	faf42a23          	sw	a5,-76(s0)
    587a:	47a9                	li	a5,10
    587c:	fcf40ba3          	sb	a5,-41(s0)
    5880:	fb442783          	lw	a5,-76(s0)
    5884:	00078783          	lb	a5,0(a5)
    5888:	fdb78793          	addi	a5,a5,-37
    588c:	05300713          	li	a4,83
    5890:	24f76f63          	bltu	a4,a5,5aee <rt_vsnprintf+0x4ce>
    5894:	00279713          	slli	a4,a5,0x2
    5898:	67b1                	lui	a5,0xc
    589a:	07c78793          	addi	a5,a5,124 # c07c <__malloc_unlock+0xcf6>
    589e:	97ba                	add	a5,a5,a4
    58a0:	439c                	lw	a5,0(a5)
    58a2:	8782                	jr	a5
    58a4:	fd644783          	lbu	a5,-42(s0)
    58a8:	8bc1                	andi	a5,a5,16
    58aa:	eb9d                	bnez	a5,58e0 <rt_vsnprintf+0x2c0>
    58ac:	a00d                	j	58ce <rt_vsnprintf+0x2ae>
    58ae:	fe042703          	lw	a4,-32(s0)
    58b2:	fdc42783          	lw	a5,-36(s0)
    58b6:	00f77763          	bgeu	a4,a5,58c4 <rt_vsnprintf+0x2a4>
    58ba:	fe042783          	lw	a5,-32(s0)
    58be:	02000713          	li	a4,32
    58c2:	a398                	sb	a4,0(a5)
    58c4:	fe042783          	lw	a5,-32(s0)
    58c8:	0785                	addi	a5,a5,1
    58ca:	fef42023          	sw	a5,-32(s0)
    58ce:	fd042783          	lw	a5,-48(s0)
    58d2:	17fd                	addi	a5,a5,-1
    58d4:	fcf42823          	sw	a5,-48(s0)
    58d8:	fd042783          	lw	a5,-48(s0)
    58dc:	fcf049e3          	bgtz	a5,58ae <rt_vsnprintf+0x28e>
    58e0:	fb042783          	lw	a5,-80(s0)
    58e4:	00478713          	addi	a4,a5,4
    58e8:	fae42823          	sw	a4,-80(s0)
    58ec:	439c                	lw	a5,0(a5)
    58ee:	fcf405a3          	sb	a5,-53(s0)
    58f2:	fe042703          	lw	a4,-32(s0)
    58f6:	fdc42783          	lw	a5,-36(s0)
    58fa:	00f77763          	bgeu	a4,a5,5908 <rt_vsnprintf+0x2e8>
    58fe:	fe042783          	lw	a5,-32(s0)
    5902:	fcb44703          	lbu	a4,-53(s0)
    5906:	a398                	sb	a4,0(a5)
    5908:	fe042783          	lw	a5,-32(s0)
    590c:	0785                	addi	a5,a5,1
    590e:	fef42023          	sw	a5,-32(s0)
    5912:	a00d                	j	5934 <rt_vsnprintf+0x314>
    5914:	fe042703          	lw	a4,-32(s0)
    5918:	fdc42783          	lw	a5,-36(s0)
    591c:	00f77763          	bgeu	a4,a5,592a <rt_vsnprintf+0x30a>
    5920:	fe042783          	lw	a5,-32(s0)
    5924:	02000713          	li	a4,32
    5928:	a398                	sb	a4,0(a5)
    592a:	fe042783          	lw	a5,-32(s0)
    592e:	0785                	addi	a5,a5,1
    5930:	fef42023          	sw	a5,-32(s0)
    5934:	fd042783          	lw	a5,-48(s0)
    5938:	17fd                	addi	a5,a5,-1
    593a:	fcf42823          	sw	a5,-48(s0)
    593e:	fd042783          	lw	a5,-48(s0)
    5942:	fcf049e3          	bgtz	a5,5914 <rt_vsnprintf+0x2f4>
    5946:	ac59                	j	5bdc <rt_vsnprintf+0x5bc>
    5948:	fb042783          	lw	a5,-80(s0)
    594c:	00478713          	addi	a4,a5,4
    5950:	fae42823          	sw	a4,-80(s0)
    5954:	439c                	lw	a5,0(a5)
    5956:	fcf42c23          	sw	a5,-40(s0)
    595a:	fd842783          	lw	a5,-40(s0)
    595e:	e791                	bnez	a5,596a <rt_vsnprintf+0x34a>
    5960:	67ad                	lui	a5,0xb
    5962:	7d478793          	addi	a5,a5,2004 # b7d4 <__malloc_unlock+0x44e>
    5966:	fcf42c23          	sw	a5,-40(s0)
    596a:	fd842503          	lw	a0,-40(s0)
    596e:	907ff0ef          	jal	ra,5274 <rt_strlen>
    5972:	87aa                	mv	a5,a0
    5974:	fef42223          	sw	a5,-28(s0)
    5978:	fcc42783          	lw	a5,-52(s0)
    597c:	00f05c63          	blez	a5,5994 <rt_vsnprintf+0x374>
    5980:	fe442703          	lw	a4,-28(s0)
    5984:	fcc42783          	lw	a5,-52(s0)
    5988:	00e7d663          	bge	a5,a4,5994 <rt_vsnprintf+0x374>
    598c:	fcc42783          	lw	a5,-52(s0)
    5990:	fef42223          	sw	a5,-28(s0)
    5994:	fd644783          	lbu	a5,-42(s0)
    5998:	8bc1                	andi	a5,a5,16
    599a:	ef85                	bnez	a5,59d2 <rt_vsnprintf+0x3b2>
    599c:	a00d                	j	59be <rt_vsnprintf+0x39e>
    599e:	fe042703          	lw	a4,-32(s0)
    59a2:	fdc42783          	lw	a5,-36(s0)
    59a6:	00f77763          	bgeu	a4,a5,59b4 <rt_vsnprintf+0x394>
    59aa:	fe042783          	lw	a5,-32(s0)
    59ae:	02000713          	li	a4,32
    59b2:	a398                	sb	a4,0(a5)
    59b4:	fe042783          	lw	a5,-32(s0)
    59b8:	0785                	addi	a5,a5,1
    59ba:	fef42023          	sw	a5,-32(s0)
    59be:	fd042783          	lw	a5,-48(s0)
    59c2:	fff78713          	addi	a4,a5,-1
    59c6:	fce42823          	sw	a4,-48(s0)
    59ca:	fe442703          	lw	a4,-28(s0)
    59ce:	fcf748e3          	blt	a4,a5,599e <rt_vsnprintf+0x37e>
    59d2:	fe042423          	sw	zero,-24(s0)
    59d6:	a82d                	j	5a10 <rt_vsnprintf+0x3f0>
    59d8:	fe042703          	lw	a4,-32(s0)
    59dc:	fdc42783          	lw	a5,-36(s0)
    59e0:	00f77963          	bgeu	a4,a5,59f2 <rt_vsnprintf+0x3d2>
    59e4:	fd842783          	lw	a5,-40(s0)
    59e8:	00078703          	lb	a4,0(a5)
    59ec:	fe042783          	lw	a5,-32(s0)
    59f0:	a398                	sb	a4,0(a5)
    59f2:	fe042783          	lw	a5,-32(s0)
    59f6:	0785                	addi	a5,a5,1
    59f8:	fef42023          	sw	a5,-32(s0)
    59fc:	fd842783          	lw	a5,-40(s0)
    5a00:	0785                	addi	a5,a5,1
    5a02:	fcf42c23          	sw	a5,-40(s0)
    5a06:	fe842783          	lw	a5,-24(s0)
    5a0a:	0785                	addi	a5,a5,1
    5a0c:	fef42423          	sw	a5,-24(s0)
    5a10:	fe842703          	lw	a4,-24(s0)
    5a14:	fe442783          	lw	a5,-28(s0)
    5a18:	fcf740e3          	blt	a4,a5,59d8 <rt_vsnprintf+0x3b8>
    5a1c:	a00d                	j	5a3e <rt_vsnprintf+0x41e>
    5a1e:	fe042703          	lw	a4,-32(s0)
    5a22:	fdc42783          	lw	a5,-36(s0)
    5a26:	00f77763          	bgeu	a4,a5,5a34 <rt_vsnprintf+0x414>
    5a2a:	fe042783          	lw	a5,-32(s0)
    5a2e:	02000713          	li	a4,32
    5a32:	a398                	sb	a4,0(a5)
    5a34:	fe042783          	lw	a5,-32(s0)
    5a38:	0785                	addi	a5,a5,1
    5a3a:	fef42023          	sw	a5,-32(s0)
    5a3e:	fd042783          	lw	a5,-48(s0)
    5a42:	fff78713          	addi	a4,a5,-1
    5a46:	fce42823          	sw	a4,-48(s0)
    5a4a:	fe442703          	lw	a4,-28(s0)
    5a4e:	fcf748e3          	blt	a4,a5,5a1e <rt_vsnprintf+0x3fe>
    5a52:	a269                	j	5bdc <rt_vsnprintf+0x5bc>
    5a54:	fd042703          	lw	a4,-48(s0)
    5a58:	57fd                	li	a5,-1
    5a5a:	00f71b63          	bne	a4,a5,5a70 <rt_vsnprintf+0x450>
    5a5e:	47a1                	li	a5,8
    5a60:	fcf42823          	sw	a5,-48(s0)
    5a64:	fd644783          	lbu	a5,-42(s0)
    5a68:	0017e793          	ori	a5,a5,1
    5a6c:	fcf40b23          	sb	a5,-42(s0)
    5a70:	fb042783          	lw	a5,-80(s0)
    5a74:	00478713          	addi	a4,a5,4
    5a78:	fae42823          	sw	a4,-80(s0)
    5a7c:	439c                	lw	a5,0(a5)
    5a7e:	863e                	mv	a2,a5
    5a80:	fd644783          	lbu	a5,-42(s0)
    5a84:	883e                	mv	a6,a5
    5a86:	fcc42783          	lw	a5,-52(s0)
    5a8a:	fd042703          	lw	a4,-48(s0)
    5a8e:	46c1                	li	a3,16
    5a90:	fdc42583          	lw	a1,-36(s0)
    5a94:	fe042503          	lw	a0,-32(s0)
    5a98:	91fff0ef          	jal	ra,53b6 <print_number>
    5a9c:	fea42023          	sw	a0,-32(s0)
    5aa0:	aa35                	j	5bdc <rt_vsnprintf+0x5bc>
    5aa2:	fe042703          	lw	a4,-32(s0)
    5aa6:	fdc42783          	lw	a5,-36(s0)
    5aaa:	00f77763          	bgeu	a4,a5,5ab8 <rt_vsnprintf+0x498>
    5aae:	fe042783          	lw	a5,-32(s0)
    5ab2:	02500713          	li	a4,37
    5ab6:	a398                	sb	a4,0(a5)
    5ab8:	fe042783          	lw	a5,-32(s0)
    5abc:	0785                	addi	a5,a5,1
    5abe:	fef42023          	sw	a5,-32(s0)
    5ac2:	aa29                	j	5bdc <rt_vsnprintf+0x5bc>
    5ac4:	47a1                	li	a5,8
    5ac6:	fcf40ba3          	sb	a5,-41(s0)
    5aca:	a049                	j	5b4c <rt_vsnprintf+0x52c>
    5acc:	fd644783          	lbu	a5,-42(s0)
    5ad0:	0407e793          	ori	a5,a5,64
    5ad4:	fcf40b23          	sb	a5,-42(s0)
    5ad8:	47c1                	li	a5,16
    5ada:	fcf40ba3          	sb	a5,-41(s0)
    5ade:	a0bd                	j	5b4c <rt_vsnprintf+0x52c>
    5ae0:	fd644783          	lbu	a5,-42(s0)
    5ae4:	0027e793          	ori	a5,a5,2
    5ae8:	fcf40b23          	sb	a5,-42(s0)
    5aec:	a8b9                	j	5b4a <rt_vsnprintf+0x52a>
    5aee:	fe042703          	lw	a4,-32(s0)
    5af2:	fdc42783          	lw	a5,-36(s0)
    5af6:	00f77763          	bgeu	a4,a5,5b04 <rt_vsnprintf+0x4e4>
    5afa:	fe042783          	lw	a5,-32(s0)
    5afe:	02500713          	li	a4,37
    5b02:	a398                	sb	a4,0(a5)
    5b04:	fe042783          	lw	a5,-32(s0)
    5b08:	0785                	addi	a5,a5,1
    5b0a:	fef42023          	sw	a5,-32(s0)
    5b0e:	fb442783          	lw	a5,-76(s0)
    5b12:	00078783          	lb	a5,0(a5)
    5b16:	c785                	beqz	a5,5b3e <rt_vsnprintf+0x51e>
    5b18:	fe042703          	lw	a4,-32(s0)
    5b1c:	fdc42783          	lw	a5,-36(s0)
    5b20:	00f77963          	bgeu	a4,a5,5b32 <rt_vsnprintf+0x512>
    5b24:	fb442783          	lw	a5,-76(s0)
    5b28:	00078703          	lb	a4,0(a5)
    5b2c:	fe042783          	lw	a5,-32(s0)
    5b30:	a398                	sb	a4,0(a5)
    5b32:	fe042783          	lw	a5,-32(s0)
    5b36:	0785                	addi	a5,a5,1
    5b38:	fef42023          	sw	a5,-32(s0)
    5b3c:	a045                	j	5bdc <rt_vsnprintf+0x5bc>
    5b3e:	fb442783          	lw	a5,-76(s0)
    5b42:	17fd                	addi	a5,a5,-1
    5b44:	faf42a23          	sw	a5,-76(s0)
    5b48:	a851                	j	5bdc <rt_vsnprintf+0x5bc>
    5b4a:	0001                	nop
    5b4c:	fd544703          	lbu	a4,-43(s0)
    5b50:	06c00793          	li	a5,108
    5b54:	00f71c63          	bne	a4,a5,5b6c <rt_vsnprintf+0x54c>
    5b58:	fb042783          	lw	a5,-80(s0)
    5b5c:	00478713          	addi	a4,a5,4
    5b60:	fae42823          	sw	a4,-80(s0)
    5b64:	439c                	lw	a5,0(a5)
    5b66:	fef42623          	sw	a5,-20(s0)
    5b6a:	a0b1                	j	5bb6 <rt_vsnprintf+0x596>
    5b6c:	fd544703          	lbu	a4,-43(s0)
    5b70:	06800793          	li	a5,104
    5b74:	02f71863          	bne	a4,a5,5ba4 <rt_vsnprintf+0x584>
    5b78:	fb042783          	lw	a5,-80(s0)
    5b7c:	00478713          	addi	a4,a5,4
    5b80:	fae42823          	sw	a4,-80(s0)
    5b84:	439c                	lw	a5,0(a5)
    5b86:	07c2                	slli	a5,a5,0x10
    5b88:	83c1                	srli	a5,a5,0x10
    5b8a:	fef42623          	sw	a5,-20(s0)
    5b8e:	fd644783          	lbu	a5,-42(s0)
    5b92:	8b89                	andi	a5,a5,2
    5b94:	c38d                	beqz	a5,5bb6 <rt_vsnprintf+0x596>
    5b96:	fec42783          	lw	a5,-20(s0)
    5b9a:	07c2                	slli	a5,a5,0x10
    5b9c:	87c1                	srai	a5,a5,0x10
    5b9e:	fef42623          	sw	a5,-20(s0)
    5ba2:	a811                	j	5bb6 <rt_vsnprintf+0x596>
    5ba4:	fb042783          	lw	a5,-80(s0)
    5ba8:	00478713          	addi	a4,a5,4
    5bac:	fae42823          	sw	a4,-80(s0)
    5bb0:	439c                	lw	a5,0(a5)
    5bb2:	fef42623          	sw	a5,-20(s0)
    5bb6:	fec42603          	lw	a2,-20(s0)
    5bba:	fd744683          	lbu	a3,-41(s0)
    5bbe:	fd644783          	lbu	a5,-42(s0)
    5bc2:	883e                	mv	a6,a5
    5bc4:	fcc42783          	lw	a5,-52(s0)
    5bc8:	fd042703          	lw	a4,-48(s0)
    5bcc:	fdc42583          	lw	a1,-36(s0)
    5bd0:	fe042503          	lw	a0,-32(s0)
    5bd4:	fe2ff0ef          	jal	ra,53b6 <print_number>
    5bd8:	fea42023          	sw	a0,-32(s0)
    5bdc:	fb442783          	lw	a5,-76(s0)
    5be0:	0785                	addi	a5,a5,1
    5be2:	faf42a23          	sw	a5,-76(s0)
    5be6:	fb442783          	lw	a5,-76(s0)
    5bea:	00078783          	lb	a5,0(a5)
    5bee:	a80792e3          	bnez	a5,5672 <rt_vsnprintf+0x52>
    5bf2:	fb842783          	lw	a5,-72(s0)
    5bf6:	c38d                	beqz	a5,5c18 <rt_vsnprintf+0x5f8>
    5bf8:	fe042703          	lw	a4,-32(s0)
    5bfc:	fdc42783          	lw	a5,-36(s0)
    5c00:	00f77763          	bgeu	a4,a5,5c0e <rt_vsnprintf+0x5ee>
    5c04:	fe042783          	lw	a5,-32(s0)
    5c08:	00078023          	sb	zero,0(a5)
    5c0c:	a031                	j	5c18 <rt_vsnprintf+0x5f8>
    5c0e:	fdc42783          	lw	a5,-36(s0)
    5c12:	17fd                	addi	a5,a5,-1
    5c14:	00078023          	sb	zero,0(a5)
    5c18:	fe042703          	lw	a4,-32(s0)
    5c1c:	fbc42783          	lw	a5,-68(s0)
    5c20:	40f707b3          	sub	a5,a4,a5
    5c24:	853e                	mv	a0,a5
    5c26:	40b6                	lw	ra,76(sp)
    5c28:	4426                	lw	s0,72(sp)
    5c2a:	6161                	addi	sp,sp,80
    5c2c:	8082                	ret

00005c2e <rt_console_get_device>:
    5c2e:	1141                	addi	sp,sp,-16
    5c30:	c622                	sw	s0,12(sp)
    5c32:	0800                	addi	s0,sp,16
    5c34:	8401a783          	lw	a5,-1984(gp) # 20000130 <_console_device>
    5c38:	853e                	mv	a0,a5
    5c3a:	4432                	lw	s0,12(sp)
    5c3c:	0141                	addi	sp,sp,16
    5c3e:	8082                	ret

00005c40 <rt_kprintf>:
    5c40:	715d                	addi	sp,sp,-80
    5c42:	d606                	sw	ra,44(sp)
    5c44:	d422                	sw	s0,40(sp)
    5c46:	1800                	addi	s0,sp,48
    5c48:	fca42e23          	sw	a0,-36(s0)
    5c4c:	c04c                	sw	a1,4(s0)
    5c4e:	c410                	sw	a2,8(s0)
    5c50:	c454                	sw	a3,12(s0)
    5c52:	c818                	sw	a4,16(s0)
    5c54:	c85c                	sw	a5,20(s0)
    5c56:	01042c23          	sw	a6,24(s0)
    5c5a:	01142e23          	sw	a7,28(s0)
    5c5e:	02040793          	addi	a5,s0,32
    5c62:	1791                	addi	a5,a5,-28
    5c64:	fef42223          	sw	a5,-28(s0)
    5c68:	fe442783          	lw	a5,-28(s0)
    5c6c:	86be                	mv	a3,a5
    5c6e:	fdc42603          	lw	a2,-36(s0)
    5c72:	07f00593          	li	a1,127
    5c76:	c7818513          	addi	a0,gp,-904 # 20000568 <rt_log_buf.2693>
    5c7a:	9a7ff0ef          	jal	ra,5620 <rt_vsnprintf>
    5c7e:	87aa                	mv	a5,a0
    5c80:	fef42623          	sw	a5,-20(s0)
    5c84:	fec42703          	lw	a4,-20(s0)
    5c88:	07f00793          	li	a5,127
    5c8c:	00e7f663          	bgeu	a5,a4,5c98 <rt_kprintf+0x58>
    5c90:	07f00793          	li	a5,127
    5c94:	fef42623          	sw	a5,-20(s0)
    5c98:	8401a783          	lw	a5,-1984(gp) # 20000130 <_console_device>
    5c9c:	e791                	bnez	a5,5ca8 <rt_kprintf+0x68>
    5c9e:	c7818513          	addi	a0,gp,-904 # 20000568 <rt_log_buf.2693>
    5ca2:	39f030ef          	jal	ra,9840 <rt_hw_console_output>
    5ca6:	a83d                	j	5ce4 <rt_kprintf+0xa4>
    5ca8:	8401a783          	lw	a5,-1984(gp) # 20000130 <_console_device>
    5cac:	33be                	lhu	a5,34(a5)
    5cae:	fef41523          	sh	a5,-22(s0)
    5cb2:	8401a783          	lw	a5,-1984(gp) # 20000130 <_console_device>
    5cb6:	33ba                	lhu	a4,34(a5)
    5cb8:	8401a783          	lw	a5,-1984(gp) # 20000130 <_console_device>
    5cbc:	04076713          	ori	a4,a4,64
    5cc0:	0742                	slli	a4,a4,0x10
    5cc2:	8341                	srli	a4,a4,0x10
    5cc4:	b3ba                	sh	a4,34(a5)
    5cc6:	8401a703          	lw	a4,-1984(gp) # 20000130 <_console_device>
    5cca:	fec42683          	lw	a3,-20(s0)
    5cce:	c7818613          	addi	a2,gp,-904 # 20000568 <rt_log_buf.2693>
    5cd2:	4581                	li	a1,0
    5cd4:	853a                	mv	a0,a4
    5cd6:	932fe0ef          	jal	ra,3e08 <rt_device_write>
    5cda:	8401a783          	lw	a5,-1984(gp) # 20000130 <_console_device>
    5cde:	fea45703          	lhu	a4,-22(s0)
    5ce2:	b3ba                	sh	a4,34(a5)
    5ce4:	0001                	nop
    5ce6:	50b2                	lw	ra,44(sp)
    5ce8:	5422                	lw	s0,40(sp)
    5cea:	6161                	addi	sp,sp,80
    5cec:	8082                	ret

00005cee <__rt_ffs>:
    5cee:	1101                	addi	sp,sp,-32
    5cf0:	ce22                	sw	s0,28(sp)
    5cf2:	1000                	addi	s0,sp,32
    5cf4:	fea42623          	sw	a0,-20(s0)
    5cf8:	fec42783          	lw	a5,-20(s0)
    5cfc:	e399                	bnez	a5,5d02 <__rt_ffs+0x14>
    5cfe:	4781                	li	a5,0
    5d00:	a041                	j	5d80 <__rt_ffs+0x92>
    5d02:	fec42783          	lw	a5,-20(s0)
    5d06:	0ff7f793          	andi	a5,a5,255
    5d0a:	cf81                	beqz	a5,5d22 <__rt_ffs+0x34>
    5d0c:	fec42783          	lw	a5,-20(s0)
    5d10:	0ff7f713          	andi	a4,a5,255
    5d14:	67b1                	lui	a5,0xc
    5d16:	1cc78793          	addi	a5,a5,460 # c1cc <__lowest_bit_bitmap>
    5d1a:	97ba                	add	a5,a5,a4
    5d1c:	239c                	lbu	a5,0(a5)
    5d1e:	0785                	addi	a5,a5,1
    5d20:	a085                	j	5d80 <__rt_ffs+0x92>
    5d22:	fec42703          	lw	a4,-20(s0)
    5d26:	67c1                	lui	a5,0x10
    5d28:	f0078793          	addi	a5,a5,-256 # ff00 <__rt_init_end+0x3540>
    5d2c:	8ff9                	and	a5,a5,a4
    5d2e:	cf89                	beqz	a5,5d48 <__rt_ffs+0x5a>
    5d30:	fec42783          	lw	a5,-20(s0)
    5d34:	87a1                	srai	a5,a5,0x8
    5d36:	0ff7f713          	andi	a4,a5,255
    5d3a:	67b1                	lui	a5,0xc
    5d3c:	1cc78793          	addi	a5,a5,460 # c1cc <__lowest_bit_bitmap>
    5d40:	97ba                	add	a5,a5,a4
    5d42:	239c                	lbu	a5,0(a5)
    5d44:	07a5                	addi	a5,a5,9
    5d46:	a82d                	j	5d80 <__rt_ffs+0x92>
    5d48:	fec42703          	lw	a4,-20(s0)
    5d4c:	00ff07b7          	lui	a5,0xff0
    5d50:	8ff9                	and	a5,a5,a4
    5d52:	cf89                	beqz	a5,5d6c <__rt_ffs+0x7e>
    5d54:	fec42783          	lw	a5,-20(s0)
    5d58:	87c1                	srai	a5,a5,0x10
    5d5a:	0ff7f713          	andi	a4,a5,255
    5d5e:	67b1                	lui	a5,0xc
    5d60:	1cc78793          	addi	a5,a5,460 # c1cc <__lowest_bit_bitmap>
    5d64:	97ba                	add	a5,a5,a4
    5d66:	239c                	lbu	a5,0(a5)
    5d68:	07c5                	addi	a5,a5,17
    5d6a:	a819                	j	5d80 <__rt_ffs+0x92>
    5d6c:	fec42783          	lw	a5,-20(s0)
    5d70:	0187d713          	srli	a4,a5,0x18
    5d74:	67b1                	lui	a5,0xc
    5d76:	1cc78793          	addi	a5,a5,460 # c1cc <__lowest_bit_bitmap>
    5d7a:	97ba                	add	a5,a5,a4
    5d7c:	239c                	lbu	a5,0(a5)
    5d7e:	07e5                	addi	a5,a5,25
    5d80:	853e                	mv	a0,a5
    5d82:	4472                	lw	s0,28(sp)
    5d84:	6105                	addi	sp,sp,32
    5d86:	8082                	ret

00005d88 <plug_holes>:
    5d88:	7179                	addi	sp,sp,-48
    5d8a:	d622                	sw	s0,44(sp)
    5d8c:	1800                	addi	s0,sp,48
    5d8e:	fca42e23          	sw	a0,-36(s0)
    5d92:	84c1a703          	lw	a4,-1972(gp) # 2000013c <heap_ptr>
    5d96:	fdc42783          	lw	a5,-36(s0)
    5d9a:	43dc                	lw	a5,4(a5)
    5d9c:	97ba                	add	a5,a5,a4
    5d9e:	fef42623          	sw	a5,-20(s0)
    5da2:	fdc42703          	lw	a4,-36(s0)
    5da6:	fec42783          	lw	a5,-20(s0)
    5daa:	04f70a63          	beq	a4,a5,5dfe <plug_holes+0x76>
    5dae:	fec42783          	lw	a5,-20(s0)
    5db2:	23be                	lhu	a5,2(a5)
    5db4:	e7a9                	bnez	a5,5dfe <plug_holes+0x76>
    5db6:	8501a783          	lw	a5,-1968(gp) # 20000140 <heap_end>
    5dba:	fec42703          	lw	a4,-20(s0)
    5dbe:	04f70063          	beq	a4,a5,5dfe <plug_holes+0x76>
    5dc2:	8541a783          	lw	a5,-1964(gp) # 20000144 <lfree>
    5dc6:	fec42703          	lw	a4,-20(s0)
    5dca:	00f71663          	bne	a4,a5,5dd6 <plug_holes+0x4e>
    5dce:	fdc42703          	lw	a4,-36(s0)
    5dd2:	84e1aa23          	sw	a4,-1964(gp) # 20000144 <lfree>
    5dd6:	fec42783          	lw	a5,-20(s0)
    5dda:	43d8                	lw	a4,4(a5)
    5ddc:	fdc42783          	lw	a5,-36(s0)
    5de0:	c3d8                	sw	a4,4(a5)
    5de2:	84c1a783          	lw	a5,-1972(gp) # 2000013c <heap_ptr>
    5de6:	fdc42703          	lw	a4,-36(s0)
    5dea:	40f706b3          	sub	a3,a4,a5
    5dee:	84c1a703          	lw	a4,-1972(gp) # 2000013c <heap_ptr>
    5df2:	fec42783          	lw	a5,-20(s0)
    5df6:	43dc                	lw	a5,4(a5)
    5df8:	97ba                	add	a5,a5,a4
    5dfa:	8736                	mv	a4,a3
    5dfc:	c798                	sw	a4,8(a5)
    5dfe:	84c1a703          	lw	a4,-1972(gp) # 2000013c <heap_ptr>
    5e02:	fdc42783          	lw	a5,-36(s0)
    5e06:	479c                	lw	a5,8(a5)
    5e08:	97ba                	add	a5,a5,a4
    5e0a:	fef42423          	sw	a5,-24(s0)
    5e0e:	fe842703          	lw	a4,-24(s0)
    5e12:	fdc42783          	lw	a5,-36(s0)
    5e16:	04f70463          	beq	a4,a5,5e5e <plug_holes+0xd6>
    5e1a:	fe842783          	lw	a5,-24(s0)
    5e1e:	23be                	lhu	a5,2(a5)
    5e20:	ef9d                	bnez	a5,5e5e <plug_holes+0xd6>
    5e22:	8541a783          	lw	a5,-1964(gp) # 20000144 <lfree>
    5e26:	fdc42703          	lw	a4,-36(s0)
    5e2a:	00f71663          	bne	a4,a5,5e36 <plug_holes+0xae>
    5e2e:	fe842703          	lw	a4,-24(s0)
    5e32:	84e1aa23          	sw	a4,-1964(gp) # 20000144 <lfree>
    5e36:	fdc42783          	lw	a5,-36(s0)
    5e3a:	43d8                	lw	a4,4(a5)
    5e3c:	fe842783          	lw	a5,-24(s0)
    5e40:	c3d8                	sw	a4,4(a5)
    5e42:	84c1a783          	lw	a5,-1972(gp) # 2000013c <heap_ptr>
    5e46:	fe842703          	lw	a4,-24(s0)
    5e4a:	40f706b3          	sub	a3,a4,a5
    5e4e:	84c1a703          	lw	a4,-1972(gp) # 2000013c <heap_ptr>
    5e52:	fdc42783          	lw	a5,-36(s0)
    5e56:	43dc                	lw	a5,4(a5)
    5e58:	97ba                	add	a5,a5,a4
    5e5a:	8736                	mv	a4,a3
    5e5c:	c798                	sw	a4,8(a5)
    5e5e:	0001                	nop
    5e60:	5432                	lw	s0,44(sp)
    5e62:	6145                	addi	sp,sp,48
    5e64:	8082                	ret

00005e66 <rt_system_heap_init>:
    5e66:	7179                	addi	sp,sp,-48
    5e68:	d606                	sw	ra,44(sp)
    5e6a:	d422                	sw	s0,40(sp)
    5e6c:	1800                	addi	s0,sp,48
    5e6e:	fca42e23          	sw	a0,-36(s0)
    5e72:	fcb42c23          	sw	a1,-40(s0)
    5e76:	fdc42783          	lw	a5,-36(s0)
    5e7a:	078d                	addi	a5,a5,3
    5e7c:	9bf1                	andi	a5,a5,-4
    5e7e:	fef42623          	sw	a5,-20(s0)
    5e82:	fd842783          	lw	a5,-40(s0)
    5e86:	9bf1                	andi	a5,a5,-4
    5e88:	fef42423          	sw	a5,-24(s0)
    5e8c:	fe842703          	lw	a4,-24(s0)
    5e90:	47e1                	li	a5,24
    5e92:	0ae7fc63          	bgeu	a5,a4,5f4a <rt_system_heap_init+0xe4>
    5e96:	fe842783          	lw	a5,-24(s0)
    5e9a:	17a1                	addi	a5,a5,-24
    5e9c:	fec42703          	lw	a4,-20(s0)
    5ea0:	0ae7e563          	bltu	a5,a4,5f4a <rt_system_heap_init+0xe4>
    5ea4:	fe842703          	lw	a4,-24(s0)
    5ea8:	fec42783          	lw	a5,-20(s0)
    5eac:	40f707b3          	sub	a5,a4,a5
    5eb0:	fe878713          	addi	a4,a5,-24
    5eb4:	84e1ac23          	sw	a4,-1960(gp) # 20000148 <mem_size_aligned>
    5eb8:	fec42703          	lw	a4,-20(s0)
    5ebc:	84e1a623          	sw	a4,-1972(gp) # 2000013c <heap_ptr>
    5ec0:	84c1a783          	lw	a5,-1972(gp) # 2000013c <heap_ptr>
    5ec4:	fef42223          	sw	a5,-28(s0)
    5ec8:	fe442783          	lw	a5,-28(s0)
    5ecc:	6709                	lui	a4,0x2
    5ece:	ea070713          	addi	a4,a4,-352 # 1ea0 <lora3a22_set_work_mode+0x1a2>
    5ed2:	a39a                	sh	a4,0(a5)
    5ed4:	8581a783          	lw	a5,-1960(gp) # 20000148 <mem_size_aligned>
    5ed8:	00c78713          	addi	a4,a5,12
    5edc:	fe442783          	lw	a5,-28(s0)
    5ee0:	c3d8                	sw	a4,4(a5)
    5ee2:	fe442783          	lw	a5,-28(s0)
    5ee6:	0007a423          	sw	zero,8(a5)
    5eea:	fe442783          	lw	a5,-28(s0)
    5eee:	00079123          	sh	zero,2(a5)
    5ef2:	84c1a703          	lw	a4,-1972(gp) # 2000013c <heap_ptr>
    5ef6:	fe442783          	lw	a5,-28(s0)
    5efa:	43dc                	lw	a5,4(a5)
    5efc:	973e                	add	a4,a4,a5
    5efe:	84e1a823          	sw	a4,-1968(gp) # 20000140 <heap_end>
    5f02:	8501a783          	lw	a5,-1968(gp) # 20000140 <heap_end>
    5f06:	6709                	lui	a4,0x2
    5f08:	ea070713          	addi	a4,a4,-352 # 1ea0 <lora3a22_set_work_mode+0x1a2>
    5f0c:	a39a                	sh	a4,0(a5)
    5f0e:	8501a783          	lw	a5,-1968(gp) # 20000140 <heap_end>
    5f12:	4705                	li	a4,1
    5f14:	a3ba                	sh	a4,2(a5)
    5f16:	8581a703          	lw	a4,-1960(gp) # 20000148 <mem_size_aligned>
    5f1a:	8501a783          	lw	a5,-1968(gp) # 20000140 <heap_end>
    5f1e:	0731                	addi	a4,a4,12
    5f20:	c3d8                	sw	a4,4(a5)
    5f22:	8581a703          	lw	a4,-1960(gp) # 20000148 <mem_size_aligned>
    5f26:	8501a783          	lw	a5,-1968(gp) # 20000140 <heap_end>
    5f2a:	0731                	addi	a4,a4,12
    5f2c:	c798                	sw	a4,8(a5)
    5f2e:	4681                	li	a3,0
    5f30:	4605                	li	a2,1
    5f32:	67ad                	lui	a5,0xb
    5f34:	7dc78593          	addi	a1,a5,2012 # b7dc <__malloc_unlock+0x456>
    5f38:	cf818513          	addi	a0,gp,-776 # 200005e8 <heap_sem>
    5f3c:	a9afe0ef          	jal	ra,41d6 <rt_sem_init>
    5f40:	84c1a703          	lw	a4,-1972(gp) # 2000013c <heap_ptr>
    5f44:	84e1aa23          	sw	a4,-1964(gp) # 20000144 <lfree>
    5f48:	a829                	j	5f62 <rt_system_heap_init+0xfc>
    5f4a:	fdc42783          	lw	a5,-36(s0)
    5f4e:	fd842703          	lw	a4,-40(s0)
    5f52:	863a                	mv	a2,a4
    5f54:	85be                	mv	a1,a5
    5f56:	67ad                	lui	a5,0xb
    5f58:	7e478513          	addi	a0,a5,2020 # b7e4 <__malloc_unlock+0x45e>
    5f5c:	ce5ff0ef          	jal	ra,5c40 <rt_kprintf>
    5f60:	0001                	nop
    5f62:	50b2                	lw	ra,44(sp)
    5f64:	5422                	lw	s0,40(sp)
    5f66:	6145                	addi	sp,sp,48
    5f68:	8082                	ret

00005f6a <rt_malloc>:
    5f6a:	7179                	addi	sp,sp,-48
    5f6c:	d606                	sw	ra,44(sp)
    5f6e:	d422                	sw	s0,40(sp)
    5f70:	1800                	addi	s0,sp,48
    5f72:	fca42e23          	sw	a0,-36(s0)
    5f76:	fdc42783          	lw	a5,-36(s0)
    5f7a:	e399                	bnez	a5,5f80 <rt_malloc+0x16>
    5f7c:	4781                	li	a5,0
    5f7e:	a429                	j	6188 <rt_malloc+0x21e>
    5f80:	fdc42783          	lw	a5,-36(s0)
    5f84:	078d                	addi	a5,a5,3
    5f86:	9bf1                	andi	a5,a5,-4
    5f88:	fcf42e23          	sw	a5,-36(s0)
    5f8c:	8581a783          	lw	a5,-1960(gp) # 20000148 <mem_size_aligned>
    5f90:	fdc42703          	lw	a4,-36(s0)
    5f94:	00e7f463          	bgeu	a5,a4,5f9c <rt_malloc+0x32>
    5f98:	4781                	li	a5,0
    5f9a:	a2fd                	j	6188 <rt_malloc+0x21e>
    5f9c:	fdc42703          	lw	a4,-36(s0)
    5fa0:	47ad                	li	a5,11
    5fa2:	00e7e563          	bltu	a5,a4,5fac <rt_malloc+0x42>
    5fa6:	47b1                	li	a5,12
    5fa8:	fcf42e23          	sw	a5,-36(s0)
    5fac:	55fd                	li	a1,-1
    5fae:	cf818513          	addi	a0,gp,-776 # 200005e8 <heap_sem>
    5fb2:	a7efe0ef          	jal	ra,4230 <rt_sem_take>
    5fb6:	8541a703          	lw	a4,-1964(gp) # 20000144 <lfree>
    5fba:	84c1a783          	lw	a5,-1972(gp) # 2000013c <heap_ptr>
    5fbe:	40f707b3          	sub	a5,a4,a5
    5fc2:	fef42623          	sw	a5,-20(s0)
    5fc6:	a255                	j	616a <rt_malloc+0x200>
    5fc8:	84c1a703          	lw	a4,-1972(gp) # 2000013c <heap_ptr>
    5fcc:	fec42783          	lw	a5,-20(s0)
    5fd0:	97ba                	add	a5,a5,a4
    5fd2:	fef42423          	sw	a5,-24(s0)
    5fd6:	fe842783          	lw	a5,-24(s0)
    5fda:	23be                	lhu	a5,2(a5)
    5fdc:	16079f63          	bnez	a5,615a <rt_malloc+0x1f0>
    5fe0:	fe842783          	lw	a5,-24(s0)
    5fe4:	43d8                	lw	a4,4(a5)
    5fe6:	fec42783          	lw	a5,-20(s0)
    5fea:	40f707b3          	sub	a5,a4,a5
    5fee:	17d1                	addi	a5,a5,-12
    5ff0:	fdc42703          	lw	a4,-36(s0)
    5ff4:	16e7e363          	bltu	a5,a4,615a <rt_malloc+0x1f0>
    5ff8:	fe842783          	lw	a5,-24(s0)
    5ffc:	43d8                	lw	a4,4(a5)
    5ffe:	fec42783          	lw	a5,-20(s0)
    6002:	40f707b3          	sub	a5,a4,a5
    6006:	ff478713          	addi	a4,a5,-12
    600a:	fdc42783          	lw	a5,-36(s0)
    600e:	07e1                	addi	a5,a5,24
    6010:	0af76463          	bltu	a4,a5,60b8 <rt_malloc+0x14e>
    6014:	fec42703          	lw	a4,-20(s0)
    6018:	fdc42783          	lw	a5,-36(s0)
    601c:	97ba                	add	a5,a5,a4
    601e:	07b1                	addi	a5,a5,12
    6020:	fef42223          	sw	a5,-28(s0)
    6024:	84c1a703          	lw	a4,-1972(gp) # 2000013c <heap_ptr>
    6028:	fe442783          	lw	a5,-28(s0)
    602c:	97ba                	add	a5,a5,a4
    602e:	fef42023          	sw	a5,-32(s0)
    6032:	fe042783          	lw	a5,-32(s0)
    6036:	6709                	lui	a4,0x2
    6038:	ea070713          	addi	a4,a4,-352 # 1ea0 <lora3a22_set_work_mode+0x1a2>
    603c:	a39a                	sh	a4,0(a5)
    603e:	fe042783          	lw	a5,-32(s0)
    6042:	00079123          	sh	zero,2(a5)
    6046:	fe842783          	lw	a5,-24(s0)
    604a:	43d8                	lw	a4,4(a5)
    604c:	fe042783          	lw	a5,-32(s0)
    6050:	c3d8                	sw	a4,4(a5)
    6052:	fe042783          	lw	a5,-32(s0)
    6056:	fec42703          	lw	a4,-20(s0)
    605a:	c798                	sw	a4,8(a5)
    605c:	fe842783          	lw	a5,-24(s0)
    6060:	fe442703          	lw	a4,-28(s0)
    6064:	c3d8                	sw	a4,4(a5)
    6066:	fe842783          	lw	a5,-24(s0)
    606a:	4705                	li	a4,1
    606c:	a3ba                	sh	a4,2(a5)
    606e:	fe042783          	lw	a5,-32(s0)
    6072:	43d8                	lw	a4,4(a5)
    6074:	8581a783          	lw	a5,-1960(gp) # 20000148 <mem_size_aligned>
    6078:	07b1                	addi	a5,a5,12
    607a:	00f70b63          	beq	a4,a5,6090 <rt_malloc+0x126>
    607e:	84c1a703          	lw	a4,-1972(gp) # 2000013c <heap_ptr>
    6082:	fe042783          	lw	a5,-32(s0)
    6086:	43dc                	lw	a5,4(a5)
    6088:	97ba                	add	a5,a5,a4
    608a:	fe442703          	lw	a4,-28(s0)
    608e:	c798                	sw	a4,8(a5)
    6090:	85c1a703          	lw	a4,-1956(gp) # 2000014c <used_mem>
    6094:	fdc42783          	lw	a5,-36(s0)
    6098:	97ba                	add	a5,a5,a4
    609a:	00c78713          	addi	a4,a5,12
    609e:	84e1ae23          	sw	a4,-1956(gp) # 2000014c <used_mem>
    60a2:	8601a703          	lw	a4,-1952(gp) # 20000150 <max_mem>
    60a6:	85c1a783          	lw	a5,-1956(gp) # 2000014c <used_mem>
    60aa:	04f77563          	bgeu	a4,a5,60f4 <rt_malloc+0x18a>
    60ae:	85c1a703          	lw	a4,-1956(gp) # 2000014c <used_mem>
    60b2:	86e1a023          	sw	a4,-1952(gp) # 20000150 <max_mem>
    60b6:	a83d                	j	60f4 <rt_malloc+0x18a>
    60b8:	fe842783          	lw	a5,-24(s0)
    60bc:	4705                	li	a4,1
    60be:	a3ba                	sh	a4,2(a5)
    60c0:	fe842783          	lw	a5,-24(s0)
    60c4:	43dc                	lw	a5,4(a5)
    60c6:	84c1a703          	lw	a4,-1972(gp) # 2000013c <heap_ptr>
    60ca:	fe842683          	lw	a3,-24(s0)
    60ce:	40e68733          	sub	a4,a3,a4
    60d2:	40e78733          	sub	a4,a5,a4
    60d6:	85c1a783          	lw	a5,-1956(gp) # 2000014c <used_mem>
    60da:	973e                	add	a4,a4,a5
    60dc:	84e1ae23          	sw	a4,-1956(gp) # 2000014c <used_mem>
    60e0:	8601a703          	lw	a4,-1952(gp) # 20000150 <max_mem>
    60e4:	85c1a783          	lw	a5,-1956(gp) # 2000014c <used_mem>
    60e8:	00f77663          	bgeu	a4,a5,60f4 <rt_malloc+0x18a>
    60ec:	85c1a703          	lw	a4,-1956(gp) # 2000014c <used_mem>
    60f0:	86e1a023          	sw	a4,-1952(gp) # 20000150 <max_mem>
    60f4:	fe842783          	lw	a5,-24(s0)
    60f8:	6709                	lui	a4,0x2
    60fa:	ea070713          	addi	a4,a4,-352 # 1ea0 <lora3a22_set_work_mode+0x1a2>
    60fe:	a39a                	sh	a4,0(a5)
    6100:	8541a783          	lw	a5,-1964(gp) # 20000144 <lfree>
    6104:	fe842703          	lw	a4,-24(s0)
    6108:	02f71563          	bne	a4,a5,6132 <rt_malloc+0x1c8>
    610c:	a809                	j	611e <rt_malloc+0x1b4>
    610e:	84c1a703          	lw	a4,-1972(gp) # 2000013c <heap_ptr>
    6112:	8541a783          	lw	a5,-1964(gp) # 20000144 <lfree>
    6116:	43dc                	lw	a5,4(a5)
    6118:	973e                	add	a4,a4,a5
    611a:	84e1aa23          	sw	a4,-1964(gp) # 20000144 <lfree>
    611e:	8541a783          	lw	a5,-1964(gp) # 20000144 <lfree>
    6122:	23be                	lhu	a5,2(a5)
    6124:	c799                	beqz	a5,6132 <rt_malloc+0x1c8>
    6126:	8541a703          	lw	a4,-1964(gp) # 20000144 <lfree>
    612a:	8501a783          	lw	a5,-1968(gp) # 20000140 <heap_end>
    612e:	fef710e3          	bne	a4,a5,610e <rt_malloc+0x1a4>
    6132:	cf818513          	addi	a0,gp,-776 # 200005e8 <heap_sem>
    6136:	9e8fe0ef          	jal	ra,431e <rt_sem_release>
    613a:	8441a783          	lw	a5,-1980(gp) # 20000134 <rt_malloc_hook>
    613e:	cb91                	beqz	a5,6152 <rt_malloc+0x1e8>
    6140:	8441a703          	lw	a4,-1980(gp) # 20000134 <rt_malloc_hook>
    6144:	fe842783          	lw	a5,-24(s0)
    6148:	07b1                	addi	a5,a5,12
    614a:	fdc42583          	lw	a1,-36(s0)
    614e:	853e                	mv	a0,a5
    6150:	9702                	jalr	a4
    6152:	fe842783          	lw	a5,-24(s0)
    6156:	07b1                	addi	a5,a5,12
    6158:	a805                	j	6188 <rt_malloc+0x21e>
    615a:	84c1a703          	lw	a4,-1972(gp) # 2000013c <heap_ptr>
    615e:	fec42783          	lw	a5,-20(s0)
    6162:	97ba                	add	a5,a5,a4
    6164:	43dc                	lw	a5,4(a5)
    6166:	fef42623          	sw	a5,-20(s0)
    616a:	8581a703          	lw	a4,-1960(gp) # 20000148 <mem_size_aligned>
    616e:	fdc42783          	lw	a5,-36(s0)
    6172:	40f707b3          	sub	a5,a4,a5
    6176:	fec42703          	lw	a4,-20(s0)
    617a:	e4f767e3          	bltu	a4,a5,5fc8 <rt_malloc+0x5e>
    617e:	cf818513          	addi	a0,gp,-776 # 200005e8 <heap_sem>
    6182:	99cfe0ef          	jal	ra,431e <rt_sem_release>
    6186:	4781                	li	a5,0
    6188:	853e                	mv	a0,a5
    618a:	50b2                	lw	ra,44(sp)
    618c:	5422                	lw	s0,40(sp)
    618e:	6145                	addi	sp,sp,48
    6190:	8082                	ret

00006192 <rt_calloc>:
    6192:	7179                	addi	sp,sp,-48
    6194:	d606                	sw	ra,44(sp)
    6196:	d422                	sw	s0,40(sp)
    6198:	1800                	addi	s0,sp,48
    619a:	fca42e23          	sw	a0,-36(s0)
    619e:	fcb42c23          	sw	a1,-40(s0)
    61a2:	fdc42703          	lw	a4,-36(s0)
    61a6:	fd842783          	lw	a5,-40(s0)
    61aa:	02f707b3          	mul	a5,a4,a5
    61ae:	853e                	mv	a0,a5
    61b0:	dbbff0ef          	jal	ra,5f6a <rt_malloc>
    61b4:	fea42623          	sw	a0,-20(s0)
    61b8:	fec42783          	lw	a5,-20(s0)
    61bc:	cf89                	beqz	a5,61d6 <rt_calloc+0x44>
    61be:	fdc42703          	lw	a4,-36(s0)
    61c2:	fd842783          	lw	a5,-40(s0)
    61c6:	02f707b3          	mul	a5,a4,a5
    61ca:	863e                	mv	a2,a5
    61cc:	4581                	li	a1,0
    61ce:	fec42503          	lw	a0,-20(s0)
    61d2:	db9fe0ef          	jal	ra,4f8a <rt_memset>
    61d6:	fec42783          	lw	a5,-20(s0)
    61da:	853e                	mv	a0,a5
    61dc:	50b2                	lw	ra,44(sp)
    61de:	5422                	lw	s0,40(sp)
    61e0:	6145                	addi	sp,sp,48
    61e2:	8082                	ret

000061e4 <rt_free>:
    61e4:	7179                	addi	sp,sp,-48
    61e6:	d606                	sw	ra,44(sp)
    61e8:	d422                	sw	s0,40(sp)
    61ea:	1800                	addi	s0,sp,48
    61ec:	fca42e23          	sw	a0,-36(s0)
    61f0:	fdc42783          	lw	a5,-36(s0)
    61f4:	0c078e63          	beqz	a5,62d0 <rt_free+0xec>
    61f8:	8481a783          	lw	a5,-1976(gp) # 20000138 <rt_free_hook>
    61fc:	c791                	beqz	a5,6208 <rt_free+0x24>
    61fe:	8481a783          	lw	a5,-1976(gp) # 20000138 <rt_free_hook>
    6202:	fdc42503          	lw	a0,-36(s0)
    6206:	9782                	jalr	a5
    6208:	84c1a783          	lw	a5,-1972(gp) # 2000013c <heap_ptr>
    620c:	fdc42703          	lw	a4,-36(s0)
    6210:	0cf76263          	bltu	a4,a5,62d4 <rt_free+0xf0>
    6214:	8501a783          	lw	a5,-1968(gp) # 20000140 <heap_end>
    6218:	fdc42703          	lw	a4,-36(s0)
    621c:	0af77c63          	bgeu	a4,a5,62d4 <rt_free+0xf0>
    6220:	fdc42783          	lw	a5,-36(s0)
    6224:	17d1                	addi	a5,a5,-12
    6226:	fef42623          	sw	a5,-20(s0)
    622a:	55fd                	li	a1,-1
    622c:	cf818513          	addi	a0,gp,-776 # 200005e8 <heap_sem>
    6230:	800fe0ef          	jal	ra,4230 <rt_sem_take>
    6234:	fec42783          	lw	a5,-20(s0)
    6238:	23be                	lhu	a5,2(a5)
    623a:	cb89                	beqz	a5,624c <rt_free+0x68>
    623c:	fec42783          	lw	a5,-20(s0)
    6240:	239a                	lhu	a4,0(a5)
    6242:	6789                	lui	a5,0x2
    6244:	ea078793          	addi	a5,a5,-352 # 1ea0 <lora3a22_set_work_mode+0x1a2>
    6248:	02f70763          	beq	a4,a5,6276 <rt_free+0x92>
    624c:	67b1                	lui	a5,0xc
    624e:	82078513          	addi	a0,a5,-2016 # b820 <__malloc_unlock+0x49a>
    6252:	9efff0ef          	jal	ra,5c40 <rt_kprintf>
    6256:	fec42783          	lw	a5,-20(s0)
    625a:	23be                	lhu	a5,2(a5)
    625c:	873e                	mv	a4,a5
    625e:	fec42783          	lw	a5,-20(s0)
    6262:	239e                	lhu	a5,0(a5)
    6264:	86be                	mv	a3,a5
    6266:	863a                	mv	a2,a4
    6268:	fec42583          	lw	a1,-20(s0)
    626c:	67b1                	lui	a5,0xc
    626e:	83c78513          	addi	a0,a5,-1988 # b83c <__malloc_unlock+0x4b6>
    6272:	9cfff0ef          	jal	ra,5c40 <rt_kprintf>
    6276:	fec42783          	lw	a5,-20(s0)
    627a:	00079123          	sh	zero,2(a5)
    627e:	fec42783          	lw	a5,-20(s0)
    6282:	6709                	lui	a4,0x2
    6284:	ea070713          	addi	a4,a4,-352 # 1ea0 <lora3a22_set_work_mode+0x1a2>
    6288:	a39a                	sh	a4,0(a5)
    628a:	8541a783          	lw	a5,-1964(gp) # 20000144 <lfree>
    628e:	fec42703          	lw	a4,-20(s0)
    6292:	00f77663          	bgeu	a4,a5,629e <rt_free+0xba>
    6296:	fec42703          	lw	a4,-20(s0)
    629a:	84e1aa23          	sw	a4,-1964(gp) # 20000144 <lfree>
    629e:	84c1a783          	lw	a5,-1972(gp) # 2000013c <heap_ptr>
    62a2:	fec42703          	lw	a4,-20(s0)
    62a6:	40f707b3          	sub	a5,a4,a5
    62aa:	873e                	mv	a4,a5
    62ac:	fec42783          	lw	a5,-20(s0)
    62b0:	43dc                	lw	a5,4(a5)
    62b2:	8f1d                	sub	a4,a4,a5
    62b4:	85c1a783          	lw	a5,-1956(gp) # 2000014c <used_mem>
    62b8:	973e                	add	a4,a4,a5
    62ba:	84e1ae23          	sw	a4,-1956(gp) # 2000014c <used_mem>
    62be:	fec42503          	lw	a0,-20(s0)
    62c2:	ac7ff0ef          	jal	ra,5d88 <plug_holes>
    62c6:	cf818513          	addi	a0,gp,-776 # 200005e8 <heap_sem>
    62ca:	854fe0ef          	jal	ra,431e <rt_sem_release>
    62ce:	a021                	j	62d6 <rt_free+0xf2>
    62d0:	0001                	nop
    62d2:	a011                	j	62d6 <rt_free+0xf2>
    62d4:	0001                	nop
    62d6:	50b2                	lw	ra,44(sp)
    62d8:	5422                	lw	s0,40(sp)
    62da:	6145                	addi	sp,sp,48
    62dc:	8082                	ret

000062de <list_mem>:
    62de:	1141                	addi	sp,sp,-16
    62e0:	c606                	sw	ra,12(sp)
    62e2:	c422                	sw	s0,8(sp)
    62e4:	0800                	addi	s0,sp,16
    62e6:	8581a783          	lw	a5,-1960(gp) # 20000148 <mem_size_aligned>
    62ea:	85be                	mv	a1,a5
    62ec:	67b1                	lui	a5,0xc
    62ee:	86c78513          	addi	a0,a5,-1940 # b86c <__malloc_unlock+0x4e6>
    62f2:	94fff0ef          	jal	ra,5c40 <rt_kprintf>
    62f6:	85c1a783          	lw	a5,-1956(gp) # 2000014c <used_mem>
    62fa:	85be                	mv	a1,a5
    62fc:	67b1                	lui	a5,0xc
    62fe:	88078513          	addi	a0,a5,-1920 # b880 <__malloc_unlock+0x4fa>
    6302:	93fff0ef          	jal	ra,5c40 <rt_kprintf>
    6306:	8601a783          	lw	a5,-1952(gp) # 20000150 <max_mem>
    630a:	85be                	mv	a1,a5
    630c:	67b1                	lui	a5,0xc
    630e:	89478513          	addi	a0,a5,-1900 # b894 <__malloc_unlock+0x50e>
    6312:	92fff0ef          	jal	ra,5c40 <rt_kprintf>
    6316:	0001                	nop
    6318:	40b2                	lw	ra,12(sp)
    631a:	4422                	lw	s0,8(sp)
    631c:	0141                	addi	sp,sp,16
    631e:	8082                	ret

00006320 <rt_list_insert_after>:
    6320:	1101                	addi	sp,sp,-32
    6322:	ce22                	sw	s0,28(sp)
    6324:	1000                	addi	s0,sp,32
    6326:	fea42623          	sw	a0,-20(s0)
    632a:	feb42423          	sw	a1,-24(s0)
    632e:	fec42783          	lw	a5,-20(s0)
    6332:	439c                	lw	a5,0(a5)
    6334:	fe842703          	lw	a4,-24(s0)
    6338:	c3d8                	sw	a4,4(a5)
    633a:	fec42783          	lw	a5,-20(s0)
    633e:	4398                	lw	a4,0(a5)
    6340:	fe842783          	lw	a5,-24(s0)
    6344:	c398                	sw	a4,0(a5)
    6346:	fec42783          	lw	a5,-20(s0)
    634a:	fe842703          	lw	a4,-24(s0)
    634e:	c398                	sw	a4,0(a5)
    6350:	fe842783          	lw	a5,-24(s0)
    6354:	fec42703          	lw	a4,-20(s0)
    6358:	c3d8                	sw	a4,4(a5)
    635a:	0001                	nop
    635c:	4472                	lw	s0,28(sp)
    635e:	6105                	addi	sp,sp,32
    6360:	8082                	ret

00006362 <rt_list_remove>:
    6362:	1101                	addi	sp,sp,-32
    6364:	ce22                	sw	s0,28(sp)
    6366:	1000                	addi	s0,sp,32
    6368:	fea42623          	sw	a0,-20(s0)
    636c:	fec42783          	lw	a5,-20(s0)
    6370:	439c                	lw	a5,0(a5)
    6372:	fec42703          	lw	a4,-20(s0)
    6376:	4358                	lw	a4,4(a4)
    6378:	c3d8                	sw	a4,4(a5)
    637a:	fec42783          	lw	a5,-20(s0)
    637e:	43dc                	lw	a5,4(a5)
    6380:	fec42703          	lw	a4,-20(s0)
    6384:	4318                	lw	a4,0(a4)
    6386:	c398                	sw	a4,0(a5)
    6388:	fec42783          	lw	a5,-20(s0)
    638c:	fec42703          	lw	a4,-20(s0)
    6390:	c3d8                	sw	a4,4(a5)
    6392:	fec42783          	lw	a5,-20(s0)
    6396:	43d8                	lw	a4,4(a5)
    6398:	fec42783          	lw	a5,-20(s0)
    639c:	c398                	sw	a4,0(a5)
    639e:	0001                	nop
    63a0:	4472                	lw	s0,28(sp)
    63a2:	6105                	addi	sp,sp,32
    63a4:	8082                	ret

000063a6 <rt_object_get_information>:
    63a6:	7179                	addi	sp,sp,-48
    63a8:	d622                	sw	s0,44(sp)
    63aa:	1800                	addi	s0,sp,48
    63ac:	fca42e23          	sw	a0,-36(s0)
    63b0:	fe042623          	sw	zero,-20(s0)
    63b4:	a82d                	j	63ee <rt_object_get_information+0x48>
    63b6:	200007b7          	lui	a5,0x20000
    63ba:	fec42703          	lw	a4,-20(s0)
    63be:	0712                	slli	a4,a4,0x4
    63c0:	01078793          	addi	a5,a5,16 # 20000010 <rt_object_container>
    63c4:	97ba                	add	a5,a5,a4
    63c6:	439c                	lw	a5,0(a5)
    63c8:	fdc42703          	lw	a4,-36(s0)
    63cc:	00f71c63          	bne	a4,a5,63e4 <rt_object_get_information+0x3e>
    63d0:	fec42783          	lw	a5,-20(s0)
    63d4:	00479713          	slli	a4,a5,0x4
    63d8:	200007b7          	lui	a5,0x20000
    63dc:	01078793          	addi	a5,a5,16 # 20000010 <rt_object_container>
    63e0:	97ba                	add	a5,a5,a4
    63e2:	a821                	j	63fa <rt_object_get_information+0x54>
    63e4:	fec42783          	lw	a5,-20(s0)
    63e8:	0785                	addi	a5,a5,1
    63ea:	fef42623          	sw	a5,-20(s0)
    63ee:	fec42703          	lw	a4,-20(s0)
    63f2:	479d                	li	a5,7
    63f4:	fce7d1e3          	bge	a5,a4,63b6 <rt_object_get_information+0x10>
    63f8:	4781                	li	a5,0
    63fa:	853e                	mv	a0,a5
    63fc:	5432                	lw	s0,44(sp)
    63fe:	6145                	addi	sp,sp,48
    6400:	8082                	ret

00006402 <rt_object_init>:
    6402:	7179                	addi	sp,sp,-48
    6404:	d606                	sw	ra,44(sp)
    6406:	d422                	sw	s0,40(sp)
    6408:	d226                	sw	s1,36(sp)
    640a:	1800                	addi	s0,sp,48
    640c:	fca42e23          	sw	a0,-36(s0)
    6410:	fcb42c23          	sw	a1,-40(s0)
    6414:	fcc42a23          	sw	a2,-44(s0)
    6418:	fe042623          	sw	zero,-20(s0)
    641c:	fd842503          	lw	a0,-40(s0)
    6420:	f87ff0ef          	jal	ra,63a6 <rt_object_get_information>
    6424:	fea42423          	sw	a0,-24(s0)
    6428:	2b09                	jal	693a <rt_enter_critical>
    642a:	fe842783          	lw	a5,-24(s0)
    642e:	43dc                	lw	a5,4(a5)
    6430:	fef42623          	sw	a5,-20(s0)
    6434:	a819                	j	644a <rt_object_init+0x48>
    6436:	fec42783          	lw	a5,-20(s0)
    643a:	17b1                	addi	a5,a5,-20
    643c:	fef42223          	sw	a5,-28(s0)
    6440:	fec42783          	lw	a5,-20(s0)
    6444:	439c                	lw	a5,0(a5)
    6446:	fef42623          	sw	a5,-20(s0)
    644a:	fe842783          	lw	a5,-24(s0)
    644e:	0791                	addi	a5,a5,4
    6450:	fec42703          	lw	a4,-20(s0)
    6454:	fef711e3          	bne	a4,a5,6436 <rt_object_init+0x34>
    6458:	2b21                	jal	6970 <rt_exit_critical>
    645a:	fd842783          	lw	a5,-40(s0)
    645e:	0ff7f793          	andi	a5,a5,255
    6462:	f807e793          	ori	a5,a5,-128
    6466:	0ff7f713          	andi	a4,a5,255
    646a:	fdc42783          	lw	a5,-36(s0)
    646e:	ab98                	sb	a4,16(a5)
    6470:	fdc42783          	lw	a5,-36(s0)
    6474:	4641                	li	a2,16
    6476:	fd442583          	lw	a1,-44(s0)
    647a:	853e                	mv	a0,a5
    647c:	cf7fe0ef          	jal	ra,5172 <rt_strncpy>
    6480:	8641a783          	lw	a5,-1948(gp) # 20000154 <rt_object_attach_hook>
    6484:	c791                	beqz	a5,6490 <rt_object_init+0x8e>
    6486:	8641a783          	lw	a5,-1948(gp) # 20000154 <rt_object_attach_hook>
    648a:	fdc42503          	lw	a0,-36(s0)
    648e:	9782                	jalr	a5
    6490:	406010ef          	jal	ra,7896 <rt_hw_interrupt_disable>
    6494:	84aa                	mv	s1,a0
    6496:	fe842783          	lw	a5,-24(s0)
    649a:	00478713          	addi	a4,a5,4
    649e:	fdc42783          	lw	a5,-36(s0)
    64a2:	07d1                	addi	a5,a5,20
    64a4:	85be                	mv	a1,a5
    64a6:	853a                	mv	a0,a4
    64a8:	e79ff0ef          	jal	ra,6320 <rt_list_insert_after>
    64ac:	8526                	mv	a0,s1
    64ae:	40c010ef          	jal	ra,78ba <rt_hw_interrupt_enable>
    64b2:	0001                	nop
    64b4:	50b2                	lw	ra,44(sp)
    64b6:	5422                	lw	s0,40(sp)
    64b8:	5492                	lw	s1,36(sp)
    64ba:	6145                	addi	sp,sp,48
    64bc:	8082                	ret

000064be <rt_object_detach>:
    64be:	1101                	addi	sp,sp,-32
    64c0:	ce06                	sw	ra,28(sp)
    64c2:	cc22                	sw	s0,24(sp)
    64c4:	ca26                	sw	s1,20(sp)
    64c6:	1000                	addi	s0,sp,32
    64c8:	fea42623          	sw	a0,-20(s0)
    64cc:	8681a783          	lw	a5,-1944(gp) # 20000158 <rt_object_detach_hook>
    64d0:	c791                	beqz	a5,64dc <rt_object_detach+0x1e>
    64d2:	8681a783          	lw	a5,-1944(gp) # 20000158 <rt_object_detach_hook>
    64d6:	fec42503          	lw	a0,-20(s0)
    64da:	9782                	jalr	a5
    64dc:	fec42783          	lw	a5,-20(s0)
    64e0:	00078823          	sb	zero,16(a5)
    64e4:	3b2010ef          	jal	ra,7896 <rt_hw_interrupt_disable>
    64e8:	84aa                	mv	s1,a0
    64ea:	fec42783          	lw	a5,-20(s0)
    64ee:	07d1                	addi	a5,a5,20
    64f0:	853e                	mv	a0,a5
    64f2:	e71ff0ef          	jal	ra,6362 <rt_list_remove>
    64f6:	8526                	mv	a0,s1
    64f8:	3c2010ef          	jal	ra,78ba <rt_hw_interrupt_enable>
    64fc:	0001                	nop
    64fe:	40f2                	lw	ra,28(sp)
    6500:	4462                	lw	s0,24(sp)
    6502:	44d2                	lw	s1,20(sp)
    6504:	6105                	addi	sp,sp,32
    6506:	8082                	ret

00006508 <rt_object_allocate>:
    6508:	7179                	addi	sp,sp,-48
    650a:	d606                	sw	ra,44(sp)
    650c:	d422                	sw	s0,40(sp)
    650e:	d226                	sw	s1,36(sp)
    6510:	1800                	addi	s0,sp,48
    6512:	fca42e23          	sw	a0,-36(s0)
    6516:	fcb42c23          	sw	a1,-40(s0)
    651a:	fdc42503          	lw	a0,-36(s0)
    651e:	e89ff0ef          	jal	ra,63a6 <rt_object_get_information>
    6522:	fea42623          	sw	a0,-20(s0)
    6526:	fec42783          	lw	a5,-20(s0)
    652a:	47dc                	lw	a5,12(a5)
    652c:	853e                	mv	a0,a5
    652e:	a3dff0ef          	jal	ra,5f6a <rt_malloc>
    6532:	fea42423          	sw	a0,-24(s0)
    6536:	fe842783          	lw	a5,-24(s0)
    653a:	e399                	bnez	a5,6540 <rt_object_allocate+0x38>
    653c:	4781                	li	a5,0
    653e:	a885                	j	65ae <rt_object_allocate+0xa6>
    6540:	fec42783          	lw	a5,-20(s0)
    6544:	47dc                	lw	a5,12(a5)
    6546:	863e                	mv	a2,a5
    6548:	4581                	li	a1,0
    654a:	fe842503          	lw	a0,-24(s0)
    654e:	a3dfe0ef          	jal	ra,4f8a <rt_memset>
    6552:	fdc42783          	lw	a5,-36(s0)
    6556:	0ff7f713          	andi	a4,a5,255
    655a:	fe842783          	lw	a5,-24(s0)
    655e:	ab98                	sb	a4,16(a5)
    6560:	fe842783          	lw	a5,-24(s0)
    6564:	000788a3          	sb	zero,17(a5)
    6568:	fe842783          	lw	a5,-24(s0)
    656c:	4641                	li	a2,16
    656e:	fd842583          	lw	a1,-40(s0)
    6572:	853e                	mv	a0,a5
    6574:	bfffe0ef          	jal	ra,5172 <rt_strncpy>
    6578:	8641a783          	lw	a5,-1948(gp) # 20000154 <rt_object_attach_hook>
    657c:	c791                	beqz	a5,6588 <rt_object_allocate+0x80>
    657e:	8641a783          	lw	a5,-1948(gp) # 20000154 <rt_object_attach_hook>
    6582:	fe842503          	lw	a0,-24(s0)
    6586:	9782                	jalr	a5
    6588:	30e010ef          	jal	ra,7896 <rt_hw_interrupt_disable>
    658c:	84aa                	mv	s1,a0
    658e:	fec42783          	lw	a5,-20(s0)
    6592:	00478713          	addi	a4,a5,4
    6596:	fe842783          	lw	a5,-24(s0)
    659a:	07d1                	addi	a5,a5,20
    659c:	85be                	mv	a1,a5
    659e:	853a                	mv	a0,a4
    65a0:	d81ff0ef          	jal	ra,6320 <rt_list_insert_after>
    65a4:	8526                	mv	a0,s1
    65a6:	314010ef          	jal	ra,78ba <rt_hw_interrupt_enable>
    65aa:	fe842783          	lw	a5,-24(s0)
    65ae:	853e                	mv	a0,a5
    65b0:	50b2                	lw	ra,44(sp)
    65b2:	5422                	lw	s0,40(sp)
    65b4:	5492                	lw	s1,36(sp)
    65b6:	6145                	addi	sp,sp,48
    65b8:	8082                	ret

000065ba <rt_object_delete>:
    65ba:	1101                	addi	sp,sp,-32
    65bc:	ce06                	sw	ra,28(sp)
    65be:	cc22                	sw	s0,24(sp)
    65c0:	ca26                	sw	s1,20(sp)
    65c2:	1000                	addi	s0,sp,32
    65c4:	fea42623          	sw	a0,-20(s0)
    65c8:	8681a783          	lw	a5,-1944(gp) # 20000158 <rt_object_detach_hook>
    65cc:	c791                	beqz	a5,65d8 <rt_object_delete+0x1e>
    65ce:	8681a783          	lw	a5,-1944(gp) # 20000158 <rt_object_detach_hook>
    65d2:	fec42503          	lw	a0,-20(s0)
    65d6:	9782                	jalr	a5
    65d8:	fec42783          	lw	a5,-20(s0)
    65dc:	00078823          	sb	zero,16(a5)
    65e0:	2b6010ef          	jal	ra,7896 <rt_hw_interrupt_disable>
    65e4:	84aa                	mv	s1,a0
    65e6:	fec42783          	lw	a5,-20(s0)
    65ea:	07d1                	addi	a5,a5,20
    65ec:	853e                	mv	a0,a5
    65ee:	d75ff0ef          	jal	ra,6362 <rt_list_remove>
    65f2:	8526                	mv	a0,s1
    65f4:	2c6010ef          	jal	ra,78ba <rt_hw_interrupt_enable>
    65f8:	fec42503          	lw	a0,-20(s0)
    65fc:	be9ff0ef          	jal	ra,61e4 <rt_free>
    6600:	0001                	nop
    6602:	40f2                	lw	ra,28(sp)
    6604:	4462                	lw	s0,24(sp)
    6606:	44d2                	lw	s1,20(sp)
    6608:	6105                	addi	sp,sp,32
    660a:	8082                	ret

0000660c <rt_object_is_systemobject>:
    660c:	1101                	addi	sp,sp,-32
    660e:	ce22                	sw	s0,28(sp)
    6610:	1000                	addi	s0,sp,32
    6612:	fea42623          	sw	a0,-20(s0)
    6616:	fec42783          	lw	a5,-20(s0)
    661a:	2b9c                	lbu	a5,16(a5)
    661c:	07e2                	slli	a5,a5,0x18
    661e:	87e1                	srai	a5,a5,0x18
    6620:	0007d463          	bgez	a5,6628 <rt_object_is_systemobject+0x1c>
    6624:	4785                	li	a5,1
    6626:	a011                	j	662a <rt_object_is_systemobject+0x1e>
    6628:	4781                	li	a5,0
    662a:	853e                	mv	a0,a5
    662c:	4472                	lw	s0,28(sp)
    662e:	6105                	addi	sp,sp,32
    6630:	8082                	ret

00006632 <rt_list_init>:
    6632:	1101                	addi	sp,sp,-32
    6634:	ce22                	sw	s0,28(sp)
    6636:	1000                	addi	s0,sp,32
    6638:	fea42623          	sw	a0,-20(s0)
    663c:	fec42783          	lw	a5,-20(s0)
    6640:	fec42703          	lw	a4,-20(s0)
    6644:	c3d8                	sw	a4,4(a5)
    6646:	fec42783          	lw	a5,-20(s0)
    664a:	43d8                	lw	a4,4(a5)
    664c:	fec42783          	lw	a5,-20(s0)
    6650:	c398                	sw	a4,0(a5)
    6652:	0001                	nop
    6654:	4472                	lw	s0,28(sp)
    6656:	6105                	addi	sp,sp,32
    6658:	8082                	ret

0000665a <rt_list_insert_before>:
    665a:	1101                	addi	sp,sp,-32
    665c:	ce22                	sw	s0,28(sp)
    665e:	1000                	addi	s0,sp,32
    6660:	fea42623          	sw	a0,-20(s0)
    6664:	feb42423          	sw	a1,-24(s0)
    6668:	fec42783          	lw	a5,-20(s0)
    666c:	43dc                	lw	a5,4(a5)
    666e:	fe842703          	lw	a4,-24(s0)
    6672:	c398                	sw	a4,0(a5)
    6674:	fec42783          	lw	a5,-20(s0)
    6678:	43d8                	lw	a4,4(a5)
    667a:	fe842783          	lw	a5,-24(s0)
    667e:	c3d8                	sw	a4,4(a5)
    6680:	fec42783          	lw	a5,-20(s0)
    6684:	fe842703          	lw	a4,-24(s0)
    6688:	c3d8                	sw	a4,4(a5)
    668a:	fe842783          	lw	a5,-24(s0)
    668e:	fec42703          	lw	a4,-20(s0)
    6692:	c398                	sw	a4,0(a5)
    6694:	0001                	nop
    6696:	4472                	lw	s0,28(sp)
    6698:	6105                	addi	sp,sp,32
    669a:	8082                	ret

0000669c <rt_list_remove>:
    669c:	1101                	addi	sp,sp,-32
    669e:	ce22                	sw	s0,28(sp)
    66a0:	1000                	addi	s0,sp,32
    66a2:	fea42623          	sw	a0,-20(s0)
    66a6:	fec42783          	lw	a5,-20(s0)
    66aa:	439c                	lw	a5,0(a5)
    66ac:	fec42703          	lw	a4,-20(s0)
    66b0:	4358                	lw	a4,4(a4)
    66b2:	c3d8                	sw	a4,4(a5)
    66b4:	fec42783          	lw	a5,-20(s0)
    66b8:	43dc                	lw	a5,4(a5)
    66ba:	fec42703          	lw	a4,-20(s0)
    66be:	4318                	lw	a4,0(a4)
    66c0:	c398                	sw	a4,0(a5)
    66c2:	fec42783          	lw	a5,-20(s0)
    66c6:	fec42703          	lw	a4,-20(s0)
    66ca:	c3d8                	sw	a4,4(a5)
    66cc:	fec42783          	lw	a5,-20(s0)
    66d0:	43d8                	lw	a4,4(a5)
    66d2:	fec42783          	lw	a5,-20(s0)
    66d6:	c398                	sw	a4,0(a5)
    66d8:	0001                	nop
    66da:	4472                	lw	s0,28(sp)
    66dc:	6105                	addi	sp,sp,32
    66de:	8082                	ret

000066e0 <rt_list_isempty>:
    66e0:	1101                	addi	sp,sp,-32
    66e2:	ce22                	sw	s0,28(sp)
    66e4:	1000                	addi	s0,sp,32
    66e6:	fea42623          	sw	a0,-20(s0)
    66ea:	fec42783          	lw	a5,-20(s0)
    66ee:	439c                	lw	a5,0(a5)
    66f0:	fec42703          	lw	a4,-20(s0)
    66f4:	40f707b3          	sub	a5,a4,a5
    66f8:	0017b793          	seqz	a5,a5
    66fc:	0ff7f793          	andi	a5,a5,255
    6700:	853e                	mv	a0,a5
    6702:	4472                	lw	s0,28(sp)
    6704:	6105                	addi	sp,sp,32
    6706:	8082                	ret

00006708 <rt_system_scheduler_init>:
    6708:	1141                	addi	sp,sp,-16
    670a:	c606                	sw	ra,12(sp)
    670c:	c422                	sw	s0,8(sp)
    670e:	c226                	sw	s1,4(sp)
    6710:	0800                	addi	s0,sp,16
    6712:	86019c23          	sh	zero,-1928(gp) # 20000168 <rt_scheduler_lock_nest>
    6716:	4481                	li	s1,0
    6718:	a811                	j	672c <rt_system_scheduler_init+0x24>
    671a:	00349713          	slli	a4,s1,0x3
    671e:	d2018793          	addi	a5,gp,-736 # 20000610 <rt_thread_priority_table>
    6722:	97ba                	add	a5,a5,a4
    6724:	853e                	mv	a0,a5
    6726:	f0dff0ef          	jal	ra,6632 <rt_list_init>
    672a:	0485                	addi	s1,s1,1
    672c:	47bd                	li	a5,15
    672e:	fe97d6e3          	bge	a5,s1,671a <rt_system_scheduler_init+0x12>
    6732:	473d                	li	a4,15
    6734:	88e18023          	sb	a4,-1920(gp) # 20000170 <rt_current_priority>
    6738:	8601ae23          	sw	zero,-1924(gp) # 2000016c <rt_current_thread>
    673c:	8801a223          	sw	zero,-1916(gp) # 20000174 <rt_thread_ready_priority_group>
    6740:	88818513          	addi	a0,gp,-1912 # 20000178 <rt_thread_defunct>
    6744:	eefff0ef          	jal	ra,6632 <rt_list_init>
    6748:	0001                	nop
    674a:	40b2                	lw	ra,12(sp)
    674c:	4422                	lw	s0,8(sp)
    674e:	4492                	lw	s1,4(sp)
    6750:	0141                	addi	sp,sp,16
    6752:	8082                	ret

00006754 <rt_system_scheduler_start>:
    6754:	1141                	addi	sp,sp,-16
    6756:	c606                	sw	ra,12(sp)
    6758:	c422                	sw	s0,8(sp)
    675a:	0800                	addi	s0,sp,16
    675c:	8841a783          	lw	a5,-1916(gp) # 20000174 <rt_thread_ready_priority_group>
    6760:	853e                	mv	a0,a5
    6762:	d8cff0ef          	jal	ra,5cee <__rt_ffs>
    6766:	87aa                	mv	a5,a0
    6768:	17fd                	addi	a5,a5,-1
    676a:	80be                	mv	ra,a5
    676c:	00309713          	slli	a4,ra,0x3
    6770:	d2018793          	addi	a5,gp,-736 # 20000610 <rt_thread_priority_table>
    6774:	97ba                	add	a5,a5,a4
    6776:	439c                	lw	a5,0(a5)
    6778:	fe478093          	addi	ra,a5,-28
    677c:	8611ae23          	sw	ra,-1924(gp) # 2000016c <rt_current_thread>
    6780:	02408793          	addi	a5,ra,36
    6784:	853e                	mv	a0,a5
    6786:	9bbf90ef          	jal	ra,140 <rt_hw_context_switch_to>
    678a:	0001                	nop
    678c:	40b2                	lw	ra,12(sp)
    678e:	4422                	lw	s0,8(sp)
    6790:	0141                	addi	sp,sp,16
    6792:	8082                	ret

00006794 <rt_schedule>:
    6794:	1101                	addi	sp,sp,-32
    6796:	ce06                	sw	ra,28(sp)
    6798:	cc22                	sw	s0,24(sp)
    679a:	1000                	addi	s0,sp,32
    679c:	0fa010ef          	jal	ra,7896 <rt_hw_interrupt_disable>
    67a0:	fea42623          	sw	a0,-20(s0)
    67a4:	87819783          	lh	a5,-1928(gp) # 20000168 <rt_scheduler_lock_nest>
    67a8:	e3d5                	bnez	a5,684c <rt_schedule+0xb8>
    67aa:	8841a783          	lw	a5,-1916(gp) # 20000174 <rt_thread_ready_priority_group>
    67ae:	853e                	mv	a0,a5
    67b0:	d3eff0ef          	jal	ra,5cee <__rt_ffs>
    67b4:	87aa                	mv	a5,a0
    67b6:	17fd                	addi	a5,a5,-1
    67b8:	80be                	mv	ra,a5
    67ba:	00309713          	slli	a4,ra,0x3
    67be:	d2018793          	addi	a5,gp,-736 # 20000610 <rt_thread_priority_table>
    67c2:	97ba                	add	a5,a5,a4
    67c4:	439c                	lw	a5,0(a5)
    67c6:	1791                	addi	a5,a5,-28
    67c8:	fef42423          	sw	a5,-24(s0)
    67cc:	87c1a783          	lw	a5,-1924(gp) # 2000016c <rt_current_thread>
    67d0:	fe842703          	lw	a4,-24(s0)
    67d4:	06f70c63          	beq	a4,a5,684c <rt_schedule+0xb8>
    67d8:	0ff0f713          	andi	a4,ra,255
    67dc:	88e18023          	sb	a4,-1920(gp) # 20000170 <rt_current_priority>
    67e0:	87c1a783          	lw	a5,-1924(gp) # 2000016c <rt_current_thread>
    67e4:	fef42223          	sw	a5,-28(s0)
    67e8:	fe842703          	lw	a4,-24(s0)
    67ec:	86e1ae23          	sw	a4,-1924(gp) # 2000016c <rt_current_thread>
    67f0:	8901a783          	lw	a5,-1904(gp) # 20000180 <rt_scheduler_hook>
    67f4:	cb81                	beqz	a5,6804 <rt_schedule+0x70>
    67f6:	8901a783          	lw	a5,-1904(gp) # 20000180 <rt_scheduler_hook>
    67fa:	fe842583          	lw	a1,-24(s0)
    67fe:	fe442503          	lw	a0,-28(s0)
    6802:	9782                	jalr	a5
    6804:	8381c783          	lbu	a5,-1992(gp) # 20000128 <rt_interrupt_nest>
    6808:	0ff7f793          	andi	a5,a5,255
    680c:	e39d                	bnez	a5,6832 <rt_schedule+0x9e>
    680e:	fe442783          	lw	a5,-28(s0)
    6812:	02478793          	addi	a5,a5,36
    6816:	873e                	mv	a4,a5
    6818:	fe842783          	lw	a5,-24(s0)
    681c:	02478793          	addi	a5,a5,36
    6820:	85be                	mv	a1,a5
    6822:	853a                	mv	a0,a4
    6824:	939f90ef          	jal	ra,15c <rt_hw_context_switch>
    6828:	fec42503          	lw	a0,-20(s0)
    682c:	08e010ef          	jal	ra,78ba <rt_hw_interrupt_enable>
    6830:	a015                	j	6854 <rt_schedule+0xc0>
    6832:	fe442783          	lw	a5,-28(s0)
    6836:	02478793          	addi	a5,a5,36
    683a:	873e                	mv	a4,a5
    683c:	fe842783          	lw	a5,-24(s0)
    6840:	02478793          	addi	a5,a5,36
    6844:	85be                	mv	a1,a5
    6846:	853a                	mv	a0,a4
    6848:	08c010ef          	jal	ra,78d4 <rt_hw_context_switch_interrupt>
    684c:	fec42503          	lw	a0,-20(s0)
    6850:	06a010ef          	jal	ra,78ba <rt_hw_interrupt_enable>
    6854:	40f2                	lw	ra,28(sp)
    6856:	4462                	lw	s0,24(sp)
    6858:	6105                	addi	sp,sp,32
    685a:	8082                	ret

0000685c <rt_schedule_insert_thread>:
    685c:	1101                	addi	sp,sp,-32
    685e:	ce06                	sw	ra,28(sp)
    6860:	cc22                	sw	s0,24(sp)
    6862:	ca26                	sw	s1,20(sp)
    6864:	1000                	addi	s0,sp,32
    6866:	fea42623          	sw	a0,-20(s0)
    686a:	02c010ef          	jal	ra,7896 <rt_hw_interrupt_disable>
    686e:	84aa                	mv	s1,a0
    6870:	fec42783          	lw	a5,-20(s0)
    6874:	03c7c783          	lbu	a5,60(a5)
    6878:	07e2                	slli	a5,a5,0x18
    687a:	87e1                	srai	a5,a5,0x18
    687c:	9bc1                	andi	a5,a5,-16
    687e:	07e2                	slli	a5,a5,0x18
    6880:	87e1                	srai	a5,a5,0x18
    6882:	0017e793          	ori	a5,a5,1
    6886:	07e2                	slli	a5,a5,0x18
    6888:	87e1                	srai	a5,a5,0x18
    688a:	0ff7f713          	andi	a4,a5,255
    688e:	fec42783          	lw	a5,-20(s0)
    6892:	02e78e23          	sb	a4,60(a5)
    6896:	fec42783          	lw	a5,-20(s0)
    689a:	03d7c783          	lbu	a5,61(a5)
    689e:	00379713          	slli	a4,a5,0x3
    68a2:	d2018793          	addi	a5,gp,-736 # 20000610 <rt_thread_priority_table>
    68a6:	973e                	add	a4,a4,a5
    68a8:	fec42783          	lw	a5,-20(s0)
    68ac:	07f1                	addi	a5,a5,28
    68ae:	85be                	mv	a1,a5
    68b0:	853a                	mv	a0,a4
    68b2:	da9ff0ef          	jal	ra,665a <rt_list_insert_before>
    68b6:	fec42783          	lw	a5,-20(s0)
    68ba:	43b8                	lw	a4,64(a5)
    68bc:	8841a783          	lw	a5,-1916(gp) # 20000174 <rt_thread_ready_priority_group>
    68c0:	8f5d                	or	a4,a4,a5
    68c2:	88e1a223          	sw	a4,-1916(gp) # 20000174 <rt_thread_ready_priority_group>
    68c6:	8526                	mv	a0,s1
    68c8:	7f3000ef          	jal	ra,78ba <rt_hw_interrupt_enable>
    68cc:	0001                	nop
    68ce:	40f2                	lw	ra,28(sp)
    68d0:	4462                	lw	s0,24(sp)
    68d2:	44d2                	lw	s1,20(sp)
    68d4:	6105                	addi	sp,sp,32
    68d6:	8082                	ret

000068d8 <rt_schedule_remove_thread>:
    68d8:	1101                	addi	sp,sp,-32
    68da:	ce06                	sw	ra,28(sp)
    68dc:	cc22                	sw	s0,24(sp)
    68de:	ca26                	sw	s1,20(sp)
    68e0:	1000                	addi	s0,sp,32
    68e2:	fea42623          	sw	a0,-20(s0)
    68e6:	7b1000ef          	jal	ra,7896 <rt_hw_interrupt_disable>
    68ea:	84aa                	mv	s1,a0
    68ec:	fec42783          	lw	a5,-20(s0)
    68f0:	07f1                	addi	a5,a5,28
    68f2:	853e                	mv	a0,a5
    68f4:	da9ff0ef          	jal	ra,669c <rt_list_remove>
    68f8:	fec42783          	lw	a5,-20(s0)
    68fc:	03d7c783          	lbu	a5,61(a5)
    6900:	00379713          	slli	a4,a5,0x3
    6904:	d2018793          	addi	a5,gp,-736 # 20000610 <rt_thread_priority_table>
    6908:	97ba                	add	a5,a5,a4
    690a:	853e                	mv	a0,a5
    690c:	dd5ff0ef          	jal	ra,66e0 <rt_list_isempty>
    6910:	87aa                	mv	a5,a0
    6912:	cb99                	beqz	a5,6928 <rt_schedule_remove_thread+0x50>
    6914:	fec42783          	lw	a5,-20(s0)
    6918:	43bc                	lw	a5,64(a5)
    691a:	fff7c713          	not	a4,a5
    691e:	8841a783          	lw	a5,-1916(gp) # 20000174 <rt_thread_ready_priority_group>
    6922:	8f7d                	and	a4,a4,a5
    6924:	88e1a223          	sw	a4,-1916(gp) # 20000174 <rt_thread_ready_priority_group>
    6928:	8526                	mv	a0,s1
    692a:	791000ef          	jal	ra,78ba <rt_hw_interrupt_enable>
    692e:	0001                	nop
    6930:	40f2                	lw	ra,28(sp)
    6932:	4462                	lw	s0,24(sp)
    6934:	44d2                	lw	s1,20(sp)
    6936:	6105                	addi	sp,sp,32
    6938:	8082                	ret

0000693a <rt_enter_critical>:
    693a:	1141                	addi	sp,sp,-16
    693c:	c606                	sw	ra,12(sp)
    693e:	c422                	sw	s0,8(sp)
    6940:	0800                	addi	s0,sp,16
    6942:	755000ef          	jal	ra,7896 <rt_hw_interrupt_disable>
    6946:	80aa                	mv	ra,a0
    6948:	87819783          	lh	a5,-1928(gp) # 20000168 <rt_scheduler_lock_nest>
    694c:	07c2                	slli	a5,a5,0x10
    694e:	83c1                	srli	a5,a5,0x10
    6950:	0785                	addi	a5,a5,1
    6952:	07c2                	slli	a5,a5,0x10
    6954:	83c1                	srli	a5,a5,0x10
    6956:	01079713          	slli	a4,a5,0x10
    695a:	8741                	srai	a4,a4,0x10
    695c:	86e19c23          	sh	a4,-1928(gp) # 20000168 <rt_scheduler_lock_nest>
    6960:	8506                	mv	a0,ra
    6962:	759000ef          	jal	ra,78ba <rt_hw_interrupt_enable>
    6966:	0001                	nop
    6968:	40b2                	lw	ra,12(sp)
    696a:	4422                	lw	s0,8(sp)
    696c:	0141                	addi	sp,sp,16
    696e:	8082                	ret

00006970 <rt_exit_critical>:
    6970:	1141                	addi	sp,sp,-16
    6972:	c606                	sw	ra,12(sp)
    6974:	c422                	sw	s0,8(sp)
    6976:	0800                	addi	s0,sp,16
    6978:	71f000ef          	jal	ra,7896 <rt_hw_interrupt_disable>
    697c:	80aa                	mv	ra,a0
    697e:	87819783          	lh	a5,-1928(gp) # 20000168 <rt_scheduler_lock_nest>
    6982:	07c2                	slli	a5,a5,0x10
    6984:	83c1                	srli	a5,a5,0x10
    6986:	17fd                	addi	a5,a5,-1
    6988:	07c2                	slli	a5,a5,0x10
    698a:	83c1                	srli	a5,a5,0x10
    698c:	01079713          	slli	a4,a5,0x10
    6990:	8741                	srai	a4,a4,0x10
    6992:	86e19c23          	sh	a4,-1928(gp) # 20000168 <rt_scheduler_lock_nest>
    6996:	87819783          	lh	a5,-1928(gp) # 20000168 <rt_scheduler_lock_nest>
    699a:	00f04d63          	bgtz	a5,69b4 <rt_exit_critical+0x44>
    699e:	86019c23          	sh	zero,-1928(gp) # 20000168 <rt_scheduler_lock_nest>
    69a2:	8506                	mv	a0,ra
    69a4:	717000ef          	jal	ra,78ba <rt_hw_interrupt_enable>
    69a8:	87c1a783          	lw	a5,-1924(gp) # 2000016c <rt_current_thread>
    69ac:	c799                	beqz	a5,69ba <rt_exit_critical+0x4a>
    69ae:	de7ff0ef          	jal	ra,6794 <rt_schedule>
    69b2:	a021                	j	69ba <rt_exit_critical+0x4a>
    69b4:	8506                	mv	a0,ra
    69b6:	705000ef          	jal	ra,78ba <rt_hw_interrupt_enable>
    69ba:	0001                	nop
    69bc:	40b2                	lw	ra,12(sp)
    69be:	4422                	lw	s0,8(sp)
    69c0:	0141                	addi	sp,sp,16
    69c2:	8082                	ret

000069c4 <rt_list_init>:
    69c4:	1101                	addi	sp,sp,-32
    69c6:	ce22                	sw	s0,28(sp)
    69c8:	1000                	addi	s0,sp,32
    69ca:	fea42623          	sw	a0,-20(s0)
    69ce:	fec42783          	lw	a5,-20(s0)
    69d2:	fec42703          	lw	a4,-20(s0)
    69d6:	c3d8                	sw	a4,4(a5)
    69d8:	fec42783          	lw	a5,-20(s0)
    69dc:	43d8                	lw	a4,4(a5)
    69de:	fec42783          	lw	a5,-20(s0)
    69e2:	c398                	sw	a4,0(a5)
    69e4:	0001                	nop
    69e6:	4472                	lw	s0,28(sp)
    69e8:	6105                	addi	sp,sp,32
    69ea:	8082                	ret

000069ec <rt_list_insert_after>:
    69ec:	1101                	addi	sp,sp,-32
    69ee:	ce22                	sw	s0,28(sp)
    69f0:	1000                	addi	s0,sp,32
    69f2:	fea42623          	sw	a0,-20(s0)
    69f6:	feb42423          	sw	a1,-24(s0)
    69fa:	fec42783          	lw	a5,-20(s0)
    69fe:	439c                	lw	a5,0(a5)
    6a00:	fe842703          	lw	a4,-24(s0)
    6a04:	c3d8                	sw	a4,4(a5)
    6a06:	fec42783          	lw	a5,-20(s0)
    6a0a:	4398                	lw	a4,0(a5)
    6a0c:	fe842783          	lw	a5,-24(s0)
    6a10:	c398                	sw	a4,0(a5)
    6a12:	fec42783          	lw	a5,-20(s0)
    6a16:	fe842703          	lw	a4,-24(s0)
    6a1a:	c398                	sw	a4,0(a5)
    6a1c:	fe842783          	lw	a5,-24(s0)
    6a20:	fec42703          	lw	a4,-20(s0)
    6a24:	c3d8                	sw	a4,4(a5)
    6a26:	0001                	nop
    6a28:	4472                	lw	s0,28(sp)
    6a2a:	6105                	addi	sp,sp,32
    6a2c:	8082                	ret

00006a2e <rt_list_insert_before>:
    6a2e:	1101                	addi	sp,sp,-32
    6a30:	ce22                	sw	s0,28(sp)
    6a32:	1000                	addi	s0,sp,32
    6a34:	fea42623          	sw	a0,-20(s0)
    6a38:	feb42423          	sw	a1,-24(s0)
    6a3c:	fec42783          	lw	a5,-20(s0)
    6a40:	43dc                	lw	a5,4(a5)
    6a42:	fe842703          	lw	a4,-24(s0)
    6a46:	c398                	sw	a4,0(a5)
    6a48:	fec42783          	lw	a5,-20(s0)
    6a4c:	43d8                	lw	a4,4(a5)
    6a4e:	fe842783          	lw	a5,-24(s0)
    6a52:	c3d8                	sw	a4,4(a5)
    6a54:	fec42783          	lw	a5,-20(s0)
    6a58:	fe842703          	lw	a4,-24(s0)
    6a5c:	c3d8                	sw	a4,4(a5)
    6a5e:	fe842783          	lw	a5,-24(s0)
    6a62:	fec42703          	lw	a4,-20(s0)
    6a66:	c398                	sw	a4,0(a5)
    6a68:	0001                	nop
    6a6a:	4472                	lw	s0,28(sp)
    6a6c:	6105                	addi	sp,sp,32
    6a6e:	8082                	ret

00006a70 <rt_list_remove>:
    6a70:	1101                	addi	sp,sp,-32
    6a72:	ce22                	sw	s0,28(sp)
    6a74:	1000                	addi	s0,sp,32
    6a76:	fea42623          	sw	a0,-20(s0)
    6a7a:	fec42783          	lw	a5,-20(s0)
    6a7e:	439c                	lw	a5,0(a5)
    6a80:	fec42703          	lw	a4,-20(s0)
    6a84:	4358                	lw	a4,4(a4)
    6a86:	c3d8                	sw	a4,4(a5)
    6a88:	fec42783          	lw	a5,-20(s0)
    6a8c:	43dc                	lw	a5,4(a5)
    6a8e:	fec42703          	lw	a4,-20(s0)
    6a92:	4318                	lw	a4,0(a4)
    6a94:	c398                	sw	a4,0(a5)
    6a96:	fec42783          	lw	a5,-20(s0)
    6a9a:	fec42703          	lw	a4,-20(s0)
    6a9e:	c3d8                	sw	a4,4(a5)
    6aa0:	fec42783          	lw	a5,-20(s0)
    6aa4:	43d8                	lw	a4,4(a5)
    6aa6:	fec42783          	lw	a5,-20(s0)
    6aaa:	c398                	sw	a4,0(a5)
    6aac:	0001                	nop
    6aae:	4472                	lw	s0,28(sp)
    6ab0:	6105                	addi	sp,sp,32
    6ab2:	8082                	ret

00006ab4 <rt_thread_exit>:
    6ab4:	1101                	addi	sp,sp,-32
    6ab6:	ce06                	sw	ra,28(sp)
    6ab8:	cc22                	sw	s0,24(sp)
    6aba:	ca26                	sw	s1,20(sp)
    6abc:	1000                	addi	s0,sp,32
    6abe:	87c1a783          	lw	a5,-1924(gp) # 2000016c <rt_current_thread>
    6ac2:	fef42623          	sw	a5,-20(s0)
    6ac6:	5d1000ef          	jal	ra,7896 <rt_hw_interrupt_disable>
    6aca:	84aa                	mv	s1,a0
    6acc:	fec42503          	lw	a0,-20(s0)
    6ad0:	e09ff0ef          	jal	ra,68d8 <rt_schedule_remove_thread>
    6ad4:	fec42783          	lw	a5,-20(s0)
    6ad8:	4711                	li	a4,4
    6ada:	02e78e23          	sb	a4,60(a5)
    6ade:	fec42783          	lw	a5,-20(s0)
    6ae2:	05478793          	addi	a5,a5,84
    6ae6:	853e                	mv	a0,a5
    6ae8:	07d000ef          	jal	ra,7364 <rt_timer_detach>
    6aec:	fec42503          	lw	a0,-20(s0)
    6af0:	b1dff0ef          	jal	ra,660c <rt_object_is_systemobject>
    6af4:	872a                	mv	a4,a0
    6af6:	4785                	li	a5,1
    6af8:	00f71c63          	bne	a4,a5,6b10 <rt_thread_exit+0x5c>
    6afc:	fec42783          	lw	a5,-20(s0)
    6b00:	0887a783          	lw	a5,136(a5)
    6b04:	e791                	bnez	a5,6b10 <rt_thread_exit+0x5c>
    6b06:	fec42503          	lw	a0,-20(s0)
    6b0a:	9b5ff0ef          	jal	ra,64be <rt_object_detach>
    6b0e:	a809                	j	6b20 <rt_thread_exit+0x6c>
    6b10:	fec42783          	lw	a5,-20(s0)
    6b14:	07f1                	addi	a5,a5,28
    6b16:	85be                	mv	a1,a5
    6b18:	88818513          	addi	a0,gp,-1912 # 20000178 <rt_thread_defunct>
    6b1c:	ed1ff0ef          	jal	ra,69ec <rt_list_insert_after>
    6b20:	8526                	mv	a0,s1
    6b22:	599000ef          	jal	ra,78ba <rt_hw_interrupt_enable>
    6b26:	c6fff0ef          	jal	ra,6794 <rt_schedule>
    6b2a:	0001                	nop
    6b2c:	40f2                	lw	ra,28(sp)
    6b2e:	4462                	lw	s0,24(sp)
    6b30:	44d2                	lw	s1,20(sp)
    6b32:	6105                	addi	sp,sp,32
    6b34:	8082                	ret

00006b36 <_rt_thread_init>:
    6b36:	7179                	addi	sp,sp,-48
    6b38:	d606                	sw	ra,44(sp)
    6b3a:	d422                	sw	s0,40(sp)
    6b3c:	1800                	addi	s0,sp,48
    6b3e:	fea42623          	sw	a0,-20(s0)
    6b42:	feb42423          	sw	a1,-24(s0)
    6b46:	fec42223          	sw	a2,-28(s0)
    6b4a:	fed42023          	sw	a3,-32(s0)
    6b4e:	fce42e23          	sw	a4,-36(s0)
    6b52:	fcf42c23          	sw	a5,-40(s0)
    6b56:	87c2                	mv	a5,a6
    6b58:	fd142823          	sw	a7,-48(s0)
    6b5c:	fcf40ba3          	sb	a5,-41(s0)
    6b60:	fec42783          	lw	a5,-20(s0)
    6b64:	07f1                	addi	a5,a5,28
    6b66:	853e                	mv	a0,a5
    6b68:	e5dff0ef          	jal	ra,69c4 <rt_list_init>
    6b6c:	fec42783          	lw	a5,-20(s0)
    6b70:	fe442703          	lw	a4,-28(s0)
    6b74:	d798                	sw	a4,40(a5)
    6b76:	fec42783          	lw	a5,-20(s0)
    6b7a:	fe042703          	lw	a4,-32(s0)
    6b7e:	d7d8                	sw	a4,44(a5)
    6b80:	fec42783          	lw	a5,-20(s0)
    6b84:	fdc42703          	lw	a4,-36(s0)
    6b88:	db98                	sw	a4,48(a5)
    6b8a:	fec42783          	lw	a5,-20(s0)
    6b8e:	fd842703          	lw	a4,-40(s0)
    6b92:	dbd8                	sw	a4,52(a5)
    6b94:	fec42783          	lw	a5,-20(s0)
    6b98:	5b98                	lw	a4,48(a5)
    6b9a:	fec42783          	lw	a5,-20(s0)
    6b9e:	5bdc                	lw	a5,52(a5)
    6ba0:	863e                	mv	a2,a5
    6ba2:	02300593          	li	a1,35
    6ba6:	853a                	mv	a0,a4
    6ba8:	be2fe0ef          	jal	ra,4f8a <rt_memset>
    6bac:	fec42783          	lw	a5,-20(s0)
    6bb0:	5788                	lw	a0,40(a5)
    6bb2:	fec42783          	lw	a5,-20(s0)
    6bb6:	57cc                	lw	a1,44(a5)
    6bb8:	fec42783          	lw	a5,-20(s0)
    6bbc:	5b98                	lw	a4,48(a5)
    6bbe:	fec42783          	lw	a5,-20(s0)
    6bc2:	5bdc                	lw	a5,52(a5)
    6bc4:	17f1                	addi	a5,a5,-4
    6bc6:	973e                	add	a4,a4,a5
    6bc8:	000077b7          	lui	a5,0x7
    6bcc:	ab478693          	addi	a3,a5,-1356 # 6ab4 <rt_thread_exit>
    6bd0:	863a                	mv	a2,a4
    6bd2:	3dd000ef          	jal	ra,77ae <rt_hw_stack_init>
    6bd6:	872a                	mv	a4,a0
    6bd8:	fec42783          	lw	a5,-20(s0)
    6bdc:	d3d8                	sw	a4,36(a5)
    6bde:	fec42783          	lw	a5,-20(s0)
    6be2:	fd744703          	lbu	a4,-41(s0)
    6be6:	02e78f23          	sb	a4,62(a5)
    6bea:	fec42783          	lw	a5,-20(s0)
    6bee:	fd744703          	lbu	a4,-41(s0)
    6bf2:	02e78ea3          	sb	a4,61(a5)
    6bf6:	fec42783          	lw	a5,-20(s0)
    6bfa:	0407a023          	sw	zero,64(a5)
    6bfe:	fec42783          	lw	a5,-20(s0)
    6c02:	fd042703          	lw	a4,-48(s0)
    6c06:	c7f8                	sw	a4,76(a5)
    6c08:	fec42783          	lw	a5,-20(s0)
    6c0c:	fd042703          	lw	a4,-48(s0)
    6c10:	cbb8                	sw	a4,80(a5)
    6c12:	fec42783          	lw	a5,-20(s0)
    6c16:	0207ac23          	sw	zero,56(a5)
    6c1a:	fec42783          	lw	a5,-20(s0)
    6c1e:	02078e23          	sb	zero,60(a5)
    6c22:	fec42783          	lw	a5,-20(s0)
    6c26:	0807a423          	sw	zero,136(a5)
    6c2a:	fec42783          	lw	a5,-20(s0)
    6c2e:	0807a623          	sw	zero,140(a5)
    6c32:	fec42783          	lw	a5,-20(s0)
    6c36:	05478513          	addi	a0,a5,84
    6c3a:	fec42583          	lw	a1,-20(s0)
    6c3e:	4781                	li	a5,0
    6c40:	4701                	li	a4,0
    6c42:	fec42683          	lw	a3,-20(s0)
    6c46:	00007637          	lui	a2,0x7
    6c4a:	12260613          	addi	a2,a2,290 # 7122 <rt_thread_timeout>
    6c4e:	25d1                	jal	7312 <rt_timer_init>
    6c50:	89c1a783          	lw	a5,-1892(gp) # 2000018c <rt_thread_inited_hook>
    6c54:	c791                	beqz	a5,6c60 <_rt_thread_init+0x12a>
    6c56:	89c1a783          	lw	a5,-1892(gp) # 2000018c <rt_thread_inited_hook>
    6c5a:	fec42503          	lw	a0,-20(s0)
    6c5e:	9782                	jalr	a5
    6c60:	4781                	li	a5,0
    6c62:	853e                	mv	a0,a5
    6c64:	50b2                	lw	ra,44(sp)
    6c66:	5422                	lw	s0,40(sp)
    6c68:	6145                	addi	sp,sp,48
    6c6a:	8082                	ret

00006c6c <rt_thread_init>:
    6c6c:	7179                	addi	sp,sp,-48
    6c6e:	d606                	sw	ra,44(sp)
    6c70:	d422                	sw	s0,40(sp)
    6c72:	1800                	addi	s0,sp,48
    6c74:	fea42623          	sw	a0,-20(s0)
    6c78:	feb42423          	sw	a1,-24(s0)
    6c7c:	fec42223          	sw	a2,-28(s0)
    6c80:	fed42023          	sw	a3,-32(s0)
    6c84:	fce42e23          	sw	a4,-36(s0)
    6c88:	fcf42c23          	sw	a5,-40(s0)
    6c8c:	87c2                	mv	a5,a6
    6c8e:	fd142823          	sw	a7,-48(s0)
    6c92:	fcf40ba3          	sb	a5,-41(s0)
    6c96:	fe842603          	lw	a2,-24(s0)
    6c9a:	4585                	li	a1,1
    6c9c:	fec42503          	lw	a0,-20(s0)
    6ca0:	f62ff0ef          	jal	ra,6402 <rt_object_init>
    6ca4:	fd744783          	lbu	a5,-41(s0)
    6ca8:	fd042883          	lw	a7,-48(s0)
    6cac:	883e                	mv	a6,a5
    6cae:	fd842783          	lw	a5,-40(s0)
    6cb2:	fdc42703          	lw	a4,-36(s0)
    6cb6:	fe042683          	lw	a3,-32(s0)
    6cba:	fe442603          	lw	a2,-28(s0)
    6cbe:	fe842583          	lw	a1,-24(s0)
    6cc2:	fec42503          	lw	a0,-20(s0)
    6cc6:	e71ff0ef          	jal	ra,6b36 <_rt_thread_init>
    6cca:	87aa                	mv	a5,a0
    6ccc:	853e                	mv	a0,a5
    6cce:	50b2                	lw	ra,44(sp)
    6cd0:	5422                	lw	s0,40(sp)
    6cd2:	6145                	addi	sp,sp,48
    6cd4:	8082                	ret

00006cd6 <rt_thread_self>:
    6cd6:	1141                	addi	sp,sp,-16
    6cd8:	c622                	sw	s0,12(sp)
    6cda:	0800                	addi	s0,sp,16
    6cdc:	87c1a783          	lw	a5,-1924(gp) # 2000016c <rt_current_thread>
    6ce0:	853e                	mv	a0,a5
    6ce2:	4432                	lw	s0,12(sp)
    6ce4:	0141                	addi	sp,sp,16
    6ce6:	8082                	ret

00006ce8 <rt_thread_startup>:
    6ce8:	1101                	addi	sp,sp,-32
    6cea:	ce06                	sw	ra,28(sp)
    6cec:	cc22                	sw	s0,24(sp)
    6cee:	1000                	addi	s0,sp,32
    6cf0:	fea42623          	sw	a0,-20(s0)
    6cf4:	fec42783          	lw	a5,-20(s0)
    6cf8:	03e7c703          	lbu	a4,62(a5)
    6cfc:	fec42783          	lw	a5,-20(s0)
    6d00:	02e78ea3          	sb	a4,61(a5)
    6d04:	fec42783          	lw	a5,-20(s0)
    6d08:	03d7c783          	lbu	a5,61(a5)
    6d0c:	873e                	mv	a4,a5
    6d0e:	4785                	li	a5,1
    6d10:	00e797b3          	sll	a5,a5,a4
    6d14:	873e                	mv	a4,a5
    6d16:	fec42783          	lw	a5,-20(s0)
    6d1a:	c3b8                	sw	a4,64(a5)
    6d1c:	fec42783          	lw	a5,-20(s0)
    6d20:	4709                	li	a4,2
    6d22:	02e78e23          	sb	a4,60(a5)
    6d26:	fec42503          	lw	a0,-20(s0)
    6d2a:	2669                	jal	70b4 <rt_thread_resume>
    6d2c:	fabff0ef          	jal	ra,6cd6 <rt_thread_self>
    6d30:	87aa                	mv	a5,a0
    6d32:	c399                	beqz	a5,6d38 <rt_thread_startup+0x50>
    6d34:	a61ff0ef          	jal	ra,6794 <rt_schedule>
    6d38:	4781                	li	a5,0
    6d3a:	853e                	mv	a0,a5
    6d3c:	40f2                	lw	ra,28(sp)
    6d3e:	4462                	lw	s0,24(sp)
    6d40:	6105                	addi	sp,sp,32
    6d42:	8082                	ret

00006d44 <rt_thread_create>:
    6d44:	7139                	addi	sp,sp,-64
    6d46:	de06                	sw	ra,60(sp)
    6d48:	dc22                	sw	s0,56(sp)
    6d4a:	0080                	addi	s0,sp,64
    6d4c:	fca42e23          	sw	a0,-36(s0)
    6d50:	fcb42c23          	sw	a1,-40(s0)
    6d54:	fcc42a23          	sw	a2,-44(s0)
    6d58:	fcd42823          	sw	a3,-48(s0)
    6d5c:	fcf42423          	sw	a5,-56(s0)
    6d60:	87ba                	mv	a5,a4
    6d62:	fcf407a3          	sb	a5,-49(s0)
    6d66:	fdc42583          	lw	a1,-36(s0)
    6d6a:	4505                	li	a0,1
    6d6c:	f9cff0ef          	jal	ra,6508 <rt_object_allocate>
    6d70:	fea42623          	sw	a0,-20(s0)
    6d74:	fec42783          	lw	a5,-20(s0)
    6d78:	e399                	bnez	a5,6d7e <rt_thread_create+0x3a>
    6d7a:	4781                	li	a5,0
    6d7c:	a0a9                	j	6dc6 <rt_thread_create+0x82>
    6d7e:	fd042503          	lw	a0,-48(s0)
    6d82:	9e8ff0ef          	jal	ra,5f6a <rt_malloc>
    6d86:	fea42423          	sw	a0,-24(s0)
    6d8a:	fe842783          	lw	a5,-24(s0)
    6d8e:	e799                	bnez	a5,6d9c <rt_thread_create+0x58>
    6d90:	fec42503          	lw	a0,-20(s0)
    6d94:	827ff0ef          	jal	ra,65ba <rt_object_delete>
    6d98:	4781                	li	a5,0
    6d9a:	a035                	j	6dc6 <rt_thread_create+0x82>
    6d9c:	fcf44783          	lbu	a5,-49(s0)
    6da0:	fc842883          	lw	a7,-56(s0)
    6da4:	883e                	mv	a6,a5
    6da6:	fd042783          	lw	a5,-48(s0)
    6daa:	fe842703          	lw	a4,-24(s0)
    6dae:	fd442683          	lw	a3,-44(s0)
    6db2:	fd842603          	lw	a2,-40(s0)
    6db6:	fdc42583          	lw	a1,-36(s0)
    6dba:	fec42503          	lw	a0,-20(s0)
    6dbe:	d79ff0ef          	jal	ra,6b36 <_rt_thread_init>
    6dc2:	fec42783          	lw	a5,-20(s0)
    6dc6:	853e                	mv	a0,a5
    6dc8:	50f2                	lw	ra,60(sp)
    6dca:	5462                	lw	s0,56(sp)
    6dcc:	6121                	addi	sp,sp,64
    6dce:	8082                	ret

00006dd0 <rt_thread_delete>:
    6dd0:	7179                	addi	sp,sp,-48
    6dd2:	d606                	sw	ra,44(sp)
    6dd4:	d422                	sw	s0,40(sp)
    6dd6:	1800                	addi	s0,sp,48
    6dd8:	fca42e23          	sw	a0,-36(s0)
    6ddc:	fdc42783          	lw	a5,-36(s0)
    6de0:	03c7c783          	lbu	a5,60(a5)
    6de4:	8bbd                	andi	a5,a5,15
    6de6:	c789                	beqz	a5,6df0 <rt_thread_delete+0x20>
    6de8:	fdc42503          	lw	a0,-36(s0)
    6dec:	aedff0ef          	jal	ra,68d8 <rt_schedule_remove_thread>
    6df0:	fdc42783          	lw	a5,-36(s0)
    6df4:	05478793          	addi	a5,a5,84
    6df8:	853e                	mv	a0,a5
    6dfa:	23ad                	jal	7364 <rt_timer_detach>
    6dfc:	fdc42783          	lw	a5,-36(s0)
    6e00:	4711                	li	a4,4
    6e02:	02e78e23          	sb	a4,60(a5)
    6e06:	291000ef          	jal	ra,7896 <rt_hw_interrupt_disable>
    6e0a:	fea42623          	sw	a0,-20(s0)
    6e0e:	fdc42783          	lw	a5,-36(s0)
    6e12:	07f1                	addi	a5,a5,28
    6e14:	85be                	mv	a1,a5
    6e16:	88818513          	addi	a0,gp,-1912 # 20000178 <rt_thread_defunct>
    6e1a:	bd3ff0ef          	jal	ra,69ec <rt_list_insert_after>
    6e1e:	fec42503          	lw	a0,-20(s0)
    6e22:	299000ef          	jal	ra,78ba <rt_hw_interrupt_enable>
    6e26:	4781                	li	a5,0
    6e28:	853e                	mv	a0,a5
    6e2a:	50b2                	lw	ra,44(sp)
    6e2c:	5422                	lw	s0,40(sp)
    6e2e:	6145                	addi	sp,sp,48
    6e30:	8082                	ret

00006e32 <rt_thread_yield>:
    6e32:	1101                	addi	sp,sp,-32
    6e34:	ce06                	sw	ra,28(sp)
    6e36:	cc22                	sw	s0,24(sp)
    6e38:	ca26                	sw	s1,20(sp)
    6e3a:	1000                	addi	s0,sp,32
    6e3c:	25b000ef          	jal	ra,7896 <rt_hw_interrupt_disable>
    6e40:	84aa                	mv	s1,a0
    6e42:	87c1a783          	lw	a5,-1924(gp) # 2000016c <rt_current_thread>
    6e46:	fef42623          	sw	a5,-20(s0)
    6e4a:	fec42783          	lw	a5,-20(s0)
    6e4e:	03c7c783          	lbu	a5,60(a5)
    6e52:	00f7f713          	andi	a4,a5,15
    6e56:	4785                	li	a5,1
    6e58:	04f71763          	bne	a4,a5,6ea6 <rt_thread_yield+0x74>
    6e5c:	fec42783          	lw	a5,-20(s0)
    6e60:	4fd8                	lw	a4,28(a5)
    6e62:	fec42783          	lw	a5,-20(s0)
    6e66:	539c                	lw	a5,32(a5)
    6e68:	02f70f63          	beq	a4,a5,6ea6 <rt_thread_yield+0x74>
    6e6c:	fec42783          	lw	a5,-20(s0)
    6e70:	07f1                	addi	a5,a5,28
    6e72:	853e                	mv	a0,a5
    6e74:	bfdff0ef          	jal	ra,6a70 <rt_list_remove>
    6e78:	fec42783          	lw	a5,-20(s0)
    6e7c:	03d7c783          	lbu	a5,61(a5)
    6e80:	00379713          	slli	a4,a5,0x3
    6e84:	d2018793          	addi	a5,gp,-736 # 20000610 <rt_thread_priority_table>
    6e88:	973e                	add	a4,a4,a5
    6e8a:	fec42783          	lw	a5,-20(s0)
    6e8e:	07f1                	addi	a5,a5,28
    6e90:	85be                	mv	a1,a5
    6e92:	853a                	mv	a0,a4
    6e94:	b9bff0ef          	jal	ra,6a2e <rt_list_insert_before>
    6e98:	8526                	mv	a0,s1
    6e9a:	221000ef          	jal	ra,78ba <rt_hw_interrupt_enable>
    6e9e:	8f7ff0ef          	jal	ra,6794 <rt_schedule>
    6ea2:	4781                	li	a5,0
    6ea4:	a029                	j	6eae <rt_thread_yield+0x7c>
    6ea6:	8526                	mv	a0,s1
    6ea8:	213000ef          	jal	ra,78ba <rt_hw_interrupt_enable>
    6eac:	4781                	li	a5,0
    6eae:	853e                	mv	a0,a5
    6eb0:	40f2                	lw	ra,28(sp)
    6eb2:	4462                	lw	s0,24(sp)
    6eb4:	44d2                	lw	s1,20(sp)
    6eb6:	6105                	addi	sp,sp,32
    6eb8:	8082                	ret

00006eba <rt_thread_sleep>:
    6eba:	7179                	addi	sp,sp,-48
    6ebc:	d606                	sw	ra,44(sp)
    6ebe:	d422                	sw	s0,40(sp)
    6ec0:	d226                	sw	s1,36(sp)
    6ec2:	1800                	addi	s0,sp,48
    6ec4:	fca42e23          	sw	a0,-36(s0)
    6ec8:	1cf000ef          	jal	ra,7896 <rt_hw_interrupt_disable>
    6ecc:	84aa                	mv	s1,a0
    6ece:	87c1a783          	lw	a5,-1924(gp) # 2000016c <rt_current_thread>
    6ed2:	fef42623          	sw	a5,-20(s0)
    6ed6:	fec42503          	lw	a0,-20(s0)
    6eda:	2a89                	jal	702c <rt_thread_suspend>
    6edc:	fec42783          	lw	a5,-20(s0)
    6ee0:	05478793          	addi	a5,a5,84
    6ee4:	fdc40713          	addi	a4,s0,-36
    6ee8:	863a                	mv	a2,a4
    6eea:	4581                	li	a1,0
    6eec:	853e                	mv	a0,a5
    6eee:	706000ef          	jal	ra,75f4 <rt_timer_control>
    6ef2:	fec42783          	lw	a5,-20(s0)
    6ef6:	05478793          	addi	a5,a5,84
    6efa:	853e                	mv	a0,a5
    6efc:	2971                	jal	7398 <rt_timer_start>
    6efe:	8526                	mv	a0,s1
    6f00:	1bb000ef          	jal	ra,78ba <rt_hw_interrupt_enable>
    6f04:	891ff0ef          	jal	ra,6794 <rt_schedule>
    6f08:	fec42783          	lw	a5,-20(s0)
    6f0c:	5f98                	lw	a4,56(a5)
    6f0e:	57f9                	li	a5,-2
    6f10:	00f71663          	bne	a4,a5,6f1c <rt_thread_sleep+0x62>
    6f14:	fec42783          	lw	a5,-20(s0)
    6f18:	0207ac23          	sw	zero,56(a5)
    6f1c:	4781                	li	a5,0
    6f1e:	853e                	mv	a0,a5
    6f20:	50b2                	lw	ra,44(sp)
    6f22:	5422                	lw	s0,40(sp)
    6f24:	5492                	lw	s1,36(sp)
    6f26:	6145                	addi	sp,sp,48
    6f28:	8082                	ret

00006f2a <rt_thread_mdelay>:
    6f2a:	7179                	addi	sp,sp,-48
    6f2c:	d606                	sw	ra,44(sp)
    6f2e:	d422                	sw	s0,40(sp)
    6f30:	1800                	addi	s0,sp,48
    6f32:	fca42e23          	sw	a0,-36(s0)
    6f36:	fdc42503          	lw	a0,-36(s0)
    6f3a:	af3fc0ef          	jal	ra,3a2c <rt_tick_from_millisecond>
    6f3e:	fea42623          	sw	a0,-20(s0)
    6f42:	fec42503          	lw	a0,-20(s0)
    6f46:	f75ff0ef          	jal	ra,6eba <rt_thread_sleep>
    6f4a:	87aa                	mv	a5,a0
    6f4c:	853e                	mv	a0,a5
    6f4e:	50b2                	lw	ra,44(sp)
    6f50:	5422                	lw	s0,40(sp)
    6f52:	6145                	addi	sp,sp,48
    6f54:	8082                	ret

00006f56 <rt_thread_control>:
    6f56:	1101                	addi	sp,sp,-32
    6f58:	ce06                	sw	ra,28(sp)
    6f5a:	cc22                	sw	s0,24(sp)
    6f5c:	ca26                	sw	s1,20(sp)
    6f5e:	1000                	addi	s0,sp,32
    6f60:	fea42623          	sw	a0,-20(s0)
    6f64:	feb42423          	sw	a1,-24(s0)
    6f68:	fec42223          	sw	a2,-28(s0)
    6f6c:	fe842703          	lw	a4,-24(s0)
    6f70:	4785                	li	a5,1
    6f72:	0af70063          	beq	a4,a5,7012 <rt_thread_control+0xbc>
    6f76:	fe842703          	lw	a4,-24(s0)
    6f7a:	4789                	li	a5,2
    6f7c:	00f70663          	beq	a4,a5,6f88 <rt_thread_control+0x32>
    6f80:	fe842783          	lw	a5,-24(s0)
    6f84:	c3c9                	beqz	a5,7006 <rt_thread_control+0xb0>
    6f86:	a861                	j	701e <rt_thread_control+0xc8>
    6f88:	10f000ef          	jal	ra,7896 <rt_hw_interrupt_disable>
    6f8c:	84aa                	mv	s1,a0
    6f8e:	fec42783          	lw	a5,-20(s0)
    6f92:	03c7c783          	lbu	a5,60(a5)
    6f96:	00f7f713          	andi	a4,a5,15
    6f9a:	4785                	li	a5,1
    6f9c:	02f71e63          	bne	a4,a5,6fd8 <rt_thread_control+0x82>
    6fa0:	fec42503          	lw	a0,-20(s0)
    6fa4:	935ff0ef          	jal	ra,68d8 <rt_schedule_remove_thread>
    6fa8:	fe442783          	lw	a5,-28(s0)
    6fac:	2398                	lbu	a4,0(a5)
    6fae:	fec42783          	lw	a5,-20(s0)
    6fb2:	02e78ea3          	sb	a4,61(a5)
    6fb6:	fec42783          	lw	a5,-20(s0)
    6fba:	03d7c783          	lbu	a5,61(a5)
    6fbe:	873e                	mv	a4,a5
    6fc0:	4785                	li	a5,1
    6fc2:	00e797b3          	sll	a5,a5,a4
    6fc6:	873e                	mv	a4,a5
    6fc8:	fec42783          	lw	a5,-20(s0)
    6fcc:	c3b8                	sw	a4,64(a5)
    6fce:	fec42503          	lw	a0,-20(s0)
    6fd2:	88bff0ef          	jal	ra,685c <rt_schedule_insert_thread>
    6fd6:	a025                	j	6ffe <rt_thread_control+0xa8>
    6fd8:	fe442783          	lw	a5,-28(s0)
    6fdc:	2398                	lbu	a4,0(a5)
    6fde:	fec42783          	lw	a5,-20(s0)
    6fe2:	02e78ea3          	sb	a4,61(a5)
    6fe6:	fec42783          	lw	a5,-20(s0)
    6fea:	03d7c783          	lbu	a5,61(a5)
    6fee:	873e                	mv	a4,a5
    6ff0:	4785                	li	a5,1
    6ff2:	00e797b3          	sll	a5,a5,a4
    6ff6:	873e                	mv	a4,a5
    6ff8:	fec42783          	lw	a5,-20(s0)
    6ffc:	c3b8                	sw	a4,64(a5)
    6ffe:	8526                	mv	a0,s1
    7000:	0bb000ef          	jal	ra,78ba <rt_hw_interrupt_enable>
    7004:	a829                	j	701e <rt_thread_control+0xc8>
    7006:	fec42503          	lw	a0,-20(s0)
    700a:	cdfff0ef          	jal	ra,6ce8 <rt_thread_startup>
    700e:	87aa                	mv	a5,a0
    7010:	a801                	j	7020 <rt_thread_control+0xca>
    7012:	fec42503          	lw	a0,-20(s0)
    7016:	dbbff0ef          	jal	ra,6dd0 <rt_thread_delete>
    701a:	87aa                	mv	a5,a0
    701c:	a011                	j	7020 <rt_thread_control+0xca>
    701e:	4781                	li	a5,0
    7020:	853e                	mv	a0,a5
    7022:	40f2                	lw	ra,28(sp)
    7024:	4462                	lw	s0,24(sp)
    7026:	44d2                	lw	s1,20(sp)
    7028:	6105                	addi	sp,sp,32
    702a:	8082                	ret

0000702c <rt_thread_suspend>:
    702c:	1101                	addi	sp,sp,-32
    702e:	ce06                	sw	ra,28(sp)
    7030:	cc22                	sw	s0,24(sp)
    7032:	ca26                	sw	s1,20(sp)
    7034:	1000                	addi	s0,sp,32
    7036:	fea42623          	sw	a0,-20(s0)
    703a:	fec42783          	lw	a5,-20(s0)
    703e:	03c7c783          	lbu	a5,60(a5)
    7042:	00f7f713          	andi	a4,a5,15
    7046:	4785                	li	a5,1
    7048:	00f70463          	beq	a4,a5,7050 <rt_thread_suspend+0x24>
    704c:	57fd                	li	a5,-1
    704e:	a8a9                	j	70a8 <rt_thread_suspend+0x7c>
    7050:	047000ef          	jal	ra,7896 <rt_hw_interrupt_disable>
    7054:	84aa                	mv	s1,a0
    7056:	fec42783          	lw	a5,-20(s0)
    705a:	03c7c783          	lbu	a5,60(a5)
    705e:	07e2                	slli	a5,a5,0x18
    7060:	87e1                	srai	a5,a5,0x18
    7062:	9bc1                	andi	a5,a5,-16
    7064:	07e2                	slli	a5,a5,0x18
    7066:	87e1                	srai	a5,a5,0x18
    7068:	0027e793          	ori	a5,a5,2
    706c:	07e2                	slli	a5,a5,0x18
    706e:	87e1                	srai	a5,a5,0x18
    7070:	0ff7f713          	andi	a4,a5,255
    7074:	fec42783          	lw	a5,-20(s0)
    7078:	02e78e23          	sb	a4,60(a5)
    707c:	fec42503          	lw	a0,-20(s0)
    7080:	859ff0ef          	jal	ra,68d8 <rt_schedule_remove_thread>
    7084:	fec42783          	lw	a5,-20(s0)
    7088:	05478793          	addi	a5,a5,84
    708c:	853e                	mv	a0,a5
    708e:	2321                	jal	7596 <rt_timer_stop>
    7090:	8526                	mv	a0,s1
    7092:	029000ef          	jal	ra,78ba <rt_hw_interrupt_enable>
    7096:	8941a783          	lw	a5,-1900(gp) # 20000184 <rt_thread_suspend_hook>
    709a:	c791                	beqz	a5,70a6 <rt_thread_suspend+0x7a>
    709c:	8941a783          	lw	a5,-1900(gp) # 20000184 <rt_thread_suspend_hook>
    70a0:	fec42503          	lw	a0,-20(s0)
    70a4:	9782                	jalr	a5
    70a6:	4781                	li	a5,0
    70a8:	853e                	mv	a0,a5
    70aa:	40f2                	lw	ra,28(sp)
    70ac:	4462                	lw	s0,24(sp)
    70ae:	44d2                	lw	s1,20(sp)
    70b0:	6105                	addi	sp,sp,32
    70b2:	8082                	ret

000070b4 <rt_thread_resume>:
    70b4:	1101                	addi	sp,sp,-32
    70b6:	ce06                	sw	ra,28(sp)
    70b8:	cc22                	sw	s0,24(sp)
    70ba:	ca26                	sw	s1,20(sp)
    70bc:	1000                	addi	s0,sp,32
    70be:	fea42623          	sw	a0,-20(s0)
    70c2:	fec42783          	lw	a5,-20(s0)
    70c6:	03c7c783          	lbu	a5,60(a5)
    70ca:	00f7f713          	andi	a4,a5,15
    70ce:	4789                	li	a5,2
    70d0:	00f70463          	beq	a4,a5,70d8 <rt_thread_resume+0x24>
    70d4:	57fd                	li	a5,-1
    70d6:	a081                	j	7116 <rt_thread_resume+0x62>
    70d8:	7be000ef          	jal	ra,7896 <rt_hw_interrupt_disable>
    70dc:	84aa                	mv	s1,a0
    70de:	fec42783          	lw	a5,-20(s0)
    70e2:	07f1                	addi	a5,a5,28
    70e4:	853e                	mv	a0,a5
    70e6:	98bff0ef          	jal	ra,6a70 <rt_list_remove>
    70ea:	fec42783          	lw	a5,-20(s0)
    70ee:	05478793          	addi	a5,a5,84
    70f2:	853e                	mv	a0,a5
    70f4:	214d                	jal	7596 <rt_timer_stop>
    70f6:	8526                	mv	a0,s1
    70f8:	7c2000ef          	jal	ra,78ba <rt_hw_interrupt_enable>
    70fc:	fec42503          	lw	a0,-20(s0)
    7100:	f5cff0ef          	jal	ra,685c <rt_schedule_insert_thread>
    7104:	8981a783          	lw	a5,-1896(gp) # 20000188 <rt_thread_resume_hook>
    7108:	c791                	beqz	a5,7114 <rt_thread_resume+0x60>
    710a:	8981a783          	lw	a5,-1896(gp) # 20000188 <rt_thread_resume_hook>
    710e:	fec42503          	lw	a0,-20(s0)
    7112:	9782                	jalr	a5
    7114:	4781                	li	a5,0
    7116:	853e                	mv	a0,a5
    7118:	40f2                	lw	ra,28(sp)
    711a:	4462                	lw	s0,24(sp)
    711c:	44d2                	lw	s1,20(sp)
    711e:	6105                	addi	sp,sp,32
    7120:	8082                	ret

00007122 <rt_thread_timeout>:
    7122:	7179                	addi	sp,sp,-48
    7124:	d606                	sw	ra,44(sp)
    7126:	d422                	sw	s0,40(sp)
    7128:	1800                	addi	s0,sp,48
    712a:	fca42e23          	sw	a0,-36(s0)
    712e:	fdc42783          	lw	a5,-36(s0)
    7132:	fef42623          	sw	a5,-20(s0)
    7136:	fec42783          	lw	a5,-20(s0)
    713a:	5779                	li	a4,-2
    713c:	df98                	sw	a4,56(a5)
    713e:	fec42783          	lw	a5,-20(s0)
    7142:	07f1                	addi	a5,a5,28
    7144:	853e                	mv	a0,a5
    7146:	92bff0ef          	jal	ra,6a70 <rt_list_remove>
    714a:	fec42503          	lw	a0,-20(s0)
    714e:	f0eff0ef          	jal	ra,685c <rt_schedule_insert_thread>
    7152:	e42ff0ef          	jal	ra,6794 <rt_schedule>
    7156:	0001                	nop
    7158:	50b2                	lw	ra,44(sp)
    715a:	5422                	lw	s0,40(sp)
    715c:	6145                	addi	sp,sp,48
    715e:	8082                	ret

00007160 <rt_list_init>:
    7160:	1101                	addi	sp,sp,-32
    7162:	ce22                	sw	s0,28(sp)
    7164:	1000                	addi	s0,sp,32
    7166:	fea42623          	sw	a0,-20(s0)
    716a:	fec42783          	lw	a5,-20(s0)
    716e:	fec42703          	lw	a4,-20(s0)
    7172:	c3d8                	sw	a4,4(a5)
    7174:	fec42783          	lw	a5,-20(s0)
    7178:	43d8                	lw	a4,4(a5)
    717a:	fec42783          	lw	a5,-20(s0)
    717e:	c398                	sw	a4,0(a5)
    7180:	0001                	nop
    7182:	4472                	lw	s0,28(sp)
    7184:	6105                	addi	sp,sp,32
    7186:	8082                	ret

00007188 <rt_list_insert_after>:
    7188:	1101                	addi	sp,sp,-32
    718a:	ce22                	sw	s0,28(sp)
    718c:	1000                	addi	s0,sp,32
    718e:	fea42623          	sw	a0,-20(s0)
    7192:	feb42423          	sw	a1,-24(s0)
    7196:	fec42783          	lw	a5,-20(s0)
    719a:	439c                	lw	a5,0(a5)
    719c:	fe842703          	lw	a4,-24(s0)
    71a0:	c3d8                	sw	a4,4(a5)
    71a2:	fec42783          	lw	a5,-20(s0)
    71a6:	4398                	lw	a4,0(a5)
    71a8:	fe842783          	lw	a5,-24(s0)
    71ac:	c398                	sw	a4,0(a5)
    71ae:	fec42783          	lw	a5,-20(s0)
    71b2:	fe842703          	lw	a4,-24(s0)
    71b6:	c398                	sw	a4,0(a5)
    71b8:	fe842783          	lw	a5,-24(s0)
    71bc:	fec42703          	lw	a4,-20(s0)
    71c0:	c3d8                	sw	a4,4(a5)
    71c2:	0001                	nop
    71c4:	4472                	lw	s0,28(sp)
    71c6:	6105                	addi	sp,sp,32
    71c8:	8082                	ret

000071ca <rt_list_remove>:
    71ca:	1101                	addi	sp,sp,-32
    71cc:	ce22                	sw	s0,28(sp)
    71ce:	1000                	addi	s0,sp,32
    71d0:	fea42623          	sw	a0,-20(s0)
    71d4:	fec42783          	lw	a5,-20(s0)
    71d8:	439c                	lw	a5,0(a5)
    71da:	fec42703          	lw	a4,-20(s0)
    71de:	4358                	lw	a4,4(a4)
    71e0:	c3d8                	sw	a4,4(a5)
    71e2:	fec42783          	lw	a5,-20(s0)
    71e6:	43dc                	lw	a5,4(a5)
    71e8:	fec42703          	lw	a4,-20(s0)
    71ec:	4318                	lw	a4,0(a4)
    71ee:	c398                	sw	a4,0(a5)
    71f0:	fec42783          	lw	a5,-20(s0)
    71f4:	fec42703          	lw	a4,-20(s0)
    71f8:	c3d8                	sw	a4,4(a5)
    71fa:	fec42783          	lw	a5,-20(s0)
    71fe:	43d8                	lw	a4,4(a5)
    7200:	fec42783          	lw	a5,-20(s0)
    7204:	c398                	sw	a4,0(a5)
    7206:	0001                	nop
    7208:	4472                	lw	s0,28(sp)
    720a:	6105                	addi	sp,sp,32
    720c:	8082                	ret

0000720e <rt_list_isempty>:
    720e:	1101                	addi	sp,sp,-32
    7210:	ce22                	sw	s0,28(sp)
    7212:	1000                	addi	s0,sp,32
    7214:	fea42623          	sw	a0,-20(s0)
    7218:	fec42783          	lw	a5,-20(s0)
    721c:	439c                	lw	a5,0(a5)
    721e:	fec42703          	lw	a4,-20(s0)
    7222:	40f707b3          	sub	a5,a4,a5
    7226:	0017b793          	seqz	a5,a5
    722a:	0ff7f793          	andi	a5,a5,255
    722e:	853e                	mv	a0,a5
    7230:	4472                	lw	s0,28(sp)
    7232:	6105                	addi	sp,sp,32
    7234:	8082                	ret

00007236 <_rt_timer_init>:
    7236:	7139                	addi	sp,sp,-64
    7238:	de06                	sw	ra,60(sp)
    723a:	dc22                	sw	s0,56(sp)
    723c:	0080                	addi	s0,sp,64
    723e:	fca42e23          	sw	a0,-36(s0)
    7242:	fcb42c23          	sw	a1,-40(s0)
    7246:	fcc42a23          	sw	a2,-44(s0)
    724a:	fcd42823          	sw	a3,-48(s0)
    724e:	87ba                	mv	a5,a4
    7250:	fcf407a3          	sb	a5,-49(s0)
    7254:	fdc42783          	lw	a5,-36(s0)
    7258:	fcf44703          	lbu	a4,-49(s0)
    725c:	bb98                	sb	a4,17(a5)
    725e:	fdc42783          	lw	a5,-36(s0)
    7262:	3b9c                	lbu	a5,17(a5)
    7264:	9bf9                	andi	a5,a5,-2
    7266:	0ff7f713          	andi	a4,a5,255
    726a:	fdc42783          	lw	a5,-36(s0)
    726e:	bb98                	sb	a4,17(a5)
    7270:	fdc42783          	lw	a5,-36(s0)
    7274:	fd842703          	lw	a4,-40(s0)
    7278:	d3d8                	sw	a4,36(a5)
    727a:	fdc42783          	lw	a5,-36(s0)
    727e:	fd442703          	lw	a4,-44(s0)
    7282:	d798                	sw	a4,40(a5)
    7284:	fdc42783          	lw	a5,-36(s0)
    7288:	0207a823          	sw	zero,48(a5)
    728c:	fdc42783          	lw	a5,-36(s0)
    7290:	fd042703          	lw	a4,-48(s0)
    7294:	d7d8                	sw	a4,44(a5)
    7296:	fe042623          	sw	zero,-20(s0)
    729a:	a00d                	j	72bc <_rt_timer_init+0x86>
    729c:	fec42783          	lw	a5,-20(s0)
    72a0:	0789                	addi	a5,a5,2
    72a2:	078e                	slli	a5,a5,0x3
    72a4:	fdc42703          	lw	a4,-36(s0)
    72a8:	97ba                	add	a5,a5,a4
    72aa:	07b1                	addi	a5,a5,12
    72ac:	853e                	mv	a0,a5
    72ae:	eb3ff0ef          	jal	ra,7160 <rt_list_init>
    72b2:	fec42783          	lw	a5,-20(s0)
    72b6:	0785                	addi	a5,a5,1
    72b8:	fef42623          	sw	a5,-20(s0)
    72bc:	fec42783          	lw	a5,-20(s0)
    72c0:	fcf05ee3          	blez	a5,729c <_rt_timer_init+0x66>
    72c4:	0001                	nop
    72c6:	50f2                	lw	ra,60(sp)
    72c8:	5462                	lw	s0,56(sp)
    72ca:	6121                	addi	sp,sp,64
    72cc:	8082                	ret

000072ce <_rt_timer_remove>:
    72ce:	7179                	addi	sp,sp,-48
    72d0:	d606                	sw	ra,44(sp)
    72d2:	d422                	sw	s0,40(sp)
    72d4:	1800                	addi	s0,sp,48
    72d6:	fca42e23          	sw	a0,-36(s0)
    72da:	fe042623          	sw	zero,-20(s0)
    72de:	a00d                	j	7300 <_rt_timer_remove+0x32>
    72e0:	fec42783          	lw	a5,-20(s0)
    72e4:	0789                	addi	a5,a5,2
    72e6:	078e                	slli	a5,a5,0x3
    72e8:	fdc42703          	lw	a4,-36(s0)
    72ec:	97ba                	add	a5,a5,a4
    72ee:	07b1                	addi	a5,a5,12
    72f0:	853e                	mv	a0,a5
    72f2:	ed9ff0ef          	jal	ra,71ca <rt_list_remove>
    72f6:	fec42783          	lw	a5,-20(s0)
    72fa:	0785                	addi	a5,a5,1
    72fc:	fef42623          	sw	a5,-20(s0)
    7300:	fec42783          	lw	a5,-20(s0)
    7304:	fcf05ee3          	blez	a5,72e0 <_rt_timer_remove+0x12>
    7308:	0001                	nop
    730a:	50b2                	lw	ra,44(sp)
    730c:	5422                	lw	s0,40(sp)
    730e:	6145                	addi	sp,sp,48
    7310:	8082                	ret

00007312 <rt_timer_init>:
    7312:	7179                	addi	sp,sp,-48
    7314:	d606                	sw	ra,44(sp)
    7316:	d422                	sw	s0,40(sp)
    7318:	1800                	addi	s0,sp,48
    731a:	fea42623          	sw	a0,-20(s0)
    731e:	feb42423          	sw	a1,-24(s0)
    7322:	fec42223          	sw	a2,-28(s0)
    7326:	fed42023          	sw	a3,-32(s0)
    732a:	fce42e23          	sw	a4,-36(s0)
    732e:	fcf40da3          	sb	a5,-37(s0)
    7332:	fe842603          	lw	a2,-24(s0)
    7336:	45a9                	li	a1,10
    7338:	fec42503          	lw	a0,-20(s0)
    733c:	8c6ff0ef          	jal	ra,6402 <rt_object_init>
    7340:	fdb44783          	lbu	a5,-37(s0)
    7344:	873e                	mv	a4,a5
    7346:	fdc42683          	lw	a3,-36(s0)
    734a:	fe042603          	lw	a2,-32(s0)
    734e:	fe442583          	lw	a1,-28(s0)
    7352:	fec42503          	lw	a0,-20(s0)
    7356:	ee1ff0ef          	jal	ra,7236 <_rt_timer_init>
    735a:	0001                	nop
    735c:	50b2                	lw	ra,44(sp)
    735e:	5422                	lw	s0,40(sp)
    7360:	6145                	addi	sp,sp,48
    7362:	8082                	ret

00007364 <rt_timer_detach>:
    7364:	1101                	addi	sp,sp,-32
    7366:	ce06                	sw	ra,28(sp)
    7368:	cc22                	sw	s0,24(sp)
    736a:	ca26                	sw	s1,20(sp)
    736c:	1000                	addi	s0,sp,32
    736e:	fea42623          	sw	a0,-20(s0)
    7372:	2315                	jal	7896 <rt_hw_interrupt_disable>
    7374:	84aa                	mv	s1,a0
    7376:	fec42503          	lw	a0,-20(s0)
    737a:	f55ff0ef          	jal	ra,72ce <_rt_timer_remove>
    737e:	8526                	mv	a0,s1
    7380:	2b2d                	jal	78ba <rt_hw_interrupt_enable>
    7382:	fec42503          	lw	a0,-20(s0)
    7386:	938ff0ef          	jal	ra,64be <rt_object_detach>
    738a:	4781                	li	a5,0
    738c:	853e                	mv	a0,a5
    738e:	40f2                	lw	ra,28(sp)
    7390:	4462                	lw	s0,24(sp)
    7392:	44d2                	lw	s1,20(sp)
    7394:	6105                	addi	sp,sp,32
    7396:	8082                	ret

00007398 <rt_timer_start>:
    7398:	7139                	addi	sp,sp,-64
    739a:	de06                	sw	ra,60(sp)
    739c:	dc22                	sw	s0,56(sp)
    739e:	da26                	sw	s1,52(sp)
    73a0:	0080                	addi	s0,sp,64
    73a2:	fca42623          	sw	a0,-52(s0)
    73a6:	29c5                	jal	7896 <rt_hw_interrupt_disable>
    73a8:	84aa                	mv	s1,a0
    73aa:	fcc42503          	lw	a0,-52(s0)
    73ae:	f21ff0ef          	jal	ra,72ce <_rt_timer_remove>
    73b2:	fcc42783          	lw	a5,-52(s0)
    73b6:	3b9c                	lbu	a5,17(a5)
    73b8:	9bf9                	andi	a5,a5,-2
    73ba:	0ff7f713          	andi	a4,a5,255
    73be:	fcc42783          	lw	a5,-52(s0)
    73c2:	bb98                	sb	a4,17(a5)
    73c4:	8526                	mv	a0,s1
    73c6:	29d5                	jal	78ba <rt_hw_interrupt_enable>
    73c8:	8701a783          	lw	a5,-1936(gp) # 20000160 <rt_object_take_hook>
    73cc:	c799                	beqz	a5,73da <rt_timer_start+0x42>
    73ce:	8701a703          	lw	a4,-1936(gp) # 20000160 <rt_object_take_hook>
    73d2:	fcc42783          	lw	a5,-52(s0)
    73d6:	853e                	mv	a0,a5
    73d8:	9702                	jalr	a4
    73da:	deefc0ef          	jal	ra,39c8 <rt_tick_get>
    73de:	872a                	mv	a4,a0
    73e0:	fcc42783          	lw	a5,-52(s0)
    73e4:	57dc                	lw	a5,44(a5)
    73e6:	973e                	add	a4,a4,a5
    73e8:	fcc42783          	lw	a5,-52(s0)
    73ec:	db98                	sw	a4,48(a5)
    73ee:	2165                	jal	7896 <rt_hw_interrupt_disable>
    73f0:	84aa                	mv	s1,a0
    73f2:	8a018793          	addi	a5,gp,-1888 # 20000190 <rt_timer_list>
    73f6:	fef42223          	sw	a5,-28(s0)
    73fa:	fe442783          	lw	a5,-28(s0)
    73fe:	fcf42c23          	sw	a5,-40(s0)
    7402:	fe042623          	sw	zero,-20(s0)
    7406:	a8e1                	j	74de <rt_timer_start+0x146>
    7408:	fec42783          	lw	a5,-20(s0)
    740c:	078a                	slli	a5,a5,0x2
    740e:	ff040713          	addi	a4,s0,-16
    7412:	97ba                	add	a5,a5,a4
    7414:	fe87a783          	lw	a5,-24(a5)
    7418:	439c                	lw	a5,0(a5)
    741a:	fef42023          	sw	a5,-32(s0)
    741e:	fec42783          	lw	a5,-20(s0)
    7422:	078e                	slli	a5,a5,0x3
    7424:	07f1                	addi	a5,a5,28
    7426:	40f007b3          	neg	a5,a5
    742a:	fe042703          	lw	a4,-32(s0)
    742e:	97ba                	add	a5,a5,a4
    7430:	fcf42e23          	sw	a5,-36(s0)
    7434:	fdc42783          	lw	a5,-36(s0)
    7438:	5b98                	lw	a4,48(a5)
    743a:	fcc42783          	lw	a5,-52(s0)
    743e:	5b9c                	lw	a5,48(a5)
    7440:	02f70063          	beq	a4,a5,7460 <rt_timer_start+0xc8>
    7444:	fdc42783          	lw	a5,-36(s0)
    7448:	5b98                	lw	a4,48(a5)
    744a:	fcc42783          	lw	a5,-52(s0)
    744e:	5b9c                	lw	a5,48(a5)
    7450:	8f1d                	sub	a4,a4,a5
    7452:	800007b7          	lui	a5,0x80000
    7456:	ffe7c793          	xori	a5,a5,-2
    745a:	04e7f763          	bgeu	a5,a4,74a8 <rt_timer_start+0x110>
    745e:	a011                	j	7462 <rt_timer_start+0xca>
    7460:	0001                	nop
    7462:	fec42783          	lw	a5,-20(s0)
    7466:	078a                	slli	a5,a5,0x2
    7468:	ff040713          	addi	a4,s0,-16
    746c:	97ba                	add	a5,a5,a4
    746e:	fe87a783          	lw	a5,-24(a5) # 7fffffe8 <_eusrstack+0x5fffafe8>
    7472:	4398                	lw	a4,0(a5)
    7474:	fec42783          	lw	a5,-20(s0)
    7478:	078a                	slli	a5,a5,0x2
    747a:	ff040693          	addi	a3,s0,-16
    747e:	97b6                	add	a5,a5,a3
    7480:	fee7a423          	sw	a4,-24(a5)
    7484:	fec42783          	lw	a5,-20(s0)
    7488:	078a                	slli	a5,a5,0x2
    748a:	ff040713          	addi	a4,s0,-16
    748e:	97ba                	add	a5,a5,a4
    7490:	fe87a703          	lw	a4,-24(a5)
    7494:	fec42783          	lw	a5,-20(s0)
    7498:	078e                	slli	a5,a5,0x3
    749a:	fe442683          	lw	a3,-28(s0)
    749e:	97b6                	add	a5,a5,a3
    74a0:	43dc                	lw	a5,4(a5)
    74a2:	f6f713e3          	bne	a4,a5,7408 <rt_timer_start+0x70>
    74a6:	a011                	j	74aa <rt_timer_start+0x112>
    74a8:	0001                	nop
    74aa:	fec42783          	lw	a5,-20(s0)
    74ae:	c39d                	beqz	a5,74d4 <rt_timer_start+0x13c>
    74b0:	fec42783          	lw	a5,-20(s0)
    74b4:	078a                	slli	a5,a5,0x2
    74b6:	ff040713          	addi	a4,s0,-16
    74ba:	97ba                	add	a5,a5,a4
    74bc:	fe87a703          	lw	a4,-24(a5)
    74c0:	fec42783          	lw	a5,-20(s0)
    74c4:	0785                	addi	a5,a5,1
    74c6:	0721                	addi	a4,a4,8
    74c8:	078a                	slli	a5,a5,0x2
    74ca:	ff040693          	addi	a3,s0,-16
    74ce:	97b6                	add	a5,a5,a3
    74d0:	fee7a423          	sw	a4,-24(a5)
    74d4:	fec42783          	lw	a5,-20(s0)
    74d8:	0785                	addi	a5,a5,1
    74da:	fef42623          	sw	a5,-20(s0)
    74de:	fec42783          	lw	a5,-20(s0)
    74e2:	d3cd                	beqz	a5,7484 <rt_timer_start+0xec>
    74e4:	8b01a783          	lw	a5,-1872(gp) # 200001a0 <random_nr.2483>
    74e8:	00178713          	addi	a4,a5,1
    74ec:	8ae1a823          	sw	a4,-1872(gp) # 200001a0 <random_nr.2483>
    74f0:	8b01a783          	lw	a5,-1872(gp) # 200001a0 <random_nr.2483>
    74f4:	fef42423          	sw	a5,-24(s0)
    74f8:	fd842703          	lw	a4,-40(s0)
    74fc:	fcc42783          	lw	a5,-52(s0)
    7500:	07f1                	addi	a5,a5,28
    7502:	85be                	mv	a1,a5
    7504:	853a                	mv	a0,a4
    7506:	c83ff0ef          	jal	ra,7188 <rt_list_insert_after>
    750a:	4789                	li	a5,2
    750c:	fef42623          	sw	a5,-20(s0)
    7510:	a889                	j	7562 <rt_timer_start+0x1ca>
    7512:	fe842783          	lw	a5,-24(s0)
    7516:	8b8d                	andi	a5,a5,3
    7518:	ebb9                	bnez	a5,756e <rt_timer_start+0x1d6>
    751a:	4705                	li	a4,1
    751c:	fec42783          	lw	a5,-20(s0)
    7520:	40f707b3          	sub	a5,a4,a5
    7524:	078a                	slli	a5,a5,0x2
    7526:	ff040713          	addi	a4,s0,-16
    752a:	97ba                	add	a5,a5,a4
    752c:	fe87a683          	lw	a3,-24(a5)
    7530:	4705                	li	a4,1
    7532:	fec42783          	lw	a5,-20(s0)
    7536:	40f707b3          	sub	a5,a4,a5
    753a:	0789                	addi	a5,a5,2
    753c:	078e                	slli	a5,a5,0x3
    753e:	fcc42703          	lw	a4,-52(s0)
    7542:	97ba                	add	a5,a5,a4
    7544:	07b1                	addi	a5,a5,12
    7546:	85be                	mv	a1,a5
    7548:	8536                	mv	a0,a3
    754a:	c3fff0ef          	jal	ra,7188 <rt_list_insert_after>
    754e:	fe842783          	lw	a5,-24(s0)
    7552:	8389                	srli	a5,a5,0x2
    7554:	fef42423          	sw	a5,-24(s0)
    7558:	fec42783          	lw	a5,-20(s0)
    755c:	0785                	addi	a5,a5,1
    755e:	fef42623          	sw	a5,-20(s0)
    7562:	fec42703          	lw	a4,-20(s0)
    7566:	4785                	li	a5,1
    7568:	fae7f5e3          	bgeu	a5,a4,7512 <rt_timer_start+0x17a>
    756c:	a011                	j	7570 <rt_timer_start+0x1d8>
    756e:	0001                	nop
    7570:	fcc42783          	lw	a5,-52(s0)
    7574:	3b9c                	lbu	a5,17(a5)
    7576:	0017e793          	ori	a5,a5,1
    757a:	0ff7f713          	andi	a4,a5,255
    757e:	fcc42783          	lw	a5,-52(s0)
    7582:	bb98                	sb	a4,17(a5)
    7584:	8526                	mv	a0,s1
    7586:	2e15                	jal	78ba <rt_hw_interrupt_enable>
    7588:	4781                	li	a5,0
    758a:	853e                	mv	a0,a5
    758c:	50f2                	lw	ra,60(sp)
    758e:	5462                	lw	s0,56(sp)
    7590:	54d2                	lw	s1,52(sp)
    7592:	6121                	addi	sp,sp,64
    7594:	8082                	ret

00007596 <rt_timer_stop>:
    7596:	1101                	addi	sp,sp,-32
    7598:	ce06                	sw	ra,28(sp)
    759a:	cc22                	sw	s0,24(sp)
    759c:	ca26                	sw	s1,20(sp)
    759e:	1000                	addi	s0,sp,32
    75a0:	fea42623          	sw	a0,-20(s0)
    75a4:	fec42783          	lw	a5,-20(s0)
    75a8:	3b9c                	lbu	a5,17(a5)
    75aa:	8b85                	andi	a5,a5,1
    75ac:	e399                	bnez	a5,75b2 <rt_timer_stop+0x1c>
    75ae:	57fd                	li	a5,-1
    75b0:	a825                	j	75e8 <rt_timer_stop+0x52>
    75b2:	8741a783          	lw	a5,-1932(gp) # 20000164 <rt_object_put_hook>
    75b6:	c799                	beqz	a5,75c4 <rt_timer_stop+0x2e>
    75b8:	8741a703          	lw	a4,-1932(gp) # 20000164 <rt_object_put_hook>
    75bc:	fec42783          	lw	a5,-20(s0)
    75c0:	853e                	mv	a0,a5
    75c2:	9702                	jalr	a4
    75c4:	2cc9                	jal	7896 <rt_hw_interrupt_disable>
    75c6:	84aa                	mv	s1,a0
    75c8:	fec42503          	lw	a0,-20(s0)
    75cc:	d03ff0ef          	jal	ra,72ce <_rt_timer_remove>
    75d0:	8526                	mv	a0,s1
    75d2:	24e5                	jal	78ba <rt_hw_interrupt_enable>
    75d4:	fec42783          	lw	a5,-20(s0)
    75d8:	3b9c                	lbu	a5,17(a5)
    75da:	9bf9                	andi	a5,a5,-2
    75dc:	0ff7f713          	andi	a4,a5,255
    75e0:	fec42783          	lw	a5,-20(s0)
    75e4:	bb98                	sb	a4,17(a5)
    75e6:	4781                	li	a5,0
    75e8:	853e                	mv	a0,a5
    75ea:	40f2                	lw	ra,28(sp)
    75ec:	4462                	lw	s0,24(sp)
    75ee:	44d2                	lw	s1,20(sp)
    75f0:	6105                	addi	sp,sp,32
    75f2:	8082                	ret

000075f4 <rt_timer_control>:
    75f4:	1101                	addi	sp,sp,-32
    75f6:	ce22                	sw	s0,28(sp)
    75f8:	1000                	addi	s0,sp,32
    75fa:	fea42623          	sw	a0,-20(s0)
    75fe:	feb42423          	sw	a1,-24(s0)
    7602:	fec42223          	sw	a2,-28(s0)
    7606:	fe842703          	lw	a4,-24(s0)
    760a:	4785                	li	a5,1
    760c:	02f70663          	beq	a4,a5,7638 <rt_timer_control+0x44>
    7610:	fe842703          	lw	a4,-24(s0)
    7614:	4785                	li	a5,1
    7616:	00e7c663          	blt	a5,a4,7622 <rt_timer_control+0x2e>
    761a:	fe842783          	lw	a5,-24(s0)
    761e:	c785                	beqz	a5,7646 <rt_timer_control+0x52>
    7620:	a8b9                	j	767e <rt_timer_control+0x8a>
    7622:	fe842703          	lw	a4,-24(s0)
    7626:	4789                	li	a5,2
    7628:	02f70663          	beq	a4,a5,7654 <rt_timer_control+0x60>
    762c:	fe842703          	lw	a4,-24(s0)
    7630:	478d                	li	a5,3
    7632:	02f70b63          	beq	a4,a5,7668 <rt_timer_control+0x74>
    7636:	a0a1                	j	767e <rt_timer_control+0x8a>
    7638:	fec42783          	lw	a5,-20(s0)
    763c:	57d8                	lw	a4,44(a5)
    763e:	fe442783          	lw	a5,-28(s0)
    7642:	c398                	sw	a4,0(a5)
    7644:	a82d                	j	767e <rt_timer_control+0x8a>
    7646:	fe442783          	lw	a5,-28(s0)
    764a:	4398                	lw	a4,0(a5)
    764c:	fec42783          	lw	a5,-20(s0)
    7650:	d7d8                	sw	a4,44(a5)
    7652:	a035                	j	767e <rt_timer_control+0x8a>
    7654:	fec42783          	lw	a5,-20(s0)
    7658:	3b9c                	lbu	a5,17(a5)
    765a:	9bf5                	andi	a5,a5,-3
    765c:	0ff7f713          	andi	a4,a5,255
    7660:	fec42783          	lw	a5,-20(s0)
    7664:	bb98                	sb	a4,17(a5)
    7666:	a821                	j	767e <rt_timer_control+0x8a>
    7668:	fec42783          	lw	a5,-20(s0)
    766c:	3b9c                	lbu	a5,17(a5)
    766e:	0027e793          	ori	a5,a5,2
    7672:	0ff7f713          	andi	a4,a5,255
    7676:	fec42783          	lw	a5,-20(s0)
    767a:	bb98                	sb	a4,17(a5)
    767c:	0001                	nop
    767e:	4781                	li	a5,0
    7680:	853e                	mv	a0,a5
    7682:	4472                	lw	s0,28(sp)
    7684:	6105                	addi	sp,sp,32
    7686:	8082                	ret

00007688 <rt_timer_check>:
    7688:	1101                	addi	sp,sp,-32
    768a:	ce06                	sw	ra,28(sp)
    768c:	cc22                	sw	s0,24(sp)
    768e:	ca26                	sw	s1,20(sp)
    7690:	1000                	addi	s0,sp,32
    7692:	b36fc0ef          	jal	ra,39c8 <rt_tick_get>
    7696:	fea42623          	sw	a0,-20(s0)
    769a:	2af5                	jal	7896 <rt_hw_interrupt_disable>
    769c:	84aa                	mv	s1,a0
    769e:	a05d                	j	7744 <rt_timer_check+0xbc>
    76a0:	8a01a783          	lw	a5,-1888(gp) # 20000190 <rt_timer_list>
    76a4:	1791                	addi	a5,a5,-28
    76a6:	fef42423          	sw	a5,-24(s0)
    76aa:	fe842783          	lw	a5,-24(s0)
    76ae:	5b9c                	lw	a5,48(a5)
    76b0:	fec42703          	lw	a4,-20(s0)
    76b4:	8f1d                	sub	a4,a4,a5
    76b6:	800007b7          	lui	a5,0x80000
    76ba:	ffe7c793          	xori	a5,a5,-2
    76be:	08e7ea63          	bltu	a5,a4,7752 <rt_timer_check+0xca>
    76c2:	8a81a783          	lw	a5,-1880(gp) # 20000198 <rt_timer_enter_hook>
    76c6:	c791                	beqz	a5,76d2 <rt_timer_check+0x4a>
    76c8:	8a81a783          	lw	a5,-1880(gp) # 20000198 <rt_timer_enter_hook>
    76cc:	fe842503          	lw	a0,-24(s0)
    76d0:	9782                	jalr	a5
    76d2:	fe842503          	lw	a0,-24(s0)
    76d6:	bf9ff0ef          	jal	ra,72ce <_rt_timer_remove>
    76da:	fe842783          	lw	a5,-24(s0)
    76de:	53d8                	lw	a4,36(a5)
    76e0:	fe842783          	lw	a5,-24(s0)
    76e4:	579c                	lw	a5,40(a5)
    76e6:	853e                	mv	a0,a5
    76e8:	9702                	jalr	a4
    76ea:	adefc0ef          	jal	ra,39c8 <rt_tick_get>
    76ee:	fea42623          	sw	a0,-20(s0)
    76f2:	8ac1a783          	lw	a5,-1876(gp) # 2000019c <rt_timer_exit_hook>
    76f6:	c791                	beqz	a5,7702 <rt_timer_check+0x7a>
    76f8:	8ac1a783          	lw	a5,-1876(gp) # 2000019c <rt_timer_exit_hook>
    76fc:	fe842503          	lw	a0,-24(s0)
    7700:	9782                	jalr	a5
    7702:	fe842783          	lw	a5,-24(s0)
    7706:	3b9c                	lbu	a5,17(a5)
    7708:	8b89                	andi	a5,a5,2
    770a:	c785                	beqz	a5,7732 <rt_timer_check+0xaa>
    770c:	fe842783          	lw	a5,-24(s0)
    7710:	3b9c                	lbu	a5,17(a5)
    7712:	8b85                	andi	a5,a5,1
    7714:	cf99                	beqz	a5,7732 <rt_timer_check+0xaa>
    7716:	fe842783          	lw	a5,-24(s0)
    771a:	3b9c                	lbu	a5,17(a5)
    771c:	9bf9                	andi	a5,a5,-2
    771e:	0ff7f713          	andi	a4,a5,255
    7722:	fe842783          	lw	a5,-24(s0)
    7726:	bb98                	sb	a4,17(a5)
    7728:	fe842503          	lw	a0,-24(s0)
    772c:	c6dff0ef          	jal	ra,7398 <rt_timer_start>
    7730:	a811                	j	7744 <rt_timer_check+0xbc>
    7732:	fe842783          	lw	a5,-24(s0)
    7736:	3b9c                	lbu	a5,17(a5)
    7738:	9bf9                	andi	a5,a5,-2
    773a:	0ff7f713          	andi	a4,a5,255
    773e:	fe842783          	lw	a5,-24(s0)
    7742:	bb98                	sb	a4,17(a5)
    7744:	8a018513          	addi	a0,gp,-1888 # 20000190 <rt_timer_list>
    7748:	ac7ff0ef          	jal	ra,720e <rt_list_isempty>
    774c:	87aa                	mv	a5,a0
    774e:	dba9                	beqz	a5,76a0 <rt_timer_check+0x18>
    7750:	a011                	j	7754 <rt_timer_check+0xcc>
    7752:	0001                	nop
    7754:	8526                	mv	a0,s1
    7756:	2295                	jal	78ba <rt_hw_interrupt_enable>
    7758:	0001                	nop
    775a:	40f2                	lw	ra,28(sp)
    775c:	4462                	lw	s0,24(sp)
    775e:	44d2                	lw	s1,20(sp)
    7760:	6105                	addi	sp,sp,32
    7762:	8082                	ret

00007764 <rt_system_timer_init>:
    7764:	1101                	addi	sp,sp,-32
    7766:	ce06                	sw	ra,28(sp)
    7768:	cc22                	sw	s0,24(sp)
    776a:	1000                	addi	s0,sp,32
    776c:	fe042623          	sw	zero,-20(s0)
    7770:	a005                	j	7790 <rt_system_timer_init+0x2c>
    7772:	fec42783          	lw	a5,-20(s0)
    7776:	00379713          	slli	a4,a5,0x3
    777a:	8a018793          	addi	a5,gp,-1888 # 20000190 <rt_timer_list>
    777e:	97ba                	add	a5,a5,a4
    7780:	853e                	mv	a0,a5
    7782:	9dfff0ef          	jal	ra,7160 <rt_list_init>
    7786:	fec42783          	lw	a5,-20(s0)
    778a:	0785                	addi	a5,a5,1
    778c:	fef42623          	sw	a5,-20(s0)
    7790:	fec42783          	lw	a5,-20(s0)
    7794:	dff9                	beqz	a5,7772 <rt_system_timer_init+0xe>
    7796:	0001                	nop
    7798:	40f2                	lw	ra,28(sp)
    779a:	4462                	lw	s0,24(sp)
    779c:	6105                	addi	sp,sp,32
    779e:	8082                	ret

000077a0 <rt_system_timer_thread_init>:
    77a0:	1141                	addi	sp,sp,-16
    77a2:	c622                	sw	s0,12(sp)
    77a4:	0800                	addi	s0,sp,16
    77a6:	0001                	nop
    77a8:	4432                	lw	s0,12(sp)
    77aa:	0141                	addi	sp,sp,16
    77ac:	8082                	ret

000077ae <rt_hw_stack_init>:
    77ae:	7179                	addi	sp,sp,-48
    77b0:	d622                	sw	s0,44(sp)
    77b2:	1800                	addi	s0,sp,48
    77b4:	fca42e23          	sw	a0,-36(s0)
    77b8:	fcb42c23          	sw	a1,-40(s0)
    77bc:	fcc42a23          	sw	a2,-44(s0)
    77c0:	fcd42823          	sw	a3,-48(s0)
    77c4:	fd442783          	lw	a5,-44(s0)
    77c8:	0791                	addi	a5,a5,4
    77ca:	fef42423          	sw	a5,-24(s0)
    77ce:	fe842783          	lw	a5,-24(s0)
    77d2:	9bf1                	andi	a5,a5,-4
    77d4:	fef42423          	sw	a5,-24(s0)
    77d8:	fe842783          	lw	a5,-24(s0)
    77dc:	f8078793          	addi	a5,a5,-128 # 7fffff80 <_eusrstack+0x5fffaf80>
    77e0:	fef42423          	sw	a5,-24(s0)
    77e4:	fe842783          	lw	a5,-24(s0)
    77e8:	fef42223          	sw	a5,-28(s0)
    77ec:	fe042623          	sw	zero,-20(s0)
    77f0:	a00d                	j	7812 <rt_hw_stack_init+0x64>
    77f2:	fec42783          	lw	a5,-20(s0)
    77f6:	078a                	slli	a5,a5,0x2
    77f8:	fe442703          	lw	a4,-28(s0)
    77fc:	97ba                	add	a5,a5,a4
    77fe:	deadc737          	lui	a4,0xdeadc
    7802:	eef70713          	addi	a4,a4,-273 # deadbeef <_eusrstack+0xbead6eef>
    7806:	c398                	sw	a4,0(a5)
    7808:	fec42783          	lw	a5,-20(s0)
    780c:	0785                	addi	a5,a5,1
    780e:	fef42623          	sw	a5,-20(s0)
    7812:	fec42703          	lw	a4,-20(s0)
    7816:	47fd                	li	a5,31
    7818:	fce7fde3          	bgeu	a5,a4,77f2 <rt_hw_stack_init+0x44>
    781c:	fd042703          	lw	a4,-48(s0)
    7820:	fe442783          	lw	a5,-28(s0)
    7824:	c3d8                	sw	a4,4(a5)
    7826:	fd842703          	lw	a4,-40(s0)
    782a:	fe442783          	lw	a5,-28(s0)
    782e:	d798                	sw	a4,40(a5)
    7830:	fdc42703          	lw	a4,-36(s0)
    7834:	fe442783          	lw	a5,-28(s0)
    7838:	c398                	sw	a4,0(a5)
    783a:	fe442783          	lw	a5,-28(s0)
    783e:	6709                	lui	a4,0x2
    7840:	88070713          	addi	a4,a4,-1920 # 1880 <NMI_Handler+0x32>
    7844:	c798                	sw	a4,8(a5)
    7846:	fe842783          	lw	a5,-24(s0)
    784a:	853e                	mv	a0,a5
    784c:	5432                	lw	s0,44(sp)
    784e:	6145                	addi	sp,sp,48
    7850:	8082                	ret

00007852 <sw_setpend>:
    7852:	1141                	addi	sp,sp,-16
    7854:	c622                	sw	s0,12(sp)
    7856:	0800                	addi	s0,sp,16
    7858:	e000f7b7          	lui	a5,0xe000f
    785c:	4394                	lw	a3,0(a5)
    785e:	e000f7b7          	lui	a5,0xe000f
    7862:	80000737          	lui	a4,0x80000
    7866:	8f55                	or	a4,a4,a3
    7868:	c398                	sw	a4,0(a5)
    786a:	0001                	nop
    786c:	4432                	lw	s0,12(sp)
    786e:	0141                	addi	sp,sp,16
    7870:	8082                	ret

00007872 <sw_clearpend>:
    7872:	1141                	addi	sp,sp,-16
    7874:	c622                	sw	s0,12(sp)
    7876:	0800                	addi	s0,sp,16
    7878:	e000f7b7          	lui	a5,0xe000f
    787c:	4394                	lw	a3,0(a5)
    787e:	e000f7b7          	lui	a5,0xe000f
    7882:	80000737          	lui	a4,0x80000
    7886:	fff74713          	not	a4,a4
    788a:	8f75                	and	a4,a4,a3
    788c:	c398                	sw	a4,0(a5)
    788e:	0001                	nop
    7890:	4432                	lw	s0,12(sp)
    7892:	0141                	addi	sp,sp,16
    7894:	8082                	ret

00007896 <rt_hw_interrupt_disable>:
    7896:	1101                	addi	sp,sp,-32
    7898:	ce22                	sw	s0,28(sp)
    789a:	1000                	addi	s0,sp,32
    789c:	fe042623          	sw	zero,-20(s0)
    78a0:	6789                	lui	a5,0x2
    78a2:	80078793          	addi	a5,a5,-2048 # 1800 <USART_GetITStatus+0xf8>
    78a6:	300797f3          	csrrw	a5,mstatus,a5
    78aa:	fef42623          	sw	a5,-20(s0)
    78ae:	fec42783          	lw	a5,-20(s0)
    78b2:	853e                	mv	a0,a5
    78b4:	4472                	lw	s0,28(sp)
    78b6:	6105                	addi	sp,sp,32
    78b8:	8082                	ret

000078ba <rt_hw_interrupt_enable>:
    78ba:	1101                	addi	sp,sp,-32
    78bc:	ce22                	sw	s0,28(sp)
    78be:	1000                	addi	s0,sp,32
    78c0:	fea42623          	sw	a0,-20(s0)
    78c4:	fec42783          	lw	a5,-20(s0)
    78c8:	30079073          	csrw	mstatus,a5
    78cc:	0001                	nop
    78ce:	4472                	lw	s0,28(sp)
    78d0:	6105                	addi	sp,sp,32
    78d2:	8082                	ret

000078d4 <rt_hw_context_switch_interrupt>:
    78d4:	1101                	addi	sp,sp,-32
    78d6:	ce06                	sw	ra,28(sp)
    78d8:	cc22                	sw	s0,24(sp)
    78da:	1000                	addi	s0,sp,32
    78dc:	fea42623          	sw	a0,-20(s0)
    78e0:	feb42423          	sw	a1,-24(s0)
    78e4:	8bc1a783          	lw	a5,-1860(gp) # 200001ac <rt_thread_switch_interrupt_flag>
    78e8:	e789                	bnez	a5,78f2 <rt_hw_context_switch_interrupt+0x1e>
    78ea:	fec42703          	lw	a4,-20(s0)
    78ee:	8ae1aa23          	sw	a4,-1868(gp) # 200001a4 <rt_interrupt_from_thread>
    78f2:	fe842703          	lw	a4,-24(s0)
    78f6:	8ae1ac23          	sw	a4,-1864(gp) # 200001a8 <rt_interrupt_to_thread>
    78fa:	4705                	li	a4,1
    78fc:	8ae1ae23          	sw	a4,-1860(gp) # 200001ac <rt_thread_switch_interrupt_flag>
    7900:	f53ff0ef          	jal	ra,7852 <sw_setpend>
    7904:	0001                	nop
    7906:	40f2                	lw	ra,28(sp)
    7908:	4462                	lw	s0,24(sp)
    790a:	6105                	addi	sp,sp,32
    790c:	8082                	ret

0000790e <rt_list_isempty>:
    790e:	1101                	addi	sp,sp,-32
    7910:	ce22                	sw	s0,28(sp)
    7912:	1000                	addi	s0,sp,32
    7914:	fea42623          	sw	a0,-20(s0)
    7918:	fec42783          	lw	a5,-20(s0)
    791c:	439c                	lw	a5,0(a5)
    791e:	fec42703          	lw	a4,-20(s0)
    7922:	40f707b3          	sub	a5,a4,a5
    7926:	0017b793          	seqz	a5,a5
    792a:	0ff7f793          	andi	a5,a5,255
    792e:	853e                	mv	a0,a5
    7930:	4472                	lw	s0,28(sp)
    7932:	6105                	addi	sp,sp,32
    7934:	8082                	ret

00007936 <rt_list_len>:
    7936:	7179                	addi	sp,sp,-48
    7938:	d622                	sw	s0,44(sp)
    793a:	1800                	addi	s0,sp,48
    793c:	fca42e23          	sw	a0,-36(s0)
    7940:	fe042623          	sw	zero,-20(s0)
    7944:	fdc42783          	lw	a5,-36(s0)
    7948:	fef42423          	sw	a5,-24(s0)
    794c:	a819                	j	7962 <rt_list_len+0x2c>
    794e:	fe842783          	lw	a5,-24(s0)
    7952:	439c                	lw	a5,0(a5)
    7954:	fef42423          	sw	a5,-24(s0)
    7958:	fec42783          	lw	a5,-20(s0)
    795c:	0785                	addi	a5,a5,1
    795e:	fef42623          	sw	a5,-20(s0)
    7962:	fe842783          	lw	a5,-24(s0)
    7966:	439c                	lw	a5,0(a5)
    7968:	fdc42703          	lw	a4,-36(s0)
    796c:	fef711e3          	bne	a4,a5,794e <rt_list_len+0x18>
    7970:	fec42783          	lw	a5,-20(s0)
    7974:	853e                	mv	a0,a5
    7976:	5432                	lw	s0,44(sp)
    7978:	6145                	addi	sp,sp,48
    797a:	8082                	ret

0000797c <reboot>:
    797c:	1141                	addi	sp,sp,-16
    797e:	c622                	sw	s0,12(sp)
    7980:	0800                	addi	s0,sp,16
    7982:	e000e7b7          	lui	a5,0xe000e
    7986:	beef0737          	lui	a4,0xbeef0
    798a:	08070713          	addi	a4,a4,128 # beef0080 <_eusrstack+0x9eeeb080>
    798e:	c7b8                	sw	a4,72(a5)
    7990:	4781                	li	a5,0
    7992:	853e                	mv	a0,a5
    7994:	4432                	lw	s0,12(sp)
    7996:	0141                	addi	sp,sp,16
    7998:	8082                	ret

0000799a <clear>:
    799a:	1141                	addi	sp,sp,-16
    799c:	c606                	sw	ra,12(sp)
    799e:	c422                	sw	s0,8(sp)
    79a0:	0800                	addi	s0,sp,16
    79a2:	67b1                	lui	a5,0xc
    79a4:	8b478513          	addi	a0,a5,-1868 # b8b4 <__malloc_unlock+0x52e>
    79a8:	a98fe0ef          	jal	ra,5c40 <rt_kprintf>
    79ac:	4781                	li	a5,0
    79ae:	853e                	mv	a0,a5
    79b0:	40b2                	lw	ra,12(sp)
    79b2:	4422                	lw	s0,8(sp)
    79b4:	0141                	addi	sp,sp,16
    79b6:	8082                	ret

000079b8 <object_name_maxlen>:
    79b8:	7179                	addi	sp,sp,-48
    79ba:	d606                	sw	ra,44(sp)
    79bc:	d422                	sw	s0,40(sp)
    79be:	1800                	addi	s0,sp,48
    79c0:	fca42e23          	sw	a0,-36(s0)
    79c4:	fcb42c23          	sw	a1,-40(s0)
    79c8:	fe042223          	sw	zero,-28(s0)
    79cc:	fdc42503          	lw	a0,-36(s0)
    79d0:	8a5fd0ef          	jal	ra,5274 <rt_strlen>
    79d4:	87aa                	mv	a5,a0
    79d6:	fef42423          	sw	a5,-24(s0)
    79da:	f61fe0ef          	jal	ra,693a <rt_enter_critical>
    79de:	fd842783          	lw	a5,-40(s0)
    79e2:	439c                	lw	a5,0(a5)
    79e4:	fef42623          	sw	a5,-20(s0)
    79e8:	a82d                	j	7a22 <object_name_maxlen+0x6a>
    79ea:	fec42783          	lw	a5,-20(s0)
    79ee:	17b1                	addi	a5,a5,-20
    79f0:	fef42223          	sw	a5,-28(s0)
    79f4:	fe442783          	lw	a5,-28(s0)
    79f8:	853e                	mv	a0,a5
    79fa:	87bfd0ef          	jal	ra,5274 <rt_strlen>
    79fe:	87aa                	mv	a5,a0
    7a00:	fef42023          	sw	a5,-32(s0)
    7a04:	fe042703          	lw	a4,-32(s0)
    7a08:	fe842783          	lw	a5,-24(s0)
    7a0c:	00e7d663          	bge	a5,a4,7a18 <object_name_maxlen+0x60>
    7a10:	fe042783          	lw	a5,-32(s0)
    7a14:	fef42423          	sw	a5,-24(s0)
    7a18:	fec42783          	lw	a5,-20(s0)
    7a1c:	439c                	lw	a5,0(a5)
    7a1e:	fef42623          	sw	a5,-20(s0)
    7a22:	fec42703          	lw	a4,-20(s0)
    7a26:	fd842783          	lw	a5,-40(s0)
    7a2a:	fcf710e3          	bne	a4,a5,79ea <object_name_maxlen+0x32>
    7a2e:	f43fe0ef          	jal	ra,6970 <rt_exit_critical>
    7a32:	fe842703          	lw	a4,-24(s0)
    7a36:	47c1                	li	a5,16
    7a38:	00e7c563          	blt	a5,a4,7a42 <object_name_maxlen+0x8a>
    7a3c:	fe842783          	lw	a5,-24(s0)
    7a40:	e781                	bnez	a5,7a48 <object_name_maxlen+0x90>
    7a42:	47c1                	li	a5,16
    7a44:	fef42423          	sw	a5,-24(s0)
    7a48:	fe842783          	lw	a5,-24(s0)
    7a4c:	853e                	mv	a0,a5
    7a4e:	50b2                	lw	ra,44(sp)
    7a50:	5422                	lw	s0,40(sp)
    7a52:	6145                	addi	sp,sp,48
    7a54:	8082                	ret

00007a56 <object_split>:
    7a56:	1101                	addi	sp,sp,-32
    7a58:	ce06                	sw	ra,28(sp)
    7a5a:	cc22                	sw	s0,24(sp)
    7a5c:	1000                	addi	s0,sp,32
    7a5e:	fea42623          	sw	a0,-20(s0)
    7a62:	a031                	j	7a6e <object_split+0x18>
    7a64:	67b1                	lui	a5,0xc
    7a66:	8bc78513          	addi	a0,a5,-1860 # b8bc <__malloc_unlock+0x536>
    7a6a:	9d6fe0ef          	jal	ra,5c40 <rt_kprintf>
    7a6e:	fec42783          	lw	a5,-20(s0)
    7a72:	fff78713          	addi	a4,a5,-1
    7a76:	fee42623          	sw	a4,-20(s0)
    7a7a:	f7ed                	bnez	a5,7a64 <object_split+0xe>
    7a7c:	0001                	nop
    7a7e:	40f2                	lw	ra,28(sp)
    7a80:	4462                	lw	s0,24(sp)
    7a82:	6105                	addi	sp,sp,32
    7a84:	8082                	ret

00007a86 <_list_thread>:
    7a86:	7139                	addi	sp,sp,-64
    7a88:	de06                	sw	ra,60(sp)
    7a8a:	dc22                	sw	s0,56(sp)
    7a8c:	0080                	addi	s0,sp,64
    7a8e:	fca42623          	sw	a0,-52(s0)
    7a92:	67b1                	lui	a5,0xc
    7a94:	8c078793          	addi	a5,a5,-1856 # b8c0 <__malloc_unlock+0x53a>
    7a98:	fef42223          	sw	a5,-28(s0)
    7a9c:	fcc42583          	lw	a1,-52(s0)
    7aa0:	fe442503          	lw	a0,-28(s0)
    7aa4:	f15ff0ef          	jal	ra,79b8 <object_name_maxlen>
    7aa8:	fea42023          	sw	a0,-32(s0)
    7aac:	fe442603          	lw	a2,-28(s0)
    7ab0:	fe042583          	lw	a1,-32(s0)
    7ab4:	67b1                	lui	a5,0xc
    7ab6:	8c878513          	addi	a0,a5,-1848 # b8c8 <__malloc_unlock+0x542>
    7aba:	986fe0ef          	jal	ra,5c40 <rt_kprintf>
    7abe:	fe042503          	lw	a0,-32(s0)
    7ac2:	f95ff0ef          	jal	ra,7a56 <object_split>
    7ac6:	67b1                	lui	a5,0xc
    7ac8:	90c78513          	addi	a0,a5,-1780 # b90c <__malloc_unlock+0x586>
    7acc:	974fe0ef          	jal	ra,5c40 <rt_kprintf>
    7ad0:	fcc42783          	lw	a5,-52(s0)
    7ad4:	439c                	lw	a5,0(a5)
    7ad6:	fef42423          	sw	a5,-24(s0)
    7ada:	aa29                	j	7bf4 <_list_thread+0x16e>
    7adc:	fe842783          	lw	a5,-24(s0)
    7ae0:	17b1                	addi	a5,a5,-20
    7ae2:	fcf42e23          	sw	a5,-36(s0)
    7ae6:	fdc42683          	lw	a3,-36(s0)
    7aea:	fdc42783          	lw	a5,-36(s0)
    7aee:	03d7c783          	lbu	a5,61(a5)
    7af2:	873e                	mv	a4,a5
    7af4:	4641                	li	a2,16
    7af6:	fe042583          	lw	a1,-32(s0)
    7afa:	67b1                	lui	a5,0xc
    7afc:	94c78513          	addi	a0,a5,-1716 # b94c <__malloc_unlock+0x5c6>
    7b00:	940fe0ef          	jal	ra,5c40 <rt_kprintf>
    7b04:	fdc42783          	lw	a5,-36(s0)
    7b08:	03c7c783          	lbu	a5,60(a5)
    7b0c:	8bbd                	andi	a5,a5,15
    7b0e:	fcf40da3          	sb	a5,-37(s0)
    7b12:	fdb44703          	lbu	a4,-37(s0)
    7b16:	4785                	li	a5,1
    7b18:	00f71863          	bne	a4,a5,7b28 <_list_thread+0xa2>
    7b1c:	67b1                	lui	a5,0xc
    7b1e:	95878513          	addi	a0,a5,-1704 # b958 <__malloc_unlock+0x5d2>
    7b22:	91efe0ef          	jal	ra,5c40 <rt_kprintf>
    7b26:	a83d                	j	7b64 <_list_thread+0xde>
    7b28:	fdb44703          	lbu	a4,-37(s0)
    7b2c:	4789                	li	a5,2
    7b2e:	00f71863          	bne	a4,a5,7b3e <_list_thread+0xb8>
    7b32:	67b1                	lui	a5,0xc
    7b34:	96478513          	addi	a0,a5,-1692 # b964 <__malloc_unlock+0x5de>
    7b38:	908fe0ef          	jal	ra,5c40 <rt_kprintf>
    7b3c:	a025                	j	7b64 <_list_thread+0xde>
    7b3e:	fdb44783          	lbu	a5,-37(s0)
    7b42:	e799                	bnez	a5,7b50 <_list_thread+0xca>
    7b44:	67b1                	lui	a5,0xc
    7b46:	97078513          	addi	a0,a5,-1680 # b970 <__malloc_unlock+0x5ea>
    7b4a:	8f6fe0ef          	jal	ra,5c40 <rt_kprintf>
    7b4e:	a819                	j	7b64 <_list_thread+0xde>
    7b50:	fdb44703          	lbu	a4,-37(s0)
    7b54:	4791                	li	a5,4
    7b56:	00f71763          	bne	a4,a5,7b64 <_list_thread+0xde>
    7b5a:	67b1                	lui	a5,0xc
    7b5c:	97c78513          	addi	a0,a5,-1668 # b97c <__malloc_unlock+0x5f6>
    7b60:	8e0fe0ef          	jal	ra,5c40 <rt_kprintf>
    7b64:	fdc42783          	lw	a5,-36(s0)
    7b68:	5b9c                	lw	a5,48(a5)
    7b6a:	fef42623          	sw	a5,-20(s0)
    7b6e:	a031                	j	7b7a <_list_thread+0xf4>
    7b70:	fec42783          	lw	a5,-20(s0)
    7b74:	0785                	addi	a5,a5,1
    7b76:	fef42623          	sw	a5,-20(s0)
    7b7a:	fec42783          	lw	a5,-20(s0)
    7b7e:	2398                	lbu	a4,0(a5)
    7b80:	02300793          	li	a5,35
    7b84:	fef706e3          	beq	a4,a5,7b70 <_list_thread+0xea>
    7b88:	fdc42783          	lw	a5,-36(s0)
    7b8c:	5bd8                	lw	a4,52(a5)
    7b8e:	fdc42783          	lw	a5,-36(s0)
    7b92:	5b9c                	lw	a5,48(a5)
    7b94:	86be                	mv	a3,a5
    7b96:	fdc42783          	lw	a5,-36(s0)
    7b9a:	53dc                	lw	a5,36(a5)
    7b9c:	40f687b3          	sub	a5,a3,a5
    7ba0:	00f705b3          	add	a1,a4,a5
    7ba4:	fdc42783          	lw	a5,-36(s0)
    7ba8:	5bd0                	lw	a2,52(a5)
    7baa:	fdc42783          	lw	a5,-36(s0)
    7bae:	5bd8                	lw	a4,52(a5)
    7bb0:	fdc42783          	lw	a5,-36(s0)
    7bb4:	5b9c                	lw	a5,48(a5)
    7bb6:	86be                	mv	a3,a5
    7bb8:	fec42783          	lw	a5,-20(s0)
    7bbc:	40f687b3          	sub	a5,a3,a5
    7bc0:	973e                	add	a4,a4,a5
    7bc2:	06400793          	li	a5,100
    7bc6:	02f70733          	mul	a4,a4,a5
    7bca:	fdc42783          	lw	a5,-36(s0)
    7bce:	5bdc                	lw	a5,52(a5)
    7bd0:	02f756b3          	divu	a3,a4,a5
    7bd4:	fdc42783          	lw	a5,-36(s0)
    7bd8:	4bb8                	lw	a4,80(a5)
    7bda:	fdc42783          	lw	a5,-36(s0)
    7bde:	5f9c                	lw	a5,56(a5)
    7be0:	6531                	lui	a0,0xc
    7be2:	98850513          	addi	a0,a0,-1656 # b988 <__malloc_unlock+0x602>
    7be6:	85afe0ef          	jal	ra,5c40 <rt_kprintf>
    7bea:	fe842783          	lw	a5,-24(s0)
    7bee:	439c                	lw	a5,0(a5)
    7bf0:	fef42423          	sw	a5,-24(s0)
    7bf4:	fe842703          	lw	a4,-24(s0)
    7bf8:	fcc42783          	lw	a5,-52(s0)
    7bfc:	eef710e3          	bne	a4,a5,7adc <_list_thread+0x56>
    7c00:	4781                	li	a5,0
    7c02:	853e                	mv	a0,a5
    7c04:	50f2                	lw	ra,60(sp)
    7c06:	5462                	lw	s0,56(sp)
    7c08:	6121                	addi	sp,sp,64
    7c0a:	8082                	ret

00007c0c <list_thread>:
    7c0c:	1101                	addi	sp,sp,-32
    7c0e:	ce06                	sw	ra,28(sp)
    7c10:	cc22                	sw	s0,24(sp)
    7c12:	1000                	addi	s0,sp,32
    7c14:	4505                	li	a0,1
    7c16:	f90fe0ef          	jal	ra,63a6 <rt_object_get_information>
    7c1a:	fea42623          	sw	a0,-20(s0)
    7c1e:	fec42783          	lw	a5,-20(s0)
    7c22:	0791                	addi	a5,a5,4
    7c24:	853e                	mv	a0,a5
    7c26:	e61ff0ef          	jal	ra,7a86 <_list_thread>
    7c2a:	87aa                	mv	a5,a0
    7c2c:	853e                	mv	a0,a5
    7c2e:	40f2                	lw	ra,28(sp)
    7c30:	4462                	lw	s0,24(sp)
    7c32:	6105                	addi	sp,sp,32
    7c34:	8082                	ret

00007c36 <show_wait_queue>:
    7c36:	7179                	addi	sp,sp,-48
    7c38:	d606                	sw	ra,44(sp)
    7c3a:	d422                	sw	s0,40(sp)
    7c3c:	1800                	addi	s0,sp,48
    7c3e:	fca42e23          	sw	a0,-36(s0)
    7c42:	fdc42783          	lw	a5,-36(s0)
    7c46:	439c                	lw	a5,0(a5)
    7c48:	fef42623          	sw	a5,-20(s0)
    7c4c:	a83d                	j	7c8a <show_wait_queue+0x54>
    7c4e:	fec42783          	lw	a5,-20(s0)
    7c52:	1791                	addi	a5,a5,-28
    7c54:	fef42423          	sw	a5,-24(s0)
    7c58:	fe842783          	lw	a5,-24(s0)
    7c5c:	85be                	mv	a1,a5
    7c5e:	67b1                	lui	a5,0xc
    7c60:	9b078513          	addi	a0,a5,-1616 # b9b0 <__malloc_unlock+0x62a>
    7c64:	fddfd0ef          	jal	ra,5c40 <rt_kprintf>
    7c68:	fec42783          	lw	a5,-20(s0)
    7c6c:	439c                	lw	a5,0(a5)
    7c6e:	fdc42703          	lw	a4,-36(s0)
    7c72:	00f70763          	beq	a4,a5,7c80 <show_wait_queue+0x4a>
    7c76:	67b1                	lui	a5,0xc
    7c78:	9b478513          	addi	a0,a5,-1612 # b9b4 <__malloc_unlock+0x62e>
    7c7c:	fc5fd0ef          	jal	ra,5c40 <rt_kprintf>
    7c80:	fec42783          	lw	a5,-20(s0)
    7c84:	439c                	lw	a5,0(a5)
    7c86:	fef42623          	sw	a5,-20(s0)
    7c8a:	fec42703          	lw	a4,-20(s0)
    7c8e:	fdc42783          	lw	a5,-36(s0)
    7c92:	faf71ee3          	bne	a4,a5,7c4e <show_wait_queue+0x18>
    7c96:	0001                	nop
    7c98:	50b2                	lw	ra,44(sp)
    7c9a:	5422                	lw	s0,40(sp)
    7c9c:	6145                	addi	sp,sp,48
    7c9e:	8082                	ret

00007ca0 <_list_sem>:
    7ca0:	7179                	addi	sp,sp,-48
    7ca2:	d606                	sw	ra,44(sp)
    7ca4:	d422                	sw	s0,40(sp)
    7ca6:	d226                	sw	s1,36(sp)
    7ca8:	d04a                	sw	s2,32(sp)
    7caa:	1800                	addi	s0,sp,48
    7cac:	fca42e23          	sw	a0,-36(s0)
    7cb0:	67b1                	lui	a5,0xc
    7cb2:	9b878793          	addi	a5,a5,-1608 # b9b8 <__malloc_unlock+0x632>
    7cb6:	fef42423          	sw	a5,-24(s0)
    7cba:	fdc42583          	lw	a1,-36(s0)
    7cbe:	fe842503          	lw	a0,-24(s0)
    7cc2:	cf7ff0ef          	jal	ra,79b8 <object_name_maxlen>
    7cc6:	fea42223          	sw	a0,-28(s0)
    7cca:	fe842603          	lw	a2,-24(s0)
    7cce:	fe442583          	lw	a1,-28(s0)
    7cd2:	67b1                	lui	a5,0xc
    7cd4:	9c478513          	addi	a0,a5,-1596 # b9c4 <__malloc_unlock+0x63e>
    7cd8:	f69fd0ef          	jal	ra,5c40 <rt_kprintf>
    7cdc:	fe442503          	lw	a0,-28(s0)
    7ce0:	d77ff0ef          	jal	ra,7a56 <object_split>
    7ce4:	67b1                	lui	a5,0xc
    7ce6:	9e078513          	addi	a0,a5,-1568 # b9e0 <__malloc_unlock+0x65a>
    7cea:	f57fd0ef          	jal	ra,5c40 <rt_kprintf>
    7cee:	fdc42783          	lw	a5,-36(s0)
    7cf2:	439c                	lw	a5,0(a5)
    7cf4:	fef42623          	sw	a5,-20(s0)
    7cf8:	a869                	j	7d92 <_list_sem+0xf2>
    7cfa:	fec42783          	lw	a5,-20(s0)
    7cfe:	17b1                	addi	a5,a5,-20
    7d00:	fef42023          	sw	a5,-32(s0)
    7d04:	fe042783          	lw	a5,-32(s0)
    7d08:	07f1                	addi	a5,a5,28
    7d0a:	853e                	mv	a0,a5
    7d0c:	c03ff0ef          	jal	ra,790e <rt_list_isempty>
    7d10:	87aa                	mv	a5,a0
    7d12:	e7a1                	bnez	a5,7d5a <_list_sem+0xba>
    7d14:	fe042483          	lw	s1,-32(s0)
    7d18:	fe042783          	lw	a5,-32(s0)
    7d1c:	33de                	lhu	a5,36(a5)
    7d1e:	893e                	mv	s2,a5
    7d20:	fe042783          	lw	a5,-32(s0)
    7d24:	07f1                	addi	a5,a5,28
    7d26:	853e                	mv	a0,a5
    7d28:	c0fff0ef          	jal	ra,7936 <rt_list_len>
    7d2c:	87aa                	mv	a5,a0
    7d2e:	874a                	mv	a4,s2
    7d30:	86a6                	mv	a3,s1
    7d32:	4641                	li	a2,16
    7d34:	fe442583          	lw	a1,-28(s0)
    7d38:	6531                	lui	a0,0xc
    7d3a:	9f850513          	addi	a0,a0,-1544 # b9f8 <__malloc_unlock+0x672>
    7d3e:	f03fd0ef          	jal	ra,5c40 <rt_kprintf>
    7d42:	fe042783          	lw	a5,-32(s0)
    7d46:	07f1                	addi	a5,a5,28
    7d48:	853e                	mv	a0,a5
    7d4a:	eedff0ef          	jal	ra,7c36 <show_wait_queue>
    7d4e:	67b1                	lui	a5,0xc
    7d50:	a0878513          	addi	a0,a5,-1528 # ba08 <__malloc_unlock+0x682>
    7d54:	eedfd0ef          	jal	ra,5c40 <rt_kprintf>
    7d58:	a805                	j	7d88 <_list_sem+0xe8>
    7d5a:	fe042483          	lw	s1,-32(s0)
    7d5e:	fe042783          	lw	a5,-32(s0)
    7d62:	33de                	lhu	a5,36(a5)
    7d64:	893e                	mv	s2,a5
    7d66:	fe042783          	lw	a5,-32(s0)
    7d6a:	07f1                	addi	a5,a5,28
    7d6c:	853e                	mv	a0,a5
    7d6e:	bc9ff0ef          	jal	ra,7936 <rt_list_len>
    7d72:	87aa                	mv	a5,a0
    7d74:	874a                	mv	a4,s2
    7d76:	86a6                	mv	a3,s1
    7d78:	4641                	li	a2,16
    7d7a:	fe442583          	lw	a1,-28(s0)
    7d7e:	6531                	lui	a0,0xc
    7d80:	a0c50513          	addi	a0,a0,-1524 # ba0c <__malloc_unlock+0x686>
    7d84:	ebdfd0ef          	jal	ra,5c40 <rt_kprintf>
    7d88:	fec42783          	lw	a5,-20(s0)
    7d8c:	439c                	lw	a5,0(a5)
    7d8e:	fef42623          	sw	a5,-20(s0)
    7d92:	fec42703          	lw	a4,-20(s0)
    7d96:	fdc42783          	lw	a5,-36(s0)
    7d9a:	f6f710e3          	bne	a4,a5,7cfa <_list_sem+0x5a>
    7d9e:	4781                	li	a5,0
    7da0:	853e                	mv	a0,a5
    7da2:	50b2                	lw	ra,44(sp)
    7da4:	5422                	lw	s0,40(sp)
    7da6:	5492                	lw	s1,36(sp)
    7da8:	5902                	lw	s2,32(sp)
    7daa:	6145                	addi	sp,sp,48
    7dac:	8082                	ret

00007dae <list_sem>:
    7dae:	1101                	addi	sp,sp,-32
    7db0:	ce06                	sw	ra,28(sp)
    7db2:	cc22                	sw	s0,24(sp)
    7db4:	1000                	addi	s0,sp,32
    7db6:	4509                	li	a0,2
    7db8:	deefe0ef          	jal	ra,63a6 <rt_object_get_information>
    7dbc:	fea42623          	sw	a0,-20(s0)
    7dc0:	fec42783          	lw	a5,-20(s0)
    7dc4:	0791                	addi	a5,a5,4
    7dc6:	853e                	mv	a0,a5
    7dc8:	ed9ff0ef          	jal	ra,7ca0 <_list_sem>
    7dcc:	87aa                	mv	a5,a0
    7dce:	853e                	mv	a0,a5
    7dd0:	40f2                	lw	ra,28(sp)
    7dd2:	4462                	lw	s0,24(sp)
    7dd4:	6105                	addi	sp,sp,32
    7dd6:	8082                	ret

00007dd8 <_list_event>:
    7dd8:	7179                	addi	sp,sp,-48
    7dda:	d606                	sw	ra,44(sp)
    7ddc:	d422                	sw	s0,40(sp)
    7dde:	d226                	sw	s1,36(sp)
    7de0:	d04a                	sw	s2,32(sp)
    7de2:	1800                	addi	s0,sp,48
    7de4:	fca42e23          	sw	a0,-36(s0)
    7de8:	67b1                	lui	a5,0xc
    7dea:	a1c78793          	addi	a5,a5,-1508 # ba1c <__malloc_unlock+0x696>
    7dee:	fef42423          	sw	a5,-24(s0)
    7df2:	fdc42583          	lw	a1,-36(s0)
    7df6:	fe842503          	lw	a0,-24(s0)
    7dfa:	bbfff0ef          	jal	ra,79b8 <object_name_maxlen>
    7dfe:	fea42223          	sw	a0,-28(s0)
    7e02:	fe842603          	lw	a2,-24(s0)
    7e06:	fe442583          	lw	a1,-28(s0)
    7e0a:	67b1                	lui	a5,0xc
    7e0c:	a2478513          	addi	a0,a5,-1500 # ba24 <__malloc_unlock+0x69e>
    7e10:	e31fd0ef          	jal	ra,5c40 <rt_kprintf>
    7e14:	fe442503          	lw	a0,-28(s0)
    7e18:	c3fff0ef          	jal	ra,7a56 <object_split>
    7e1c:	67b1                	lui	a5,0xc
    7e1e:	a4878513          	addi	a0,a5,-1464 # ba48 <__malloc_unlock+0x6c2>
    7e22:	e1ffd0ef          	jal	ra,5c40 <rt_kprintf>
    7e26:	fdc42783          	lw	a5,-36(s0)
    7e2a:	439c                	lw	a5,0(a5)
    7e2c:	fef42623          	sw	a5,-20(s0)
    7e30:	a061                	j	7eb8 <_list_event+0xe0>
    7e32:	fec42783          	lw	a5,-20(s0)
    7e36:	17b1                	addi	a5,a5,-20
    7e38:	fef42023          	sw	a5,-32(s0)
    7e3c:	fe042783          	lw	a5,-32(s0)
    7e40:	07f1                	addi	a5,a5,28
    7e42:	853e                	mv	a0,a5
    7e44:	acbff0ef          	jal	ra,790e <rt_list_isempty>
    7e48:	87aa                	mv	a5,a0
    7e4a:	e7a1                	bnez	a5,7e92 <_list_event+0xba>
    7e4c:	fe042483          	lw	s1,-32(s0)
    7e50:	fe042783          	lw	a5,-32(s0)
    7e54:	0247a903          	lw	s2,36(a5)
    7e58:	fe042783          	lw	a5,-32(s0)
    7e5c:	07f1                	addi	a5,a5,28
    7e5e:	853e                	mv	a0,a5
    7e60:	ad7ff0ef          	jal	ra,7936 <rt_list_len>
    7e64:	87aa                	mv	a5,a0
    7e66:	874a                	mv	a4,s2
    7e68:	86a6                	mv	a3,s1
    7e6a:	4641                	li	a2,16
    7e6c:	fe442583          	lw	a1,-28(s0)
    7e70:	6531                	lui	a0,0xc
    7e72:	a6850513          	addi	a0,a0,-1432 # ba68 <__malloc_unlock+0x6e2>
    7e76:	dcbfd0ef          	jal	ra,5c40 <rt_kprintf>
    7e7a:	fe042783          	lw	a5,-32(s0)
    7e7e:	07f1                	addi	a5,a5,28
    7e80:	853e                	mv	a0,a5
    7e82:	db5ff0ef          	jal	ra,7c36 <show_wait_queue>
    7e86:	67b1                	lui	a5,0xc
    7e88:	a0878513          	addi	a0,a5,-1528 # ba08 <__malloc_unlock+0x682>
    7e8c:	db5fd0ef          	jal	ra,5c40 <rt_kprintf>
    7e90:	a839                	j	7eae <_list_event+0xd6>
    7e92:	fe042683          	lw	a3,-32(s0)
    7e96:	fe042783          	lw	a5,-32(s0)
    7e9a:	53dc                	lw	a5,36(a5)
    7e9c:	873e                	mv	a4,a5
    7e9e:	4641                	li	a2,16
    7ea0:	fe442583          	lw	a1,-28(s0)
    7ea4:	67b1                	lui	a5,0xc
    7ea6:	a8078513          	addi	a0,a5,-1408 # ba80 <__malloc_unlock+0x6fa>
    7eaa:	d97fd0ef          	jal	ra,5c40 <rt_kprintf>
    7eae:	fec42783          	lw	a5,-20(s0)
    7eb2:	439c                	lw	a5,0(a5)
    7eb4:	fef42623          	sw	a5,-20(s0)
    7eb8:	fec42703          	lw	a4,-20(s0)
    7ebc:	fdc42783          	lw	a5,-36(s0)
    7ec0:	f6f719e3          	bne	a4,a5,7e32 <_list_event+0x5a>
    7ec4:	4781                	li	a5,0
    7ec6:	853e                	mv	a0,a5
    7ec8:	50b2                	lw	ra,44(sp)
    7eca:	5422                	lw	s0,40(sp)
    7ecc:	5492                	lw	s1,36(sp)
    7ece:	5902                	lw	s2,32(sp)
    7ed0:	6145                	addi	sp,sp,48
    7ed2:	8082                	ret

00007ed4 <list_event>:
    7ed4:	1101                	addi	sp,sp,-32
    7ed6:	ce06                	sw	ra,28(sp)
    7ed8:	cc22                	sw	s0,24(sp)
    7eda:	1000                	addi	s0,sp,32
    7edc:	4511                	li	a0,4
    7ede:	cc8fe0ef          	jal	ra,63a6 <rt_object_get_information>
    7ee2:	fea42623          	sw	a0,-20(s0)
    7ee6:	fec42783          	lw	a5,-20(s0)
    7eea:	0791                	addi	a5,a5,4
    7eec:	853e                	mv	a0,a5
    7eee:	eebff0ef          	jal	ra,7dd8 <_list_event>
    7ef2:	87aa                	mv	a5,a0
    7ef4:	853e                	mv	a0,a5
    7ef6:	40f2                	lw	ra,28(sp)
    7ef8:	4462                	lw	s0,24(sp)
    7efa:	6105                	addi	sp,sp,32
    7efc:	8082                	ret

00007efe <_list_mutex>:
    7efe:	7139                	addi	sp,sp,-64
    7f00:	de06                	sw	ra,60(sp)
    7f02:	dc22                	sw	s0,56(sp)
    7f04:	da26                	sw	s1,52(sp)
    7f06:	d84a                	sw	s2,48(sp)
    7f08:	d64e                	sw	s3,44(sp)
    7f0a:	0080                	addi	s0,sp,64
    7f0c:	fca42623          	sw	a0,-52(s0)
    7f10:	67b1                	lui	a5,0xc
    7f12:	a9478793          	addi	a5,a5,-1388 # ba94 <__malloc_unlock+0x70e>
    7f16:	fcf42c23          	sw	a5,-40(s0)
    7f1a:	fcc42583          	lw	a1,-52(s0)
    7f1e:	fd842503          	lw	a0,-40(s0)
    7f22:	a97ff0ef          	jal	ra,79b8 <object_name_maxlen>
    7f26:	fca42a23          	sw	a0,-44(s0)
    7f2a:	fd842603          	lw	a2,-40(s0)
    7f2e:	fd442583          	lw	a1,-44(s0)
    7f32:	67b1                	lui	a5,0xc
    7f34:	a9c78513          	addi	a0,a5,-1380 # ba9c <__malloc_unlock+0x716>
    7f38:	d09fd0ef          	jal	ra,5c40 <rt_kprintf>
    7f3c:	fd442503          	lw	a0,-44(s0)
    7f40:	b17ff0ef          	jal	ra,7a56 <object_split>
    7f44:	67b1                	lui	a5,0xc
    7f46:	ac078513          	addi	a0,a5,-1344 # bac0 <__malloc_unlock+0x73a>
    7f4a:	cf7fd0ef          	jal	ra,5c40 <rt_kprintf>
    7f4e:	fcc42783          	lw	a5,-52(s0)
    7f52:	439c                	lw	a5,0(a5)
    7f54:	fcf42e23          	sw	a5,-36(s0)
    7f58:	a891                	j	7fac <_list_mutex+0xae>
    7f5a:	fdc42783          	lw	a5,-36(s0)
    7f5e:	17b1                	addi	a5,a5,-20
    7f60:	fcf42823          	sw	a5,-48(s0)
    7f64:	fd042483          	lw	s1,-48(s0)
    7f68:	fd042783          	lw	a5,-48(s0)
    7f6c:	579c                	lw	a5,40(a5)
    7f6e:	893e                	mv	s2,a5
    7f70:	fd042783          	lw	a5,-48(s0)
    7f74:	0277c783          	lbu	a5,39(a5)
    7f78:	89be                	mv	s3,a5
    7f7a:	fd042783          	lw	a5,-48(s0)
    7f7e:	07f1                	addi	a5,a5,28
    7f80:	853e                	mv	a0,a5
    7f82:	9b5ff0ef          	jal	ra,7936 <rt_list_len>
    7f86:	87aa                	mv	a5,a0
    7f88:	88be                	mv	a7,a5
    7f8a:	884e                	mv	a6,s3
    7f8c:	87ca                	mv	a5,s2
    7f8e:	4741                	li	a4,16
    7f90:	86a6                	mv	a3,s1
    7f92:	4641                	li	a2,16
    7f94:	fd442583          	lw	a1,-44(s0)
    7f98:	6531                	lui	a0,0xc
    7f9a:	ae050513          	addi	a0,a0,-1312 # bae0 <__malloc_unlock+0x75a>
    7f9e:	ca3fd0ef          	jal	ra,5c40 <rt_kprintf>
    7fa2:	fdc42783          	lw	a5,-36(s0)
    7fa6:	439c                	lw	a5,0(a5)
    7fa8:	fcf42e23          	sw	a5,-36(s0)
    7fac:	fdc42703          	lw	a4,-36(s0)
    7fb0:	fcc42783          	lw	a5,-52(s0)
    7fb4:	faf713e3          	bne	a4,a5,7f5a <_list_mutex+0x5c>
    7fb8:	4781                	li	a5,0
    7fba:	853e                	mv	a0,a5
    7fbc:	50f2                	lw	ra,60(sp)
    7fbe:	5462                	lw	s0,56(sp)
    7fc0:	54d2                	lw	s1,52(sp)
    7fc2:	5942                	lw	s2,48(sp)
    7fc4:	59b2                	lw	s3,44(sp)
    7fc6:	6121                	addi	sp,sp,64
    7fc8:	8082                	ret

00007fca <list_mutex>:
    7fca:	1101                	addi	sp,sp,-32
    7fcc:	ce06                	sw	ra,28(sp)
    7fce:	cc22                	sw	s0,24(sp)
    7fd0:	1000                	addi	s0,sp,32
    7fd2:	450d                	li	a0,3
    7fd4:	bd2fe0ef          	jal	ra,63a6 <rt_object_get_information>
    7fd8:	fea42623          	sw	a0,-20(s0)
    7fdc:	fec42783          	lw	a5,-20(s0)
    7fe0:	0791                	addi	a5,a5,4
    7fe2:	853e                	mv	a0,a5
    7fe4:	f1bff0ef          	jal	ra,7efe <_list_mutex>
    7fe8:	87aa                	mv	a5,a0
    7fea:	853e                	mv	a0,a5
    7fec:	40f2                	lw	ra,28(sp)
    7fee:	4462                	lw	s0,24(sp)
    7ff0:	6105                	addi	sp,sp,32
    7ff2:	8082                	ret

00007ff4 <_list_mailbox>:
    7ff4:	7139                	addi	sp,sp,-64
    7ff6:	de06                	sw	ra,60(sp)
    7ff8:	dc22                	sw	s0,56(sp)
    7ffa:	da26                	sw	s1,52(sp)
    7ffc:	d84a                	sw	s2,48(sp)
    7ffe:	d64e                	sw	s3,44(sp)
    8000:	0080                	addi	s0,sp,64
    8002:	fca42623          	sw	a0,-52(s0)
    8006:	67b1                	lui	a5,0xc
    8008:	af878793          	addi	a5,a5,-1288 # baf8 <__malloc_unlock+0x772>
    800c:	fcf42c23          	sw	a5,-40(s0)
    8010:	fcc42583          	lw	a1,-52(s0)
    8014:	fd842503          	lw	a0,-40(s0)
    8018:	9a1ff0ef          	jal	ra,79b8 <object_name_maxlen>
    801c:	fca42a23          	sw	a0,-44(s0)
    8020:	fd842603          	lw	a2,-40(s0)
    8024:	fd442583          	lw	a1,-44(s0)
    8028:	67b1                	lui	a5,0xc
    802a:	b0078513          	addi	a0,a5,-1280 # bb00 <__malloc_unlock+0x77a>
    802e:	c13fd0ef          	jal	ra,5c40 <rt_kprintf>
    8032:	fd442503          	lw	a0,-44(s0)
    8036:	a21ff0ef          	jal	ra,7a56 <object_split>
    803a:	67b1                	lui	a5,0xc
    803c:	b2478513          	addi	a0,a5,-1244 # bb24 <__malloc_unlock+0x79e>
    8040:	c01fd0ef          	jal	ra,5c40 <rt_kprintf>
    8044:	fcc42783          	lw	a5,-52(s0)
    8048:	439c                	lw	a5,0(a5)
    804a:	fcf42e23          	sw	a5,-36(s0)
    804e:	a84d                	j	8100 <_list_mailbox+0x10c>
    8050:	fdc42783          	lw	a5,-36(s0)
    8054:	17b1                	addi	a5,a5,-20
    8056:	fcf42823          	sw	a5,-48(s0)
    805a:	fd042783          	lw	a5,-48(s0)
    805e:	07f1                	addi	a5,a5,28
    8060:	853e                	mv	a0,a5
    8062:	8adff0ef          	jal	ra,790e <rt_list_isempty>
    8066:	87aa                	mv	a5,a0
    8068:	ebb1                	bnez	a5,80bc <_list_mailbox+0xc8>
    806a:	fd042483          	lw	s1,-48(s0)
    806e:	fd042783          	lw	a5,-48(s0)
    8072:	37be                	lhu	a5,42(a5)
    8074:	893e                	mv	s2,a5
    8076:	fd042783          	lw	a5,-48(s0)
    807a:	379e                	lhu	a5,40(a5)
    807c:	89be                	mv	s3,a5
    807e:	fd042783          	lw	a5,-48(s0)
    8082:	07f1                	addi	a5,a5,28
    8084:	853e                	mv	a0,a5
    8086:	8b1ff0ef          	jal	ra,7936 <rt_list_len>
    808a:	87aa                	mv	a5,a0
    808c:	883e                	mv	a6,a5
    808e:	87ce                	mv	a5,s3
    8090:	874a                	mv	a4,s2
    8092:	86a6                	mv	a3,s1
    8094:	4641                	li	a2,16
    8096:	fd442583          	lw	a1,-44(s0)
    809a:	6531                	lui	a0,0xc
    809c:	b4050513          	addi	a0,a0,-1216 # bb40 <__malloc_unlock+0x7ba>
    80a0:	ba1fd0ef          	jal	ra,5c40 <rt_kprintf>
    80a4:	fd042783          	lw	a5,-48(s0)
    80a8:	07f1                	addi	a5,a5,28
    80aa:	853e                	mv	a0,a5
    80ac:	b8bff0ef          	jal	ra,7c36 <show_wait_queue>
    80b0:	67b1                	lui	a5,0xc
    80b2:	a0878513          	addi	a0,a5,-1528 # ba08 <__malloc_unlock+0x682>
    80b6:	b8bfd0ef          	jal	ra,5c40 <rt_kprintf>
    80ba:	a835                	j	80f6 <_list_mailbox+0x102>
    80bc:	fd042483          	lw	s1,-48(s0)
    80c0:	fd042783          	lw	a5,-48(s0)
    80c4:	37be                	lhu	a5,42(a5)
    80c6:	893e                	mv	s2,a5
    80c8:	fd042783          	lw	a5,-48(s0)
    80cc:	379e                	lhu	a5,40(a5)
    80ce:	89be                	mv	s3,a5
    80d0:	fd042783          	lw	a5,-48(s0)
    80d4:	07f1                	addi	a5,a5,28
    80d6:	853e                	mv	a0,a5
    80d8:	85fff0ef          	jal	ra,7936 <rt_list_len>
    80dc:	87aa                	mv	a5,a0
    80de:	883e                	mv	a6,a5
    80e0:	87ce                	mv	a5,s3
    80e2:	874a                	mv	a4,s2
    80e4:	86a6                	mv	a3,s1
    80e6:	4641                	li	a2,16
    80e8:	fd442583          	lw	a1,-44(s0)
    80ec:	6531                	lui	a0,0xc
    80ee:	b5850513          	addi	a0,a0,-1192 # bb58 <__malloc_unlock+0x7d2>
    80f2:	b4ffd0ef          	jal	ra,5c40 <rt_kprintf>
    80f6:	fdc42783          	lw	a5,-36(s0)
    80fa:	439c                	lw	a5,0(a5)
    80fc:	fcf42e23          	sw	a5,-36(s0)
    8100:	fdc42703          	lw	a4,-36(s0)
    8104:	fcc42783          	lw	a5,-52(s0)
    8108:	f4f714e3          	bne	a4,a5,8050 <_list_mailbox+0x5c>
    810c:	4781                	li	a5,0
    810e:	853e                	mv	a0,a5
    8110:	50f2                	lw	ra,60(sp)
    8112:	5462                	lw	s0,56(sp)
    8114:	54d2                	lw	s1,52(sp)
    8116:	5942                	lw	s2,48(sp)
    8118:	59b2                	lw	s3,44(sp)
    811a:	6121                	addi	sp,sp,64
    811c:	8082                	ret

0000811e <list_mailbox>:
    811e:	1101                	addi	sp,sp,-32
    8120:	ce06                	sw	ra,28(sp)
    8122:	cc22                	sw	s0,24(sp)
    8124:	1000                	addi	s0,sp,32
    8126:	4515                	li	a0,5
    8128:	a7efe0ef          	jal	ra,63a6 <rt_object_get_information>
    812c:	fea42623          	sw	a0,-20(s0)
    8130:	fec42783          	lw	a5,-20(s0)
    8134:	0791                	addi	a5,a5,4
    8136:	853e                	mv	a0,a5
    8138:	ebdff0ef          	jal	ra,7ff4 <_list_mailbox>
    813c:	87aa                	mv	a5,a0
    813e:	853e                	mv	a0,a5
    8140:	40f2                	lw	ra,28(sp)
    8142:	4462                	lw	s0,24(sp)
    8144:	6105                	addi	sp,sp,32
    8146:	8082                	ret

00008148 <_list_msgqueue>:
    8148:	7179                	addi	sp,sp,-48
    814a:	d606                	sw	ra,44(sp)
    814c:	d422                	sw	s0,40(sp)
    814e:	d226                	sw	s1,36(sp)
    8150:	d04a                	sw	s2,32(sp)
    8152:	1800                	addi	s0,sp,48
    8154:	fca42e23          	sw	a0,-36(s0)
    8158:	67b1                	lui	a5,0xc
    815a:	b7078793          	addi	a5,a5,-1168 # bb70 <__malloc_unlock+0x7ea>
    815e:	fef42423          	sw	a5,-24(s0)
    8162:	fdc42583          	lw	a1,-36(s0)
    8166:	fe842503          	lw	a0,-24(s0)
    816a:	84fff0ef          	jal	ra,79b8 <object_name_maxlen>
    816e:	fea42223          	sw	a0,-28(s0)
    8172:	fe842603          	lw	a2,-24(s0)
    8176:	fe442583          	lw	a1,-28(s0)
    817a:	67b1                	lui	a5,0xc
    817c:	b7c78513          	addi	a0,a5,-1156 # bb7c <__malloc_unlock+0x7f6>
    8180:	ac1fd0ef          	jal	ra,5c40 <rt_kprintf>
    8184:	fe442503          	lw	a0,-28(s0)
    8188:	8cfff0ef          	jal	ra,7a56 <object_split>
    818c:	67b1                	lui	a5,0xc
    818e:	b9878513          	addi	a0,a5,-1128 # bb98 <__malloc_unlock+0x812>
    8192:	aaffd0ef          	jal	ra,5c40 <rt_kprintf>
    8196:	fdc42783          	lw	a5,-36(s0)
    819a:	439c                	lw	a5,0(a5)
    819c:	fef42623          	sw	a5,-20(s0)
    81a0:	a869                	j	823a <_list_msgqueue+0xf2>
    81a2:	fec42783          	lw	a5,-20(s0)
    81a6:	17b1                	addi	a5,a5,-20
    81a8:	fef42023          	sw	a5,-32(s0)
    81ac:	fe042783          	lw	a5,-32(s0)
    81b0:	07f1                	addi	a5,a5,28
    81b2:	853e                	mv	a0,a5
    81b4:	f5aff0ef          	jal	ra,790e <rt_list_isempty>
    81b8:	87aa                	mv	a5,a0
    81ba:	e7a1                	bnez	a5,8202 <_list_msgqueue+0xba>
    81bc:	fe042483          	lw	s1,-32(s0)
    81c0:	fe042783          	lw	a5,-32(s0)
    81c4:	37de                	lhu	a5,44(a5)
    81c6:	893e                	mv	s2,a5
    81c8:	fe042783          	lw	a5,-32(s0)
    81cc:	07f1                	addi	a5,a5,28
    81ce:	853e                	mv	a0,a5
    81d0:	f66ff0ef          	jal	ra,7936 <rt_list_len>
    81d4:	87aa                	mv	a5,a0
    81d6:	874a                	mv	a4,s2
    81d8:	86a6                	mv	a3,s1
    81da:	4641                	li	a2,16
    81dc:	fe442583          	lw	a1,-28(s0)
    81e0:	6531                	lui	a0,0xc
    81e2:	bb050513          	addi	a0,a0,-1104 # bbb0 <__malloc_unlock+0x82a>
    81e6:	a5bfd0ef          	jal	ra,5c40 <rt_kprintf>
    81ea:	fe042783          	lw	a5,-32(s0)
    81ee:	07f1                	addi	a5,a5,28
    81f0:	853e                	mv	a0,a5
    81f2:	a45ff0ef          	jal	ra,7c36 <show_wait_queue>
    81f6:	67b1                	lui	a5,0xc
    81f8:	a0878513          	addi	a0,a5,-1528 # ba08 <__malloc_unlock+0x682>
    81fc:	a45fd0ef          	jal	ra,5c40 <rt_kprintf>
    8200:	a805                	j	8230 <_list_msgqueue+0xe8>
    8202:	fe042483          	lw	s1,-32(s0)
    8206:	fe042783          	lw	a5,-32(s0)
    820a:	37de                	lhu	a5,44(a5)
    820c:	893e                	mv	s2,a5
    820e:	fe042783          	lw	a5,-32(s0)
    8212:	07f1                	addi	a5,a5,28
    8214:	853e                	mv	a0,a5
    8216:	f20ff0ef          	jal	ra,7936 <rt_list_len>
    821a:	87aa                	mv	a5,a0
    821c:	874a                	mv	a4,s2
    821e:	86a6                	mv	a3,s1
    8220:	4641                	li	a2,16
    8222:	fe442583          	lw	a1,-28(s0)
    8226:	6531                	lui	a0,0xc
    8228:	bc450513          	addi	a0,a0,-1084 # bbc4 <__malloc_unlock+0x83e>
    822c:	a15fd0ef          	jal	ra,5c40 <rt_kprintf>
    8230:	fec42783          	lw	a5,-20(s0)
    8234:	439c                	lw	a5,0(a5)
    8236:	fef42623          	sw	a5,-20(s0)
    823a:	fec42703          	lw	a4,-20(s0)
    823e:	fdc42783          	lw	a5,-36(s0)
    8242:	f6f710e3          	bne	a4,a5,81a2 <_list_msgqueue+0x5a>
    8246:	4781                	li	a5,0
    8248:	853e                	mv	a0,a5
    824a:	50b2                	lw	ra,44(sp)
    824c:	5422                	lw	s0,40(sp)
    824e:	5492                	lw	s1,36(sp)
    8250:	5902                	lw	s2,32(sp)
    8252:	6145                	addi	sp,sp,48
    8254:	8082                	ret

00008256 <list_msgqueue>:
    8256:	1101                	addi	sp,sp,-32
    8258:	ce06                	sw	ra,28(sp)
    825a:	cc22                	sw	s0,24(sp)
    825c:	1000                	addi	s0,sp,32
    825e:	4519                	li	a0,6
    8260:	946fe0ef          	jal	ra,63a6 <rt_object_get_information>
    8264:	fea42623          	sw	a0,-20(s0)
    8268:	fec42783          	lw	a5,-20(s0)
    826c:	0791                	addi	a5,a5,4
    826e:	853e                	mv	a0,a5
    8270:	ed9ff0ef          	jal	ra,8148 <_list_msgqueue>
    8274:	87aa                	mv	a5,a0
    8276:	853e                	mv	a0,a5
    8278:	40f2                	lw	ra,28(sp)
    827a:	4462                	lw	s0,24(sp)
    827c:	6105                	addi	sp,sp,32
    827e:	8082                	ret

00008280 <_list_timer>:
    8280:	7179                	addi	sp,sp,-48
    8282:	d606                	sw	ra,44(sp)
    8284:	d422                	sw	s0,40(sp)
    8286:	1800                	addi	s0,sp,48
    8288:	fca42e23          	sw	a0,-36(s0)
    828c:	67b1                	lui	a5,0xc
    828e:	bd878793          	addi	a5,a5,-1064 # bbd8 <__malloc_unlock+0x852>
    8292:	fef42423          	sw	a5,-24(s0)
    8296:	fdc42583          	lw	a1,-36(s0)
    829a:	fe842503          	lw	a0,-24(s0)
    829e:	f1aff0ef          	jal	ra,79b8 <object_name_maxlen>
    82a2:	fea42223          	sw	a0,-28(s0)
    82a6:	fe842603          	lw	a2,-24(s0)
    82aa:	fe442583          	lw	a1,-28(s0)
    82ae:	67b1                	lui	a5,0xc
    82b0:	be078513          	addi	a0,a5,-1056 # bbe0 <__malloc_unlock+0x85a>
    82b4:	98dfd0ef          	jal	ra,5c40 <rt_kprintf>
    82b8:	fe442503          	lw	a0,-28(s0)
    82bc:	f9aff0ef          	jal	ra,7a56 <object_split>
    82c0:	67b1                	lui	a5,0xc
    82c2:	c0878513          	addi	a0,a5,-1016 # bc08 <__malloc_unlock+0x882>
    82c6:	97bfd0ef          	jal	ra,5c40 <rt_kprintf>
    82ca:	fdc42783          	lw	a5,-36(s0)
    82ce:	439c                	lw	a5,0(a5)
    82d0:	fef42623          	sw	a5,-20(s0)
    82d4:	a899                	j	832a <_list_timer+0xaa>
    82d6:	fec42783          	lw	a5,-20(s0)
    82da:	17b1                	addi	a5,a5,-20
    82dc:	fef42023          	sw	a5,-32(s0)
    82e0:	fe042683          	lw	a3,-32(s0)
    82e4:	fe042783          	lw	a5,-32(s0)
    82e8:	57d8                	lw	a4,44(a5)
    82ea:	fe042783          	lw	a5,-32(s0)
    82ee:	5b9c                	lw	a5,48(a5)
    82f0:	4641                	li	a2,16
    82f2:	fe442583          	lw	a1,-28(s0)
    82f6:	6531                	lui	a0,0xc
    82f8:	c2c50513          	addi	a0,a0,-980 # bc2c <__malloc_unlock+0x8a6>
    82fc:	945fd0ef          	jal	ra,5c40 <rt_kprintf>
    8300:	fe042783          	lw	a5,-32(s0)
    8304:	3b9c                	lbu	a5,17(a5)
    8306:	8b85                	andi	a5,a5,1
    8308:	c799                	beqz	a5,8316 <_list_timer+0x96>
    830a:	67b1                	lui	a5,0xc
    830c:	c4478513          	addi	a0,a5,-956 # bc44 <__malloc_unlock+0x8be>
    8310:	931fd0ef          	jal	ra,5c40 <rt_kprintf>
    8314:	a031                	j	8320 <_list_timer+0xa0>
    8316:	67b1                	lui	a5,0xc
    8318:	c5078513          	addi	a0,a5,-944 # bc50 <__malloc_unlock+0x8ca>
    831c:	925fd0ef          	jal	ra,5c40 <rt_kprintf>
    8320:	fec42783          	lw	a5,-20(s0)
    8324:	439c                	lw	a5,0(a5)
    8326:	fef42623          	sw	a5,-20(s0)
    832a:	fec42703          	lw	a4,-20(s0)
    832e:	fdc42783          	lw	a5,-36(s0)
    8332:	faf712e3          	bne	a4,a5,82d6 <_list_timer+0x56>
    8336:	e92fb0ef          	jal	ra,39c8 <rt_tick_get>
    833a:	87aa                	mv	a5,a0
    833c:	85be                	mv	a1,a5
    833e:	67b1                	lui	a5,0xc
    8340:	c6078513          	addi	a0,a5,-928 # bc60 <__malloc_unlock+0x8da>
    8344:	8fdfd0ef          	jal	ra,5c40 <rt_kprintf>
    8348:	4781                	li	a5,0
    834a:	853e                	mv	a0,a5
    834c:	50b2                	lw	ra,44(sp)
    834e:	5422                	lw	s0,40(sp)
    8350:	6145                	addi	sp,sp,48
    8352:	8082                	ret

00008354 <list_timer>:
    8354:	1101                	addi	sp,sp,-32
    8356:	ce06                	sw	ra,28(sp)
    8358:	cc22                	sw	s0,24(sp)
    835a:	1000                	addi	s0,sp,32
    835c:	4529                	li	a0,10
    835e:	848fe0ef          	jal	ra,63a6 <rt_object_get_information>
    8362:	fea42623          	sw	a0,-20(s0)
    8366:	fec42783          	lw	a5,-20(s0)
    836a:	0791                	addi	a5,a5,4
    836c:	853e                	mv	a0,a5
    836e:	f13ff0ef          	jal	ra,8280 <_list_timer>
    8372:	87aa                	mv	a5,a0
    8374:	853e                	mv	a0,a5
    8376:	40f2                	lw	ra,28(sp)
    8378:	4462                	lw	s0,24(sp)
    837a:	6105                	addi	sp,sp,32
    837c:	8082                	ret

0000837e <_list_device>:
    837e:	7119                	addi	sp,sp,-128
    8380:	de86                	sw	ra,124(sp)
    8382:	dca2                	sw	s0,120(sp)
    8384:	0100                	addi	s0,sp,128
    8386:	f8a42623          	sw	a0,-116(s0)
    838a:	67b1                	lui	a5,0xc
    838c:	f9040713          	addi	a4,s0,-112
    8390:	dfc78793          	addi	a5,a5,-516 # bdfc <__malloc_unlock+0xa76>
    8394:	05000693          	li	a3,80
    8398:	8636                	mv	a2,a3
    839a:	85be                	mv	a1,a5
    839c:	853a                	mv	a0,a4
    839e:	517020ef          	jal	ra,b0b4 <memcpy>
    83a2:	67b1                	lui	a5,0xc
    83a4:	c7878793          	addi	a5,a5,-904 # bc78 <__malloc_unlock+0x8f2>
    83a8:	fef42423          	sw	a5,-24(s0)
    83ac:	f8c42583          	lw	a1,-116(s0)
    83b0:	fe842503          	lw	a0,-24(s0)
    83b4:	e04ff0ef          	jal	ra,79b8 <object_name_maxlen>
    83b8:	fea42223          	sw	a0,-28(s0)
    83bc:	fe842603          	lw	a2,-24(s0)
    83c0:	fe442583          	lw	a1,-28(s0)
    83c4:	67b1                	lui	a5,0xc
    83c6:	c8078513          	addi	a0,a5,-896 # bc80 <__malloc_unlock+0x8fa>
    83ca:	877fd0ef          	jal	ra,5c40 <rt_kprintf>
    83ce:	fe442503          	lw	a0,-28(s0)
    83d2:	e84ff0ef          	jal	ra,7a56 <object_split>
    83d6:	67b1                	lui	a5,0xc
    83d8:	ca878513          	addi	a0,a5,-856 # bca8 <__malloc_unlock+0x922>
    83dc:	865fd0ef          	jal	ra,5c40 <rt_kprintf>
    83e0:	f8c42783          	lw	a5,-116(s0)
    83e4:	439c                	lw	a5,0(a5)
    83e6:	fef42623          	sw	a5,-20(s0)
    83ea:	a899                	j	8440 <_list_device+0xc2>
    83ec:	fec42783          	lw	a5,-20(s0)
    83f0:	17b1                	addi	a5,a5,-20
    83f2:	fef42023          	sw	a5,-32(s0)
    83f6:	fe042683          	lw	a3,-32(s0)
    83fa:	fe042783          	lw	a5,-32(s0)
    83fe:	4fd8                	lw	a4,28(a5)
    8400:	47d1                	li	a5,20
    8402:	00e7ec63          	bltu	a5,a4,841a <_list_device+0x9c>
    8406:	fe042783          	lw	a5,-32(s0)
    840a:	4fdc                	lw	a5,28(a5)
    840c:	078a                	slli	a5,a5,0x2
    840e:	ff040713          	addi	a4,s0,-16
    8412:	97ba                	add	a5,a5,a4
    8414:	fa07a703          	lw	a4,-96(a5)
    8418:	a019                	j	841e <_list_device+0xa0>
    841a:	fe042703          	lw	a4,-32(s0)
    841e:	fe042783          	lw	a5,-32(s0)
    8422:	0247c783          	lbu	a5,36(a5)
    8426:	4641                	li	a2,16
    8428:	fe442583          	lw	a1,-28(s0)
    842c:	6531                	lui	a0,0xc
    842e:	ccc50513          	addi	a0,a0,-820 # bccc <__malloc_unlock+0x946>
    8432:	80ffd0ef          	jal	ra,5c40 <rt_kprintf>
    8436:	fec42783          	lw	a5,-20(s0)
    843a:	439c                	lw	a5,0(a5)
    843c:	fef42623          	sw	a5,-20(s0)
    8440:	fec42703          	lw	a4,-20(s0)
    8444:	f8c42783          	lw	a5,-116(s0)
    8448:	faf712e3          	bne	a4,a5,83ec <_list_device+0x6e>
    844c:	4781                	li	a5,0
    844e:	853e                	mv	a0,a5
    8450:	50f6                	lw	ra,124(sp)
    8452:	5466                	lw	s0,120(sp)
    8454:	6109                	addi	sp,sp,128
    8456:	8082                	ret

00008458 <list_device>:
    8458:	1101                	addi	sp,sp,-32
    845a:	ce06                	sw	ra,28(sp)
    845c:	cc22                	sw	s0,24(sp)
    845e:	1000                	addi	s0,sp,32
    8460:	4525                	li	a0,9
    8462:	f45fd0ef          	jal	ra,63a6 <rt_object_get_information>
    8466:	fea42623          	sw	a0,-20(s0)
    846a:	fec42783          	lw	a5,-20(s0)
    846e:	0791                	addi	a5,a5,4
    8470:	853e                	mv	a0,a5
    8472:	f0dff0ef          	jal	ra,837e <_list_device>
    8476:	87aa                	mv	a5,a0
    8478:	853e                	mv	a0,a5
    847a:	40f2                	lw	ra,28(sp)
    847c:	4462                	lw	s0,24(sp)
    847e:	6105                	addi	sp,sp,32
    8480:	8082                	ret

00008482 <list>:
    8482:	1101                	addi	sp,sp,-32
    8484:	ce06                	sw	ra,28(sp)
    8486:	cc22                	sw	s0,24(sp)
    8488:	1000                	addi	s0,sp,32
    848a:	67b1                	lui	a5,0xc
    848c:	e4c78513          	addi	a0,a5,-436 # be4c <__malloc_unlock+0xac6>
    8490:	fb0fd0ef          	jal	ra,5c40 <rt_kprintf>
    8494:	8c41a783          	lw	a5,-1852(gp) # 200001b4 <_syscall_table_begin>
    8498:	fef42623          	sw	a5,-20(s0)
    849c:	a089                	j	84de <list+0x5c>
    849e:	fec42783          	lw	a5,-20(s0)
    84a2:	4398                	lw	a4,0(a5)
    84a4:	4609                	li	a2,2
    84a6:	67b1                	lui	a5,0xc
    84a8:	e6078593          	addi	a1,a5,-416 # be60 <__malloc_unlock+0xada>
    84ac:	853a                	mv	a0,a4
    84ae:	5a5020ef          	jal	ra,b252 <strncmp>
    84b2:	87aa                	mv	a5,a0
    84b4:	cf99                	beqz	a5,84d2 <list+0x50>
    84b6:	fec42783          	lw	a5,-20(s0)
    84ba:	4398                	lw	a4,0(a5)
    84bc:	fec42783          	lw	a5,-20(s0)
    84c0:	43dc                	lw	a5,4(a5)
    84c2:	863e                	mv	a2,a5
    84c4:	85ba                	mv	a1,a4
    84c6:	67b1                	lui	a5,0xc
    84c8:	e6478513          	addi	a0,a5,-412 # be64 <__malloc_unlock+0xade>
    84cc:	f74fd0ef          	jal	ra,5c40 <rt_kprintf>
    84d0:	a011                	j	84d4 <list+0x52>
    84d2:	0001                	nop
    84d4:	fec42783          	lw	a5,-20(s0)
    84d8:	07b1                	addi	a5,a5,12
    84da:	fef42623          	sw	a5,-20(s0)
    84de:	8c81a783          	lw	a5,-1848(gp) # 200001b8 <_syscall_table_end>
    84e2:	fec42703          	lw	a4,-20(s0)
    84e6:	faf76ce3          	bltu	a4,a5,849e <list+0x1c>
    84ea:	4781                	li	a5,0
    84ec:	853e                	mv	a0,a5
    84ee:	40f2                	lw	ra,28(sp)
    84f0:	4462                	lw	s0,24(sp)
    84f2:	6105                	addi	sp,sp,32
    84f4:	8082                	ret

000084f6 <msh_is_used>:
    84f6:	1141                	addi	sp,sp,-16
    84f8:	c622                	sw	s0,12(sp)
    84fa:	0800                	addi	s0,sp,16
    84fc:	4785                	li	a5,1
    84fe:	853e                	mv	a0,a5
    8500:	4432                	lw	s0,12(sp)
    8502:	0141                	addi	sp,sp,16
    8504:	8082                	ret

00008506 <msh_help>:
    8506:	7179                	addi	sp,sp,-48
    8508:	d606                	sw	ra,44(sp)
    850a:	d422                	sw	s0,40(sp)
    850c:	1800                	addi	s0,sp,48
    850e:	fca42e23          	sw	a0,-36(s0)
    8512:	fcb42c23          	sw	a1,-40(s0)
    8516:	67b1                	lui	a5,0xc
    8518:	e7478513          	addi	a0,a5,-396 # be74 <__malloc_unlock+0xaee>
    851c:	f24fd0ef          	jal	ra,5c40 <rt_kprintf>
    8520:	8c41a783          	lw	a5,-1852(gp) # 200001b4 <_syscall_table_begin>
    8524:	fef42623          	sw	a5,-20(s0)
    8528:	a099                	j	856e <msh_help+0x68>
    852a:	fec42783          	lw	a5,-20(s0)
    852e:	4398                	lw	a4,0(a5)
    8530:	4619                	li	a2,6
    8532:	67b1                	lui	a5,0xc
    8534:	e9078593          	addi	a1,a5,-368 # be90 <__malloc_unlock+0xb0a>
    8538:	853a                	mv	a0,a4
    853a:	519020ef          	jal	ra,b252 <strncmp>
    853e:	87aa                	mv	a5,a0
    8540:	e38d                	bnez	a5,8562 <msh_help+0x5c>
    8542:	fec42783          	lw	a5,-20(s0)
    8546:	439c                	lw	a5,0(a5)
    8548:	00678713          	addi	a4,a5,6
    854c:	fec42783          	lw	a5,-20(s0)
    8550:	43dc                	lw	a5,4(a5)
    8552:	863e                	mv	a2,a5
    8554:	85ba                	mv	a1,a4
    8556:	67b1                	lui	a5,0xc
    8558:	e9878513          	addi	a0,a5,-360 # be98 <__malloc_unlock+0xb12>
    855c:	ee4fd0ef          	jal	ra,5c40 <rt_kprintf>
    8560:	a011                	j	8564 <msh_help+0x5e>
    8562:	0001                	nop
    8564:	fec42783          	lw	a5,-20(s0)
    8568:	07b1                	addi	a5,a5,12
    856a:	fef42623          	sw	a5,-20(s0)
    856e:	8c81a783          	lw	a5,-1848(gp) # 200001b8 <_syscall_table_end>
    8572:	fec42703          	lw	a4,-20(s0)
    8576:	faf76ae3          	bltu	a4,a5,852a <msh_help+0x24>
    857a:	67b1                	lui	a5,0xc
    857c:	ea478513          	addi	a0,a5,-348 # bea4 <__malloc_unlock+0xb1e>
    8580:	ec0fd0ef          	jal	ra,5c40 <rt_kprintf>
    8584:	4781                	li	a5,0
    8586:	853e                	mv	a0,a5
    8588:	50b2                	lw	ra,44(sp)
    858a:	5422                	lw	s0,40(sp)
    858c:	6145                	addi	sp,sp,48
    858e:	8082                	ret

00008590 <msh_split>:
    8590:	7179                	addi	sp,sp,-48
    8592:	d606                	sw	ra,44(sp)
    8594:	d422                	sw	s0,40(sp)
    8596:	1800                	addi	s0,sp,48
    8598:	fca42e23          	sw	a0,-36(s0)
    859c:	fcb42c23          	sw	a1,-40(s0)
    85a0:	fcc42a23          	sw	a2,-44(s0)
    85a4:	fdc42783          	lw	a5,-36(s0)
    85a8:	fef42623          	sw	a5,-20(s0)
    85ac:	fe042423          	sw	zero,-24(s0)
    85b0:	fe042223          	sw	zero,-28(s0)
    85b4:	a2d5                	j	8798 <msh_split+0x208>
    85b6:	fec42783          	lw	a5,-20(s0)
    85ba:	00078023          	sb	zero,0(a5)
    85be:	fec42783          	lw	a5,-20(s0)
    85c2:	0785                	addi	a5,a5,1
    85c4:	fef42623          	sw	a5,-20(s0)
    85c8:	fe842783          	lw	a5,-24(s0)
    85cc:	0785                	addi	a5,a5,1
    85ce:	fef42423          	sw	a5,-24(s0)
    85d2:	fec42783          	lw	a5,-20(s0)
    85d6:	00078703          	lb	a4,0(a5)
    85da:	02000793          	li	a5,32
    85de:	00f70963          	beq	a4,a5,85f0 <msh_split+0x60>
    85e2:	fec42783          	lw	a5,-20(s0)
    85e6:	00078703          	lb	a4,0(a5)
    85ea:	47a5                	li	a5,9
    85ec:	00f71863          	bne	a4,a5,85fc <msh_split+0x6c>
    85f0:	fe842703          	lw	a4,-24(s0)
    85f4:	fd842783          	lw	a5,-40(s0)
    85f8:	faf76fe3          	bltu	a4,a5,85b6 <msh_split+0x26>
    85fc:	fe442703          	lw	a4,-28(s0)
    8600:	47a5                	li	a5,9
    8602:	04e7f863          	bgeu	a5,a4,8652 <msh_split+0xc2>
    8606:	67b1                	lui	a5,0xc
    8608:	ea878513          	addi	a0,a5,-344 # bea8 <__malloc_unlock+0xb22>
    860c:	e34fd0ef          	jal	ra,5c40 <rt_kprintf>
    8610:	fe042023          	sw	zero,-32(s0)
    8614:	a01d                	j	863a <msh_split+0xaa>
    8616:	fe042783          	lw	a5,-32(s0)
    861a:	078a                	slli	a5,a5,0x2
    861c:	fd442703          	lw	a4,-44(s0)
    8620:	97ba                	add	a5,a5,a4
    8622:	439c                	lw	a5,0(a5)
    8624:	85be                	mv	a1,a5
    8626:	67b1                	lui	a5,0xc
    8628:	ec878513          	addi	a0,a5,-312 # bec8 <__malloc_unlock+0xb42>
    862c:	e14fd0ef          	jal	ra,5c40 <rt_kprintf>
    8630:	fe042783          	lw	a5,-32(s0)
    8634:	0785                	addi	a5,a5,1
    8636:	fef42023          	sw	a5,-32(s0)
    863a:	fe042703          	lw	a4,-32(s0)
    863e:	fe442783          	lw	a5,-28(s0)
    8642:	fcf76ae3          	bltu	a4,a5,8616 <msh_split+0x86>
    8646:	67b1                	lui	a5,0xc
    8648:	ea478513          	addi	a0,a5,-348 # bea4 <__malloc_unlock+0xb1e>
    864c:	df4fd0ef          	jal	ra,5c40 <rt_kprintf>
    8650:	a285                	j	87b0 <msh_split+0x220>
    8652:	fe842703          	lw	a4,-24(s0)
    8656:	fd842783          	lw	a5,-40(s0)
    865a:	14f77663          	bgeu	a4,a5,87a6 <msh_split+0x216>
    865e:	fec42783          	lw	a5,-20(s0)
    8662:	00078703          	lb	a4,0(a5)
    8666:	02200793          	li	a5,34
    866a:	0cf71363          	bne	a4,a5,8730 <msh_split+0x1a0>
    866e:	fec42783          	lw	a5,-20(s0)
    8672:	0785                	addi	a5,a5,1
    8674:	fef42623          	sw	a5,-20(s0)
    8678:	fe842783          	lw	a5,-24(s0)
    867c:	0785                	addi	a5,a5,1
    867e:	fef42423          	sw	a5,-24(s0)
    8682:	fe442783          	lw	a5,-28(s0)
    8686:	078a                	slli	a5,a5,0x2
    8688:	fd442703          	lw	a4,-44(s0)
    868c:	97ba                	add	a5,a5,a4
    868e:	fec42703          	lw	a4,-20(s0)
    8692:	c398                	sw	a4,0(a5)
    8694:	fe442783          	lw	a5,-28(s0)
    8698:	0785                	addi	a5,a5,1
    869a:	fef42223          	sw	a5,-28(s0)
    869e:	a0b1                	j	86ea <msh_split+0x15a>
    86a0:	fec42783          	lw	a5,-20(s0)
    86a4:	00078703          	lb	a4,0(a5)
    86a8:	05c00793          	li	a5,92
    86ac:	02f71563          	bne	a4,a5,86d6 <msh_split+0x146>
    86b0:	fec42783          	lw	a5,-20(s0)
    86b4:	0785                	addi	a5,a5,1
    86b6:	00078703          	lb	a4,0(a5)
    86ba:	02200793          	li	a5,34
    86be:	00f71c63          	bne	a4,a5,86d6 <msh_split+0x146>
    86c2:	fec42783          	lw	a5,-20(s0)
    86c6:	0785                	addi	a5,a5,1
    86c8:	fef42623          	sw	a5,-20(s0)
    86cc:	fe842783          	lw	a5,-24(s0)
    86d0:	0785                	addi	a5,a5,1
    86d2:	fef42423          	sw	a5,-24(s0)
    86d6:	fec42783          	lw	a5,-20(s0)
    86da:	0785                	addi	a5,a5,1
    86dc:	fef42623          	sw	a5,-20(s0)
    86e0:	fe842783          	lw	a5,-24(s0)
    86e4:	0785                	addi	a5,a5,1
    86e6:	fef42423          	sw	a5,-24(s0)
    86ea:	fec42783          	lw	a5,-20(s0)
    86ee:	00078703          	lb	a4,0(a5)
    86f2:	02200793          	li	a5,34
    86f6:	00f70863          	beq	a4,a5,8706 <msh_split+0x176>
    86fa:	fe842703          	lw	a4,-24(s0)
    86fe:	fd842783          	lw	a5,-40(s0)
    8702:	f8f76fe3          	bltu	a4,a5,86a0 <msh_split+0x110>
    8706:	fe842703          	lw	a4,-24(s0)
    870a:	fd842783          	lw	a5,-40(s0)
    870e:	08f77e63          	bgeu	a4,a5,87aa <msh_split+0x21a>
    8712:	fec42783          	lw	a5,-20(s0)
    8716:	00078023          	sb	zero,0(a5)
    871a:	fec42783          	lw	a5,-20(s0)
    871e:	0785                	addi	a5,a5,1
    8720:	fef42623          	sw	a5,-20(s0)
    8724:	fe842783          	lw	a5,-24(s0)
    8728:	0785                	addi	a5,a5,1
    872a:	fef42423          	sw	a5,-24(s0)
    872e:	a0ad                	j	8798 <msh_split+0x208>
    8730:	fe442783          	lw	a5,-28(s0)
    8734:	078a                	slli	a5,a5,0x2
    8736:	fd442703          	lw	a4,-44(s0)
    873a:	97ba                	add	a5,a5,a4
    873c:	fec42703          	lw	a4,-20(s0)
    8740:	c398                	sw	a4,0(a5)
    8742:	fe442783          	lw	a5,-28(s0)
    8746:	0785                	addi	a5,a5,1
    8748:	fef42223          	sw	a5,-28(s0)
    874c:	a819                	j	8762 <msh_split+0x1d2>
    874e:	fec42783          	lw	a5,-20(s0)
    8752:	0785                	addi	a5,a5,1
    8754:	fef42623          	sw	a5,-20(s0)
    8758:	fe842783          	lw	a5,-24(s0)
    875c:	0785                	addi	a5,a5,1
    875e:	fef42423          	sw	a5,-24(s0)
    8762:	fec42783          	lw	a5,-20(s0)
    8766:	00078703          	lb	a4,0(a5)
    876a:	02000793          	li	a5,32
    876e:	00f70f63          	beq	a4,a5,878c <msh_split+0x1fc>
    8772:	fec42783          	lw	a5,-20(s0)
    8776:	00078703          	lb	a4,0(a5)
    877a:	47a5                	li	a5,9
    877c:	00f70863          	beq	a4,a5,878c <msh_split+0x1fc>
    8780:	fe842703          	lw	a4,-24(s0)
    8784:	fd842783          	lw	a5,-40(s0)
    8788:	fcf763e3          	bltu	a4,a5,874e <msh_split+0x1be>
    878c:	fe842703          	lw	a4,-24(s0)
    8790:	fd842783          	lw	a5,-40(s0)
    8794:	00f77d63          	bgeu	a4,a5,87ae <msh_split+0x21e>
    8798:	fe842703          	lw	a4,-24(s0)
    879c:	fd842783          	lw	a5,-40(s0)
    87a0:	e2f769e3          	bltu	a4,a5,85d2 <msh_split+0x42>
    87a4:	a031                	j	87b0 <msh_split+0x220>
    87a6:	0001                	nop
    87a8:	a021                	j	87b0 <msh_split+0x220>
    87aa:	0001                	nop
    87ac:	a011                	j	87b0 <msh_split+0x220>
    87ae:	0001                	nop
    87b0:	fe442783          	lw	a5,-28(s0)
    87b4:	853e                	mv	a0,a5
    87b6:	50b2                	lw	ra,44(sp)
    87b8:	5422                	lw	s0,40(sp)
    87ba:	6145                	addi	sp,sp,48
    87bc:	8082                	ret

000087be <msh_get_cmd>:
    87be:	7179                	addi	sp,sp,-48
    87c0:	d606                	sw	ra,44(sp)
    87c2:	d422                	sw	s0,40(sp)
    87c4:	1800                	addi	s0,sp,48
    87c6:	fca42e23          	sw	a0,-36(s0)
    87ca:	fcb42c23          	sw	a1,-40(s0)
    87ce:	fe042423          	sw	zero,-24(s0)
    87d2:	8c41a783          	lw	a5,-1852(gp) # 200001b4 <_syscall_table_begin>
    87d6:	fef42623          	sw	a5,-20(s0)
    87da:	a08d                	j	883c <msh_get_cmd+0x7e>
    87dc:	fec42783          	lw	a5,-20(s0)
    87e0:	4398                	lw	a4,0(a5)
    87e2:	4619                	li	a2,6
    87e4:	67b1                	lui	a5,0xc
    87e6:	e9078593          	addi	a1,a5,-368 # be90 <__malloc_unlock+0xb0a>
    87ea:	853a                	mv	a0,a4
    87ec:	267020ef          	jal	ra,b252 <strncmp>
    87f0:	87aa                	mv	a5,a0
    87f2:	ef9d                	bnez	a5,8830 <msh_get_cmd+0x72>
    87f4:	fec42783          	lw	a5,-20(s0)
    87f8:	439c                	lw	a5,0(a5)
    87fa:	0799                	addi	a5,a5,6
    87fc:	fd842703          	lw	a4,-40(s0)
    8800:	863a                	mv	a2,a4
    8802:	fdc42583          	lw	a1,-36(s0)
    8806:	853e                	mv	a0,a5
    8808:	24b020ef          	jal	ra,b252 <strncmp>
    880c:	87aa                	mv	a5,a0
    880e:	e395                	bnez	a5,8832 <msh_get_cmd+0x74>
    8810:	fec42783          	lw	a5,-20(s0)
    8814:	439c                	lw	a5,0(a5)
    8816:	fd842703          	lw	a4,-40(s0)
    881a:	0719                	addi	a4,a4,6
    881c:	97ba                	add	a5,a5,a4
    881e:	00078783          	lb	a5,0(a5)
    8822:	eb81                	bnez	a5,8832 <msh_get_cmd+0x74>
    8824:	fec42783          	lw	a5,-20(s0)
    8828:	479c                	lw	a5,8(a5)
    882a:	fef42423          	sw	a5,-24(s0)
    882e:	a829                	j	8848 <msh_get_cmd+0x8a>
    8830:	0001                	nop
    8832:	fec42783          	lw	a5,-20(s0)
    8836:	07b1                	addi	a5,a5,12
    8838:	fef42623          	sw	a5,-20(s0)
    883c:	8c81a783          	lw	a5,-1848(gp) # 200001b8 <_syscall_table_end>
    8840:	fec42703          	lw	a4,-20(s0)
    8844:	f8f76ce3          	bltu	a4,a5,87dc <msh_get_cmd+0x1e>
    8848:	fe842783          	lw	a5,-24(s0)
    884c:	853e                	mv	a0,a5
    884e:	50b2                	lw	ra,44(sp)
    8850:	5422                	lw	s0,40(sp)
    8852:	6145                	addi	sp,sp,48
    8854:	8082                	ret

00008856 <_msh_exec_cmd>:
    8856:	711d                	addi	sp,sp,-96
    8858:	ce86                	sw	ra,92(sp)
    885a:	cca2                	sw	s0,88(sp)
    885c:	1080                	addi	s0,sp,96
    885e:	faa42623          	sw	a0,-84(s0)
    8862:	fab42423          	sw	a1,-88(s0)
    8866:	fac42223          	sw	a2,-92(s0)
    886a:	fe042623          	sw	zero,-20(s0)
    886e:	a031                	j	887a <_msh_exec_cmd+0x24>
    8870:	fec42783          	lw	a5,-20(s0)
    8874:	0785                	addi	a5,a5,1
    8876:	fef42623          	sw	a5,-20(s0)
    887a:	fac42703          	lw	a4,-84(s0)
    887e:	fec42783          	lw	a5,-20(s0)
    8882:	97ba                	add	a5,a5,a4
    8884:	00078703          	lb	a4,0(a5)
    8888:	02000793          	li	a5,32
    888c:	02f70263          	beq	a4,a5,88b0 <_msh_exec_cmd+0x5a>
    8890:	fac42703          	lw	a4,-84(s0)
    8894:	fec42783          	lw	a5,-20(s0)
    8898:	97ba                	add	a5,a5,a4
    889a:	00078703          	lb	a4,0(a5)
    889e:	47a5                	li	a5,9
    88a0:	00f70863          	beq	a4,a5,88b0 <_msh_exec_cmd+0x5a>
    88a4:	fec42703          	lw	a4,-20(s0)
    88a8:	fa842783          	lw	a5,-88(s0)
    88ac:	fcf762e3          	bltu	a4,a5,8870 <_msh_exec_cmd+0x1a>
    88b0:	fec42783          	lw	a5,-20(s0)
    88b4:	e399                	bnez	a5,88ba <_msh_exec_cmd+0x64>
    88b6:	57fd                	li	a5,-1
    88b8:	a0a5                	j	8920 <_msh_exec_cmd+0xca>
    88ba:	fec42783          	lw	a5,-20(s0)
    88be:	85be                	mv	a1,a5
    88c0:	fac42503          	lw	a0,-84(s0)
    88c4:	efbff0ef          	jal	ra,87be <msh_get_cmd>
    88c8:	fea42423          	sw	a0,-24(s0)
    88cc:	fe842783          	lw	a5,-24(s0)
    88d0:	e399                	bnez	a5,88d6 <_msh_exec_cmd+0x80>
    88d2:	57fd                	li	a5,-1
    88d4:	a0b1                	j	8920 <_msh_exec_cmd+0xca>
    88d6:	fbc40793          	addi	a5,s0,-68
    88da:	02800613          	li	a2,40
    88de:	4581                	li	a1,0
    88e0:	853e                	mv	a0,a5
    88e2:	a09f70ef          	jal	ra,2ea <memset>
    88e6:	fbc40793          	addi	a5,s0,-68
    88ea:	863e                	mv	a2,a5
    88ec:	fa842583          	lw	a1,-88(s0)
    88f0:	fac42503          	lw	a0,-84(s0)
    88f4:	c9dff0ef          	jal	ra,8590 <msh_split>
    88f8:	fea42223          	sw	a0,-28(s0)
    88fc:	fe442783          	lw	a5,-28(s0)
    8900:	e399                	bnez	a5,8906 <_msh_exec_cmd+0xb0>
    8902:	57fd                	li	a5,-1
    8904:	a831                	j	8920 <_msh_exec_cmd+0xca>
    8906:	fbc40793          	addi	a5,s0,-68
    890a:	fe842703          	lw	a4,-24(s0)
    890e:	85be                	mv	a1,a5
    8910:	fe442503          	lw	a0,-28(s0)
    8914:	9702                	jalr	a4
    8916:	872a                	mv	a4,a0
    8918:	fa442783          	lw	a5,-92(s0)
    891c:	c398                	sw	a4,0(a5)
    891e:	4781                	li	a5,0
    8920:	853e                	mv	a0,a5
    8922:	40f6                	lw	ra,92(sp)
    8924:	4466                	lw	s0,88(sp)
    8926:	6125                	addi	sp,sp,96
    8928:	8082                	ret

0000892a <msh_exec>:
    892a:	7179                	addi	sp,sp,-48
    892c:	d606                	sw	ra,44(sp)
    892e:	d422                	sw	s0,40(sp)
    8930:	1800                	addi	s0,sp,48
    8932:	fca42e23          	sw	a0,-36(s0)
    8936:	fcb42c23          	sw	a1,-40(s0)
    893a:	a819                	j	8950 <msh_exec+0x26>
    893c:	fdc42783          	lw	a5,-36(s0)
    8940:	0785                	addi	a5,a5,1
    8942:	fcf42e23          	sw	a5,-36(s0)
    8946:	fd842783          	lw	a5,-40(s0)
    894a:	17fd                	addi	a5,a5,-1
    894c:	fcf42c23          	sw	a5,-40(s0)
    8950:	fdc42783          	lw	a5,-36(s0)
    8954:	00078703          	lb	a4,0(a5)
    8958:	02000793          	li	a5,32
    895c:	fef700e3          	beq	a4,a5,893c <msh_exec+0x12>
    8960:	fdc42783          	lw	a5,-36(s0)
    8964:	00078703          	lb	a4,0(a5)
    8968:	47a5                	li	a5,9
    896a:	fcf709e3          	beq	a4,a5,893c <msh_exec+0x12>
    896e:	fd842783          	lw	a5,-40(s0)
    8972:	e399                	bnez	a5,8978 <msh_exec+0x4e>
    8974:	4781                	li	a5,0
    8976:	a095                	j	89da <msh_exec+0xb0>
    8978:	fe840793          	addi	a5,s0,-24
    897c:	863e                	mv	a2,a5
    897e:	fd842583          	lw	a1,-40(s0)
    8982:	fdc42503          	lw	a0,-36(s0)
    8986:	ed1ff0ef          	jal	ra,8856 <_msh_exec_cmd>
    898a:	87aa                	mv	a5,a0
    898c:	e781                	bnez	a5,8994 <msh_exec+0x6a>
    898e:	fe842783          	lw	a5,-24(s0)
    8992:	a0a1                	j	89da <msh_exec+0xb0>
    8994:	fdc42783          	lw	a5,-36(s0)
    8998:	fef42623          	sw	a5,-20(s0)
    899c:	a031                	j	89a8 <msh_exec+0x7e>
    899e:	fec42783          	lw	a5,-20(s0)
    89a2:	0785                	addi	a5,a5,1
    89a4:	fef42623          	sw	a5,-20(s0)
    89a8:	fec42783          	lw	a5,-20(s0)
    89ac:	00078703          	lb	a4,0(a5)
    89b0:	02000793          	li	a5,32
    89b4:	00f70763          	beq	a4,a5,89c2 <msh_exec+0x98>
    89b8:	fec42783          	lw	a5,-20(s0)
    89bc:	00078783          	lb	a5,0(a5)
    89c0:	fff9                	bnez	a5,899e <msh_exec+0x74>
    89c2:	fec42783          	lw	a5,-20(s0)
    89c6:	00078023          	sb	zero,0(a5)
    89ca:	fdc42583          	lw	a1,-36(s0)
    89ce:	67b1                	lui	a5,0xc
    89d0:	ecc78513          	addi	a0,a5,-308 # becc <__malloc_unlock+0xb46>
    89d4:	a6cfd0ef          	jal	ra,5c40 <rt_kprintf>
    89d8:	57fd                	li	a5,-1
    89da:	853e                	mv	a0,a5
    89dc:	50b2                	lw	ra,44(sp)
    89de:	5422                	lw	s0,40(sp)
    89e0:	6145                	addi	sp,sp,48
    89e2:	8082                	ret

000089e4 <str_common>:
    89e4:	7179                	addi	sp,sp,-48
    89e6:	d622                	sw	s0,44(sp)
    89e8:	1800                	addi	s0,sp,48
    89ea:	fca42e23          	sw	a0,-36(s0)
    89ee:	fcb42c23          	sw	a1,-40(s0)
    89f2:	fdc42783          	lw	a5,-36(s0)
    89f6:	fef42623          	sw	a5,-20(s0)
    89fa:	a819                	j	8a10 <str_common+0x2c>
    89fc:	fec42783          	lw	a5,-20(s0)
    8a00:	0785                	addi	a5,a5,1
    8a02:	fef42623          	sw	a5,-20(s0)
    8a06:	fd842783          	lw	a5,-40(s0)
    8a0a:	0785                	addi	a5,a5,1
    8a0c:	fcf42c23          	sw	a5,-40(s0)
    8a10:	fec42783          	lw	a5,-20(s0)
    8a14:	00078783          	lb	a5,0(a5)
    8a18:	c385                	beqz	a5,8a38 <str_common+0x54>
    8a1a:	fd842783          	lw	a5,-40(s0)
    8a1e:	00078783          	lb	a5,0(a5)
    8a22:	cb99                	beqz	a5,8a38 <str_common+0x54>
    8a24:	fec42783          	lw	a5,-20(s0)
    8a28:	00078703          	lb	a4,0(a5)
    8a2c:	fd842783          	lw	a5,-40(s0)
    8a30:	00078783          	lb	a5,0(a5)
    8a34:	fcf704e3          	beq	a4,a5,89fc <str_common+0x18>
    8a38:	fec42703          	lw	a4,-20(s0)
    8a3c:	fdc42783          	lw	a5,-36(s0)
    8a40:	40f707b3          	sub	a5,a4,a5
    8a44:	853e                	mv	a0,a5
    8a46:	5432                	lw	s0,44(sp)
    8a48:	6145                	addi	sp,sp,48
    8a4a:	8082                	ret

00008a4c <msh_auto_complete>:
    8a4c:	7139                	addi	sp,sp,-64
    8a4e:	de06                	sw	ra,60(sp)
    8a50:	dc22                	sw	s0,56(sp)
    8a52:	0080                	addi	s0,sp,64
    8a54:	fca42623          	sw	a0,-52(s0)
    8a58:	fe042623          	sw	zero,-20(s0)
    8a5c:	fe042423          	sw	zero,-24(s0)
    8a60:	fcc42783          	lw	a5,-52(s0)
    8a64:	00078783          	lb	a5,0(a5)
    8a68:	e791                	bnez	a5,8a74 <msh_auto_complete+0x28>
    8a6a:	4581                	li	a1,0
    8a6c:	4501                	li	a0,0
    8a6e:	a99ff0ef          	jal	ra,8506 <msh_help>
    8a72:	a8c1                	j	8b42 <msh_auto_complete+0xf6>
    8a74:	8c41a783          	lw	a5,-1852(gp) # 200001b4 <_syscall_table_begin>
    8a78:	fef42223          	sw	a5,-28(s0)
    8a7c:	a879                	j	8b1a <msh_auto_complete+0xce>
    8a7e:	fe442783          	lw	a5,-28(s0)
    8a82:	4398                	lw	a4,0(a5)
    8a84:	4619                	li	a2,6
    8a86:	67b1                	lui	a5,0xc
    8a88:	e9078593          	addi	a1,a5,-368 # be90 <__malloc_unlock+0xb0a>
    8a8c:	853a                	mv	a0,a4
    8a8e:	7c4020ef          	jal	ra,b252 <strncmp>
    8a92:	87aa                	mv	a5,a0
    8a94:	efad                	bnez	a5,8b0e <msh_auto_complete+0xc2>
    8a96:	fe442783          	lw	a5,-28(s0)
    8a9a:	439c                	lw	a5,0(a5)
    8a9c:	0799                	addi	a5,a5,6
    8a9e:	fef42023          	sw	a5,-32(s0)
    8aa2:	fcc42503          	lw	a0,-52(s0)
    8aa6:	79a020ef          	jal	ra,b240 <strlen>
    8aaa:	87aa                	mv	a5,a0
    8aac:	863e                	mv	a2,a5
    8aae:	fe042583          	lw	a1,-32(s0)
    8ab2:	fcc42503          	lw	a0,-52(s0)
    8ab6:	79c020ef          	jal	ra,b252 <strncmp>
    8aba:	87aa                	mv	a5,a0
    8abc:	ebb1                	bnez	a5,8b10 <msh_auto_complete+0xc4>
    8abe:	fec42783          	lw	a5,-20(s0)
    8ac2:	ef81                	bnez	a5,8ada <msh_auto_complete+0x8e>
    8ac4:	fe042783          	lw	a5,-32(s0)
    8ac8:	fef42423          	sw	a5,-24(s0)
    8acc:	fe842503          	lw	a0,-24(s0)
    8ad0:	770020ef          	jal	ra,b240 <strlen>
    8ad4:	87aa                	mv	a5,a0
    8ad6:	fef42623          	sw	a5,-20(s0)
    8ada:	fe042583          	lw	a1,-32(s0)
    8ade:	fe842503          	lw	a0,-24(s0)
    8ae2:	f03ff0ef          	jal	ra,89e4 <str_common>
    8ae6:	fca42e23          	sw	a0,-36(s0)
    8aea:	fdc42703          	lw	a4,-36(s0)
    8aee:	fec42783          	lw	a5,-20(s0)
    8af2:	00f75663          	bge	a4,a5,8afe <msh_auto_complete+0xb2>
    8af6:	fdc42783          	lw	a5,-36(s0)
    8afa:	fef42623          	sw	a5,-20(s0)
    8afe:	fe042583          	lw	a1,-32(s0)
    8b02:	67b1                	lui	a5,0xc
    8b04:	ee478513          	addi	a0,a5,-284 # bee4 <__malloc_unlock+0xb5e>
    8b08:	938fd0ef          	jal	ra,5c40 <rt_kprintf>
    8b0c:	a011                	j	8b10 <msh_auto_complete+0xc4>
    8b0e:	0001                	nop
    8b10:	fe442783          	lw	a5,-28(s0)
    8b14:	07b1                	addi	a5,a5,12
    8b16:	fef42223          	sw	a5,-28(s0)
    8b1a:	8c81a783          	lw	a5,-1848(gp) # 200001b8 <_syscall_table_end>
    8b1e:	fe442703          	lw	a4,-28(s0)
    8b22:	f4f76ee3          	bltu	a4,a5,8a7e <msh_auto_complete+0x32>
    8b26:	fe842783          	lw	a5,-24(s0)
    8b2a:	cb99                	beqz	a5,8b40 <msh_auto_complete+0xf4>
    8b2c:	fec42783          	lw	a5,-20(s0)
    8b30:	863e                	mv	a2,a5
    8b32:	fe842583          	lw	a1,-24(s0)
    8b36:	fcc42503          	lw	a0,-52(s0)
    8b3a:	e38fc0ef          	jal	ra,5172 <rt_strncpy>
    8b3e:	0001                	nop
    8b40:	0001                	nop
    8b42:	50f2                	lw	ra,60(sp)
    8b44:	5462                	lw	s0,56(sp)
    8b46:	6121                	addi	sp,sp,64
    8b48:	8082                	ret

00008b4a <cmd_ps>:
    8b4a:	1101                	addi	sp,sp,-32
    8b4c:	ce06                	sw	ra,28(sp)
    8b4e:	cc22                	sw	s0,24(sp)
    8b50:	1000                	addi	s0,sp,32
    8b52:	fea42623          	sw	a0,-20(s0)
    8b56:	feb42423          	sw	a1,-24(s0)
    8b5a:	8b2ff0ef          	jal	ra,7c0c <list_thread>
    8b5e:	4781                	li	a5,0
    8b60:	853e                	mv	a0,a5
    8b62:	40f2                	lw	ra,28(sp)
    8b64:	4462                	lw	s0,24(sp)
    8b66:	6105                	addi	sp,sp,32
    8b68:	8082                	ret

00008b6a <cmd_free>:
    8b6a:	1101                	addi	sp,sp,-32
    8b6c:	ce06                	sw	ra,28(sp)
    8b6e:	cc22                	sw	s0,24(sp)
    8b70:	1000                	addi	s0,sp,32
    8b72:	fea42623          	sw	a0,-20(s0)
    8b76:	feb42423          	sw	a1,-24(s0)
    8b7a:	f64fd0ef          	jal	ra,62de <list_mem>
    8b7e:	4781                	li	a5,0
    8b80:	853e                	mv	a0,a5
    8b82:	40f2                	lw	ra,28(sp)
    8b84:	4462                	lw	s0,24(sp)
    8b86:	6105                	addi	sp,sp,32
    8b88:	8082                	ret

00008b8a <finsh_get_prompt>:
    8b8a:	1141                	addi	sp,sp,-16
    8b8c:	c606                	sw	ra,12(sp)
    8b8e:	c422                	sw	s0,8(sp)
    8b90:	0800                	addi	s0,sp,16
    8b92:	965ff0ef          	jal	ra,84f6 <msh_is_used>
    8b96:	87aa                	mv	a5,a0
    8b98:	cf81                	beqz	a5,8bb0 <finsh_get_prompt+0x26>
    8b9a:	20687737          	lui	a4,0x20687
    8b9e:	36d70713          	addi	a4,a4,877 # 2068736d <_eusrstack+0x68236d>
    8ba2:	dae1a023          	sw	a4,-608(gp) # 20000690 <finsh_prompt.4315>
    8ba6:	da018793          	addi	a5,gp,-608 # 20000690 <finsh_prompt.4315>
    8baa:	00078223          	sb	zero,4(a5)
    8bae:	a00d                	j	8bd0 <finsh_get_prompt+0x46>
    8bb0:	736e7737          	lui	a4,0x736e7
    8bb4:	96670713          	addi	a4,a4,-1690 # 736e6966 <_eusrstack+0x536e1966>
    8bb8:	dae1a023          	sw	a4,-608(gp) # 20000690 <finsh_prompt.4315>
    8bbc:	da018713          	addi	a4,gp,-608 # 20000690 <finsh_prompt.4315>
    8bc0:	6689                	lui	a3,0x2
    8bc2:	06868693          	addi	a3,a3,104 # 2068 <lora3a22_write_reg+0x9e>
    8bc6:	a356                	sh	a3,4(a4)
    8bc8:	da018793          	addi	a5,gp,-608 # 20000690 <finsh_prompt.4315>
    8bcc:	00078323          	sb	zero,6(a5)
    8bd0:	da018513          	addi	a0,gp,-608 # 20000690 <finsh_prompt.4315>
    8bd4:	66c020ef          	jal	ra,b240 <strlen>
    8bd8:	87aa                	mv	a5,a0
    8bda:	873e                	mv	a4,a5
    8bdc:	da018793          	addi	a5,gp,-608 # 20000690 <finsh_prompt.4315>
    8be0:	97ba                	add	a5,a5,a4
    8be2:	03e00713          	li	a4,62
    8be6:	a398                	sb	a4,0(a5)
    8be8:	000780a3          	sb	zero,1(a5)
    8bec:	da018793          	addi	a5,gp,-608 # 20000690 <finsh_prompt.4315>
    8bf0:	853e                	mv	a0,a5
    8bf2:	40b2                	lw	ra,12(sp)
    8bf4:	4422                	lw	s0,8(sp)
    8bf6:	0141                	addi	sp,sp,16
    8bf8:	8082                	ret

00008bfa <finsh_getchar>:
    8bfa:	1141                	addi	sp,sp,-16
    8bfc:	c606                	sw	ra,12(sp)
    8bfe:	c422                	sw	s0,8(sp)
    8c00:	0800                	addi	s0,sp,16
    8c02:	4c1000ef          	jal	ra,98c2 <rt_hw_console_getchar>
    8c06:	87aa                	mv	a5,a0
    8c08:	853e                	mv	a0,a5
    8c0a:	40b2                	lw	ra,12(sp)
    8c0c:	4422                	lw	s0,8(sp)
    8c0e:	0141                	addi	sp,sp,16
    8c10:	8082                	ret

00008c12 <finsh_rx_ind>:
    8c12:	1101                	addi	sp,sp,-32
    8c14:	ce06                	sw	ra,28(sp)
    8c16:	cc22                	sw	s0,24(sp)
    8c18:	1000                	addi	s0,sp,32
    8c1a:	fea42623          	sw	a0,-20(s0)
    8c1e:	feb42423          	sw	a1,-24(s0)
    8c22:	8c01a783          	lw	a5,-1856(gp) # 200001b0 <shell>
    8c26:	853e                	mv	a0,a5
    8c28:	ef6fb0ef          	jal	ra,431e <rt_sem_release>
    8c2c:	4781                	li	a5,0
    8c2e:	853e                	mv	a0,a5
    8c30:	40f2                	lw	ra,28(sp)
    8c32:	4462                	lw	s0,24(sp)
    8c34:	6105                	addi	sp,sp,32
    8c36:	8082                	ret

00008c38 <finsh_set_device>:
    8c38:	7179                	addi	sp,sp,-48
    8c3a:	d606                	sw	ra,44(sp)
    8c3c:	d422                	sw	s0,40(sp)
    8c3e:	1800                	addi	s0,sp,48
    8c40:	fca42e23          	sw	a0,-36(s0)
    8c44:	fe042623          	sw	zero,-20(s0)
    8c48:	fdc42503          	lw	a0,-36(s0)
    8c4c:	fa7fa0ef          	jal	ra,3bf2 <rt_device_find>
    8c50:	fea42623          	sw	a0,-20(s0)
    8c54:	fec42783          	lw	a5,-20(s0)
    8c58:	eb89                	bnez	a5,8c6a <finsh_set_device+0x32>
    8c5a:	fdc42583          	lw	a1,-36(s0)
    8c5e:	67b1                	lui	a5,0xc
    8c60:	ee878513          	addi	a0,a5,-280 # bee8 <__malloc_unlock+0xb62>
    8c64:	fddfc0ef          	jal	ra,5c40 <rt_kprintf>
    8c68:	a849                	j	8cfa <finsh_set_device+0xc2>
    8c6a:	8c01a783          	lw	a5,-1856(gp) # 200001b0 <shell>
    8c6e:	2147a783          	lw	a5,532(a5)
    8c72:	fec42703          	lw	a4,-20(s0)
    8c76:	08f70163          	beq	a4,a5,8cf8 <finsh_set_device+0xc0>
    8c7a:	14300593          	li	a1,323
    8c7e:	fec42503          	lw	a0,-20(s0)
    8c82:	ffffa0ef          	jal	ra,3c80 <rt_device_open>
    8c86:	87aa                	mv	a5,a0
    8c88:	ebad                	bnez	a5,8cfa <finsh_set_device+0xc2>
    8c8a:	8c01a783          	lw	a5,-1856(gp) # 200001b0 <shell>
    8c8e:	2147a783          	lw	a5,532(a5)
    8c92:	c385                	beqz	a5,8cb2 <finsh_set_device+0x7a>
    8c94:	8c01a783          	lw	a5,-1856(gp) # 200001b0 <shell>
    8c98:	2147a783          	lw	a5,532(a5)
    8c9c:	853e                	mv	a0,a5
    8c9e:	8eafb0ef          	jal	ra,3d88 <rt_device_close>
    8ca2:	8c01a783          	lw	a5,-1856(gp) # 200001b0 <shell>
    8ca6:	2147a783          	lw	a5,532(a5)
    8caa:	4581                	li	a1,0
    8cac:	853e                	mv	a0,a5
    8cae:	9bcfb0ef          	jal	ra,3e6a <rt_device_set_rx_indicate>
    8cb2:	8c01a783          	lw	a5,-1856(gp) # 200001b0 <shell>
    8cb6:	1c278793          	addi	a5,a5,450
    8cba:	05000613          	li	a2,80
    8cbe:	4581                	li	a1,0
    8cc0:	853e                	mv	a0,a5
    8cc2:	e28f70ef          	jal	ra,2ea <memset>
    8cc6:	8c01a783          	lw	a5,-1856(gp) # 200001b0 <shell>
    8cca:	20078923          	sb	zero,530(a5)
    8cce:	8c01a703          	lw	a4,-1856(gp) # 200001b0 <shell>
    8cd2:	2127c783          	lbu	a5,530(a5)
    8cd6:	20f709a3          	sb	a5,531(a4)
    8cda:	8c01a783          	lw	a5,-1856(gp) # 200001b0 <shell>
    8cde:	fec42703          	lw	a4,-20(s0)
    8ce2:	20e7aa23          	sw	a4,532(a5)
    8ce6:	000097b7          	lui	a5,0x9
    8cea:	c1278593          	addi	a1,a5,-1006 # 8c12 <finsh_rx_ind>
    8cee:	fec42503          	lw	a0,-20(s0)
    8cf2:	978fb0ef          	jal	ra,3e6a <rt_device_set_rx_indicate>
    8cf6:	a011                	j	8cfa <finsh_set_device+0xc2>
    8cf8:	0001                	nop
    8cfa:	50b2                	lw	ra,44(sp)
    8cfc:	5422                	lw	s0,40(sp)
    8cfe:	6145                	addi	sp,sp,48
    8d00:	8082                	ret

00008d02 <shell_auto_complete>:
    8d02:	1101                	addi	sp,sp,-32
    8d04:	ce06                	sw	ra,28(sp)
    8d06:	cc22                	sw	s0,24(sp)
    8d08:	1000                	addi	s0,sp,32
    8d0a:	fea42623          	sw	a0,-20(s0)
    8d0e:	67b1                	lui	a5,0xc
    8d10:	f0878513          	addi	a0,a5,-248 # bf08 <__malloc_unlock+0xb82>
    8d14:	f2dfc0ef          	jal	ra,5c40 <rt_kprintf>
    8d18:	fdeff0ef          	jal	ra,84f6 <msh_is_used>
    8d1c:	872a                	mv	a4,a0
    8d1e:	4785                	li	a5,1
    8d20:	00f71663          	bne	a4,a5,8d2c <shell_auto_complete+0x2a>
    8d24:	fec42503          	lw	a0,-20(s0)
    8d28:	d25ff0ef          	jal	ra,8a4c <msh_auto_complete>
    8d2c:	e5fff0ef          	jal	ra,8b8a <finsh_get_prompt>
    8d30:	87aa                	mv	a5,a0
    8d32:	fec42603          	lw	a2,-20(s0)
    8d36:	85be                	mv	a1,a5
    8d38:	67b1                	lui	a5,0xc
    8d3a:	f0c78513          	addi	a0,a5,-244 # bf0c <__malloc_unlock+0xb86>
    8d3e:	f03fc0ef          	jal	ra,5c40 <rt_kprintf>
    8d42:	0001                	nop
    8d44:	40f2                	lw	ra,28(sp)
    8d46:	4462                	lw	s0,24(sp)
    8d48:	6105                	addi	sp,sp,32
    8d4a:	8082                	ret

00008d4c <shell_handle_history>:
    8d4c:	1101                	addi	sp,sp,-32
    8d4e:	ce06                	sw	ra,28(sp)
    8d50:	cc22                	sw	s0,24(sp)
    8d52:	1000                	addi	s0,sp,32
    8d54:	fea42623          	sw	a0,-20(s0)
    8d58:	67b1                	lui	a5,0xc
    8d5a:	f1478513          	addi	a0,a5,-236 # bf14 <__malloc_unlock+0xb8e>
    8d5e:	ee3fc0ef          	jal	ra,5c40 <rt_kprintf>
    8d62:	e29ff0ef          	jal	ra,8b8a <finsh_get_prompt>
    8d66:	872a                	mv	a4,a0
    8d68:	fec42783          	lw	a5,-20(s0)
    8d6c:	1c278793          	addi	a5,a5,450
    8d70:	863e                	mv	a2,a5
    8d72:	85ba                	mv	a1,a4
    8d74:	67b1                	lui	a5,0xc
    8d76:	f0c78513          	addi	a0,a5,-244 # bf0c <__malloc_unlock+0xb86>
    8d7a:	ec7fc0ef          	jal	ra,5c40 <rt_kprintf>
    8d7e:	4781                	li	a5,0
    8d80:	853e                	mv	a0,a5
    8d82:	40f2                	lw	ra,28(sp)
    8d84:	4462                	lw	s0,24(sp)
    8d86:	6105                	addi	sp,sp,32
    8d88:	8082                	ret

00008d8a <shell_push_history>:
    8d8a:	7179                	addi	sp,sp,-48
    8d8c:	d606                	sw	ra,44(sp)
    8d8e:	d422                	sw	s0,40(sp)
    8d90:	1800                	addi	s0,sp,48
    8d92:	fca42e23          	sw	a0,-36(s0)
    8d96:	fdc42783          	lw	a5,-36(s0)
    8d9a:	2127c783          	lbu	a5,530(a5)
    8d9e:	1a078863          	beqz	a5,8f4e <shell_push_history+0x1c4>
    8da2:	fdc42783          	lw	a5,-36(s0)
    8da6:	3b9a                	lhu	a4,48(a5)
    8da8:	4791                	li	a5,4
    8daa:	0ee7f263          	bgeu	a5,a4,8e8e <shell_push_history+0x104>
    8dae:	fdc42783          	lw	a5,-36(s0)
    8db2:	17278713          	addi	a4,a5,370
    8db6:	fdc42783          	lw	a5,-36(s0)
    8dba:	1c278793          	addi	a5,a5,450
    8dbe:	05000613          	li	a2,80
    8dc2:	85be                	mv	a1,a5
    8dc4:	853a                	mv	a0,a4
    8dc6:	2ca020ef          	jal	ra,b090 <memcmp>
    8dca:	87aa                	mv	a5,a0
    8dcc:	18078163          	beqz	a5,8f4e <shell_push_history+0x1c4>
    8dd0:	fe042623          	sw	zero,-20(s0)
    8dd4:	a0b9                	j	8e22 <shell_push_history+0x98>
    8dd6:	fec42703          	lw	a4,-20(s0)
    8dda:	87ba                	mv	a5,a4
    8ddc:	078a                	slli	a5,a5,0x2
    8dde:	97ba                	add	a5,a5,a4
    8de0:	0792                	slli	a5,a5,0x4
    8de2:	03078793          	addi	a5,a5,48
    8de6:	fdc42703          	lw	a4,-36(s0)
    8dea:	97ba                	add	a5,a5,a4
    8dec:	00278693          	addi	a3,a5,2
    8df0:	fec42783          	lw	a5,-20(s0)
    8df4:	00178713          	addi	a4,a5,1
    8df8:	87ba                	mv	a5,a4
    8dfa:	078a                	slli	a5,a5,0x2
    8dfc:	97ba                	add	a5,a5,a4
    8dfe:	0792                	slli	a5,a5,0x4
    8e00:	03078793          	addi	a5,a5,48
    8e04:	fdc42703          	lw	a4,-36(s0)
    8e08:	97ba                	add	a5,a5,a4
    8e0a:	0789                	addi	a5,a5,2
    8e0c:	05000613          	li	a2,80
    8e10:	85be                	mv	a1,a5
    8e12:	8536                	mv	a0,a3
    8e14:	2a0020ef          	jal	ra,b0b4 <memcpy>
    8e18:	fec42783          	lw	a5,-20(s0)
    8e1c:	0785                	addi	a5,a5,1
    8e1e:	fef42623          	sw	a5,-20(s0)
    8e22:	fec42703          	lw	a4,-20(s0)
    8e26:	478d                	li	a5,3
    8e28:	fae7d7e3          	bge	a5,a4,8dd6 <shell_push_history+0x4c>
    8e2c:	fec42703          	lw	a4,-20(s0)
    8e30:	87ba                	mv	a5,a4
    8e32:	078a                	slli	a5,a5,0x2
    8e34:	97ba                	add	a5,a5,a4
    8e36:	0792                	slli	a5,a5,0x4
    8e38:	03078793          	addi	a5,a5,48
    8e3c:	fdc42703          	lw	a4,-36(s0)
    8e40:	97ba                	add	a5,a5,a4
    8e42:	0789                	addi	a5,a5,2
    8e44:	05000613          	li	a2,80
    8e48:	4581                	li	a1,0
    8e4a:	853e                	mv	a0,a5
    8e4c:	c9ef70ef          	jal	ra,2ea <memset>
    8e50:	fec42703          	lw	a4,-20(s0)
    8e54:	87ba                	mv	a5,a4
    8e56:	078a                	slli	a5,a5,0x2
    8e58:	97ba                	add	a5,a5,a4
    8e5a:	0792                	slli	a5,a5,0x4
    8e5c:	03078793          	addi	a5,a5,48
    8e60:	fdc42703          	lw	a4,-36(s0)
    8e64:	97ba                	add	a5,a5,a4
    8e66:	00278713          	addi	a4,a5,2
    8e6a:	fdc42783          	lw	a5,-36(s0)
    8e6e:	1c278693          	addi	a3,a5,450
    8e72:	fdc42783          	lw	a5,-36(s0)
    8e76:	2127c783          	lbu	a5,530(a5)
    8e7a:	863e                	mv	a2,a5
    8e7c:	85b6                	mv	a1,a3
    8e7e:	853a                	mv	a0,a4
    8e80:	234020ef          	jal	ra,b0b4 <memcpy>
    8e84:	fdc42783          	lw	a5,-36(s0)
    8e88:	4715                	li	a4,5
    8e8a:	bb9a                	sh	a4,48(a5)
    8e8c:	a0c9                	j	8f4e <shell_push_history+0x1c4>
    8e8e:	fdc42783          	lw	a5,-36(s0)
    8e92:	3b9e                	lhu	a5,48(a5)
    8e94:	cf8d                	beqz	a5,8ece <shell_push_history+0x144>
    8e96:	fdc42783          	lw	a5,-36(s0)
    8e9a:	3b9e                	lhu	a5,48(a5)
    8e9c:	fff78713          	addi	a4,a5,-1
    8ea0:	87ba                	mv	a5,a4
    8ea2:	078a                	slli	a5,a5,0x2
    8ea4:	97ba                	add	a5,a5,a4
    8ea6:	0792                	slli	a5,a5,0x4
    8ea8:	03078793          	addi	a5,a5,48
    8eac:	fdc42703          	lw	a4,-36(s0)
    8eb0:	97ba                	add	a5,a5,a4
    8eb2:	00278713          	addi	a4,a5,2
    8eb6:	fdc42783          	lw	a5,-36(s0)
    8eba:	1c278793          	addi	a5,a5,450
    8ebe:	05000613          	li	a2,80
    8ec2:	85be                	mv	a1,a5
    8ec4:	853a                	mv	a0,a4
    8ec6:	1ca020ef          	jal	ra,b090 <memcmp>
    8eca:	87aa                	mv	a5,a0
    8ecc:	c3c9                	beqz	a5,8f4e <shell_push_history+0x1c4>
    8ece:	fdc42783          	lw	a5,-36(s0)
    8ed2:	3b9a                	lhu	a4,48(a5)
    8ed4:	fdc42783          	lw	a5,-36(s0)
    8ed8:	b7fa                	sh	a4,46(a5)
    8eda:	fdc42783          	lw	a5,-36(s0)
    8ede:	3b9e                	lhu	a5,48(a5)
    8ee0:	873e                	mv	a4,a5
    8ee2:	87ba                	mv	a5,a4
    8ee4:	078a                	slli	a5,a5,0x2
    8ee6:	97ba                	add	a5,a5,a4
    8ee8:	0792                	slli	a5,a5,0x4
    8eea:	03078793          	addi	a5,a5,48
    8eee:	fdc42703          	lw	a4,-36(s0)
    8ef2:	97ba                	add	a5,a5,a4
    8ef4:	0789                	addi	a5,a5,2
    8ef6:	05000613          	li	a2,80
    8efa:	4581                	li	a1,0
    8efc:	853e                	mv	a0,a5
    8efe:	becf70ef          	jal	ra,2ea <memset>
    8f02:	fdc42783          	lw	a5,-36(s0)
    8f06:	3b9e                	lhu	a5,48(a5)
    8f08:	873e                	mv	a4,a5
    8f0a:	87ba                	mv	a5,a4
    8f0c:	078a                	slli	a5,a5,0x2
    8f0e:	97ba                	add	a5,a5,a4
    8f10:	0792                	slli	a5,a5,0x4
    8f12:	03078793          	addi	a5,a5,48
    8f16:	fdc42703          	lw	a4,-36(s0)
    8f1a:	97ba                	add	a5,a5,a4
    8f1c:	00278713          	addi	a4,a5,2
    8f20:	fdc42783          	lw	a5,-36(s0)
    8f24:	1c278693          	addi	a3,a5,450
    8f28:	fdc42783          	lw	a5,-36(s0)
    8f2c:	2127c783          	lbu	a5,530(a5)
    8f30:	863e                	mv	a2,a5
    8f32:	85b6                	mv	a1,a3
    8f34:	853a                	mv	a0,a4
    8f36:	17e020ef          	jal	ra,b0b4 <memcpy>
    8f3a:	fdc42783          	lw	a5,-36(s0)
    8f3e:	3b9e                	lhu	a5,48(a5)
    8f40:	0785                	addi	a5,a5,1
    8f42:	01079713          	slli	a4,a5,0x10
    8f46:	8341                	srli	a4,a4,0x10
    8f48:	fdc42783          	lw	a5,-36(s0)
    8f4c:	bb9a                	sh	a4,48(a5)
    8f4e:	fdc42783          	lw	a5,-36(s0)
    8f52:	3b9a                	lhu	a4,48(a5)
    8f54:	fdc42783          	lw	a5,-36(s0)
    8f58:	b7fa                	sh	a4,46(a5)
    8f5a:	0001                	nop
    8f5c:	50b2                	lw	ra,44(sp)
    8f5e:	5422                	lw	s0,40(sp)
    8f60:	6145                	addi	sp,sp,48
    8f62:	8082                	ret

00008f64 <finsh_thread_entry>:
    8f64:	7139                	addi	sp,sp,-64
    8f66:	de06                	sw	ra,60(sp)
    8f68:	dc22                	sw	s0,56(sp)
    8f6a:	0080                	addi	s0,sp,64
    8f6c:	fca42623          	sw	a0,-52(s0)
    8f70:	8c01a783          	lw	a5,-1856(gp) # 200001b0 <shell>
    8f74:	02c7c703          	lbu	a4,44(a5)
    8f78:	00176713          	ori	a4,a4,1
    8f7c:	02e78623          	sb	a4,44(a5)
    8f80:	8c01a783          	lw	a5,-1856(gp) # 200001b0 <shell>
    8f84:	2147a783          	lw	a5,532(a5)
    8f88:	ef89                	bnez	a5,8fa2 <finsh_thread_entry+0x3e>
    8f8a:	ca5fc0ef          	jal	ra,5c2e <rt_console_get_device>
    8f8e:	fea42023          	sw	a0,-32(s0)
    8f92:	fe042783          	lw	a5,-32(s0)
    8f96:	c791                	beqz	a5,8fa2 <finsh_thread_entry+0x3e>
    8f98:	fe042783          	lw	a5,-32(s0)
    8f9c:	853e                	mv	a0,a5
    8f9e:	c9bff0ef          	jal	ra,8c38 <finsh_set_device>
    8fa2:	be9ff0ef          	jal	ra,8b8a <finsh_get_prompt>
    8fa6:	87aa                	mv	a5,a0
    8fa8:	853e                	mv	a0,a5
    8faa:	c97fc0ef          	jal	ra,5c40 <rt_kprintf>
    8fae:	c4dff0ef          	jal	ra,8bfa <finsh_getchar>
    8fb2:	87aa                	mv	a5,a0
    8fb4:	fcf40fa3          	sb	a5,-33(s0)
    8fb8:	fdf40703          	lb	a4,-33(s0)
    8fbc:	47ed                	li	a5,27
    8fbe:	00f71763          	bne	a4,a5,8fcc <finsh_thread_entry+0x68>
    8fc2:	8c01a783          	lw	a5,-1856(gp) # 200001b0 <shell>
    8fc6:	4705                	li	a4,1
    8fc8:	d798                	sw	a4,40(a5)
    8fca:	a3d1                	j	958e <finsh_thread_entry+0x62a>
    8fcc:	8c01a783          	lw	a5,-1856(gp) # 200001b0 <shell>
    8fd0:	5798                	lw	a4,40(a5)
    8fd2:	4785                	li	a5,1
    8fd4:	02f71263          	bne	a4,a5,8ff8 <finsh_thread_entry+0x94>
    8fd8:	fdf40703          	lb	a4,-33(s0)
    8fdc:	05b00793          	li	a5,91
    8fe0:	00f71763          	bne	a4,a5,8fee <finsh_thread_entry+0x8a>
    8fe4:	8c01a783          	lw	a5,-1856(gp) # 200001b0 <shell>
    8fe8:	4709                	li	a4,2
    8fea:	d798                	sw	a4,40(a5)
    8fec:	a34d                	j	958e <finsh_thread_entry+0x62a>
    8fee:	8c01a783          	lw	a5,-1856(gp) # 200001b0 <shell>
    8ff2:	0207a423          	sw	zero,40(a5)
    8ff6:	aae9                	j	91d0 <finsh_thread_entry+0x26c>
    8ff8:	8c01a783          	lw	a5,-1856(gp) # 200001b0 <shell>
    8ffc:	5798                	lw	a4,40(a5)
    8ffe:	4789                	li	a5,2
    9000:	1cf71863          	bne	a4,a5,91d0 <finsh_thread_entry+0x26c>
    9004:	8c01a783          	lw	a5,-1856(gp) # 200001b0 <shell>
    9008:	0207a423          	sw	zero,40(a5)
    900c:	fdf40703          	lb	a4,-33(s0)
    9010:	04100793          	li	a5,65
    9014:	08f71363          	bne	a4,a5,909a <finsh_thread_entry+0x136>
    9018:	8c01a783          	lw	a5,-1856(gp) # 200001b0 <shell>
    901c:	37fe                	lhu	a5,46(a5)
    901e:	cbad                	beqz	a5,9090 <finsh_thread_entry+0x12c>
    9020:	8c01a783          	lw	a5,-1856(gp) # 200001b0 <shell>
    9024:	37fa                	lhu	a4,46(a5)
    9026:	177d                	addi	a4,a4,-1
    9028:	0742                	slli	a4,a4,0x10
    902a:	8341                	srli	a4,a4,0x10
    902c:	b7fa                	sh	a4,46(a5)
    902e:	8c01a783          	lw	a5,-1856(gp) # 200001b0 <shell>
    9032:	1c278513          	addi	a0,a5,450
    9036:	8c01a703          	lw	a4,-1856(gp) # 200001b0 <shell>
    903a:	8c01a783          	lw	a5,-1856(gp) # 200001b0 <shell>
    903e:	37fe                	lhu	a5,46(a5)
    9040:	86be                	mv	a3,a5
    9042:	87b6                	mv	a5,a3
    9044:	078a                	slli	a5,a5,0x2
    9046:	97b6                	add	a5,a5,a3
    9048:	0792                	slli	a5,a5,0x4
    904a:	03078793          	addi	a5,a5,48
    904e:	97ba                	add	a5,a5,a4
    9050:	0789                	addi	a5,a5,2
    9052:	05000613          	li	a2,80
    9056:	85be                	mv	a1,a5
    9058:	05c020ef          	jal	ra,b0b4 <memcpy>
    905c:	8c01a783          	lw	a5,-1856(gp) # 200001b0 <shell>
    9060:	1c278793          	addi	a5,a5,450
    9064:	853e                	mv	a0,a5
    9066:	1da020ef          	jal	ra,b240 <strlen>
    906a:	872a                	mv	a4,a0
    906c:	8c01a783          	lw	a5,-1856(gp) # 200001b0 <shell>
    9070:	0ff77713          	andi	a4,a4,255
    9074:	20e78923          	sb	a4,530(a5)
    9078:	8c01a703          	lw	a4,-1856(gp) # 200001b0 <shell>
    907c:	2127c783          	lbu	a5,530(a5)
    9080:	20f709a3          	sb	a5,531(a4)
    9084:	8c01a783          	lw	a5,-1856(gp) # 200001b0 <shell>
    9088:	853e                	mv	a0,a5
    908a:	cc3ff0ef          	jal	ra,8d4c <shell_handle_history>
    908e:	a301                	j	958e <finsh_thread_entry+0x62a>
    9090:	8c01a783          	lw	a5,-1856(gp) # 200001b0 <shell>
    9094:	02079723          	sh	zero,46(a5)
    9098:	a9dd                	j	958e <finsh_thread_entry+0x62a>
    909a:	fdf40703          	lb	a4,-33(s0)
    909e:	04200793          	li	a5,66
    90a2:	0af71363          	bne	a4,a5,9148 <finsh_thread_entry+0x1e4>
    90a6:	8c01a783          	lw	a5,-1856(gp) # 200001b0 <shell>
    90aa:	37fe                	lhu	a5,46(a5)
    90ac:	873e                	mv	a4,a5
    90ae:	8c01a783          	lw	a5,-1856(gp) # 200001b0 <shell>
    90b2:	3b9e                	lhu	a5,48(a5)
    90b4:	17fd                	addi	a5,a5,-1
    90b6:	00f75a63          	bge	a4,a5,90ca <finsh_thread_entry+0x166>
    90ba:	8c01a783          	lw	a5,-1856(gp) # 200001b0 <shell>
    90be:	37fa                	lhu	a4,46(a5)
    90c0:	0705                	addi	a4,a4,1
    90c2:	0742                	slli	a4,a4,0x10
    90c4:	8341                	srli	a4,a4,0x10
    90c6:	b7fa                	sh	a4,46(a5)
    90c8:	a839                	j	90e6 <finsh_thread_entry+0x182>
    90ca:	8c01a783          	lw	a5,-1856(gp) # 200001b0 <shell>
    90ce:	3b9e                	lhu	a5,48(a5)
    90d0:	4a078663          	beqz	a5,957c <finsh_thread_entry+0x618>
    90d4:	8c01a783          	lw	a5,-1856(gp) # 200001b0 <shell>
    90d8:	3b9a                	lhu	a4,48(a5)
    90da:	8c01a783          	lw	a5,-1856(gp) # 200001b0 <shell>
    90de:	177d                	addi	a4,a4,-1
    90e0:	0742                	slli	a4,a4,0x10
    90e2:	8341                	srli	a4,a4,0x10
    90e4:	b7fa                	sh	a4,46(a5)
    90e6:	8c01a783          	lw	a5,-1856(gp) # 200001b0 <shell>
    90ea:	1c278513          	addi	a0,a5,450
    90ee:	8c01a703          	lw	a4,-1856(gp) # 200001b0 <shell>
    90f2:	8c01a783          	lw	a5,-1856(gp) # 200001b0 <shell>
    90f6:	37fe                	lhu	a5,46(a5)
    90f8:	86be                	mv	a3,a5
    90fa:	87b6                	mv	a5,a3
    90fc:	078a                	slli	a5,a5,0x2
    90fe:	97b6                	add	a5,a5,a3
    9100:	0792                	slli	a5,a5,0x4
    9102:	03078793          	addi	a5,a5,48
    9106:	97ba                	add	a5,a5,a4
    9108:	0789                	addi	a5,a5,2
    910a:	05000613          	li	a2,80
    910e:	85be                	mv	a1,a5
    9110:	7a5010ef          	jal	ra,b0b4 <memcpy>
    9114:	8c01a783          	lw	a5,-1856(gp) # 200001b0 <shell>
    9118:	1c278793          	addi	a5,a5,450
    911c:	853e                	mv	a0,a5
    911e:	122020ef          	jal	ra,b240 <strlen>
    9122:	872a                	mv	a4,a0
    9124:	8c01a783          	lw	a5,-1856(gp) # 200001b0 <shell>
    9128:	0ff77713          	andi	a4,a4,255
    912c:	20e78923          	sb	a4,530(a5)
    9130:	8c01a703          	lw	a4,-1856(gp) # 200001b0 <shell>
    9134:	2127c783          	lbu	a5,530(a5)
    9138:	20f709a3          	sb	a5,531(a4)
    913c:	8c01a783          	lw	a5,-1856(gp) # 200001b0 <shell>
    9140:	853e                	mv	a0,a5
    9142:	c0bff0ef          	jal	ra,8d4c <shell_handle_history>
    9146:	a1a1                	j	958e <finsh_thread_entry+0x62a>
    9148:	fdf40703          	lb	a4,-33(s0)
    914c:	04400793          	li	a5,68
    9150:	02f71763          	bne	a4,a5,917e <finsh_thread_entry+0x21a>
    9154:	8c01a783          	lw	a5,-1856(gp) # 200001b0 <shell>
    9158:	2137c783          	lbu	a5,531(a5)
    915c:	42078263          	beqz	a5,9580 <finsh_thread_entry+0x61c>
    9160:	67b1                	lui	a5,0xc
    9162:	f1c78513          	addi	a0,a5,-228 # bf1c <__malloc_unlock+0xb96>
    9166:	adbfc0ef          	jal	ra,5c40 <rt_kprintf>
    916a:	8c01a783          	lw	a5,-1856(gp) # 200001b0 <shell>
    916e:	2137c703          	lbu	a4,531(a5)
    9172:	177d                	addi	a4,a4,-1
    9174:	0ff77713          	andi	a4,a4,255
    9178:	20e789a3          	sb	a4,531(a5)
    917c:	a111                	j	9580 <finsh_thread_entry+0x61c>
    917e:	fdf40703          	lb	a4,-33(s0)
    9182:	04300793          	li	a5,67
    9186:	04f71563          	bne	a4,a5,91d0 <finsh_thread_entry+0x26c>
    918a:	8c01a783          	lw	a5,-1856(gp) # 200001b0 <shell>
    918e:	2137c703          	lbu	a4,531(a5)
    9192:	8c01a783          	lw	a5,-1856(gp) # 200001b0 <shell>
    9196:	2127c783          	lbu	a5,530(a5)
    919a:	3ef77563          	bgeu	a4,a5,9584 <finsh_thread_entry+0x620>
    919e:	8c01a783          	lw	a5,-1856(gp) # 200001b0 <shell>
    91a2:	8c01a703          	lw	a4,-1856(gp) # 200001b0 <shell>
    91a6:	21374703          	lbu	a4,531(a4)
    91aa:	97ba                	add	a5,a5,a4
    91ac:	1c278783          	lb	a5,450(a5)
    91b0:	85be                	mv	a1,a5
    91b2:	67b1                	lui	a5,0xc
    91b4:	f2078513          	addi	a0,a5,-224 # bf20 <__malloc_unlock+0xb9a>
    91b8:	a89fc0ef          	jal	ra,5c40 <rt_kprintf>
    91bc:	8c01a783          	lw	a5,-1856(gp) # 200001b0 <shell>
    91c0:	2137c703          	lbu	a4,531(a5)
    91c4:	0705                	addi	a4,a4,1
    91c6:	0ff77713          	andi	a4,a4,255
    91ca:	20e789a3          	sb	a4,531(a5)
    91ce:	ae5d                	j	9584 <finsh_thread_entry+0x620>
    91d0:	fdf40783          	lb	a5,-33(s0)
    91d4:	3a078a63          	beqz	a5,9588 <finsh_thread_entry+0x624>
    91d8:	fdf40703          	lb	a4,-33(s0)
    91dc:	47a5                	li	a5,9
    91de:	06f71463          	bne	a4,a5,9246 <finsh_thread_entry+0x2e2>
    91e2:	fe042623          	sw	zero,-20(s0)
    91e6:	a819                	j	91fc <finsh_thread_entry+0x298>
    91e8:	67b1                	lui	a5,0xc
    91ea:	f1c78513          	addi	a0,a5,-228 # bf1c <__malloc_unlock+0xb96>
    91ee:	a53fc0ef          	jal	ra,5c40 <rt_kprintf>
    91f2:	fec42783          	lw	a5,-20(s0)
    91f6:	0785                	addi	a5,a5,1
    91f8:	fef42623          	sw	a5,-20(s0)
    91fc:	8c01a783          	lw	a5,-1856(gp) # 200001b0 <shell>
    9200:	2137c783          	lbu	a5,531(a5)
    9204:	873e                	mv	a4,a5
    9206:	fec42783          	lw	a5,-20(s0)
    920a:	fce7cfe3          	blt	a5,a4,91e8 <finsh_thread_entry+0x284>
    920e:	8c01a783          	lw	a5,-1856(gp) # 200001b0 <shell>
    9212:	1c278793          	addi	a5,a5,450
    9216:	853e                	mv	a0,a5
    9218:	aebff0ef          	jal	ra,8d02 <shell_auto_complete>
    921c:	8c01a783          	lw	a5,-1856(gp) # 200001b0 <shell>
    9220:	1c278793          	addi	a5,a5,450
    9224:	853e                	mv	a0,a5
    9226:	01a020ef          	jal	ra,b240 <strlen>
    922a:	872a                	mv	a4,a0
    922c:	8c01a783          	lw	a5,-1856(gp) # 200001b0 <shell>
    9230:	0ff77713          	andi	a4,a4,255
    9234:	20e78923          	sb	a4,530(a5)
    9238:	8c01a703          	lw	a4,-1856(gp) # 200001b0 <shell>
    923c:	2127c783          	lbu	a5,530(a5)
    9240:	20f709a3          	sb	a5,531(a4)
    9244:	a6a9                	j	958e <finsh_thread_entry+0x62a>
    9246:	fdf40703          	lb	a4,-33(s0)
    924a:	07f00793          	li	a5,127
    924e:	00f70763          	beq	a4,a5,925c <finsh_thread_entry+0x2f8>
    9252:	fdf40703          	lb	a4,-33(s0)
    9256:	47a1                	li	a5,8
    9258:	10f71e63          	bne	a4,a5,9374 <finsh_thread_entry+0x410>
    925c:	8c01a783          	lw	a5,-1856(gp) # 200001b0 <shell>
    9260:	2137c783          	lbu	a5,531(a5)
    9264:	32078463          	beqz	a5,958c <finsh_thread_entry+0x628>
    9268:	8c01a783          	lw	a5,-1856(gp) # 200001b0 <shell>
    926c:	2127c703          	lbu	a4,530(a5)
    9270:	177d                	addi	a4,a4,-1
    9272:	0ff77713          	andi	a4,a4,255
    9276:	20e78923          	sb	a4,530(a5)
    927a:	8c01a783          	lw	a5,-1856(gp) # 200001b0 <shell>
    927e:	2137c703          	lbu	a4,531(a5)
    9282:	177d                	addi	a4,a4,-1
    9284:	0ff77713          	andi	a4,a4,255
    9288:	20e789a3          	sb	a4,531(a5)
    928c:	8c01a783          	lw	a5,-1856(gp) # 200001b0 <shell>
    9290:	2127c703          	lbu	a4,530(a5)
    9294:	8c01a783          	lw	a5,-1856(gp) # 200001b0 <shell>
    9298:	2137c783          	lbu	a5,531(a5)
    929c:	0ae7fd63          	bgeu	a5,a4,9356 <finsh_thread_entry+0x3f2>
    92a0:	8c01a703          	lw	a4,-1856(gp) # 200001b0 <shell>
    92a4:	8c01a783          	lw	a5,-1856(gp) # 200001b0 <shell>
    92a8:	2137c783          	lbu	a5,531(a5)
    92ac:	1c078793          	addi	a5,a5,448
    92b0:	97ba                	add	a5,a5,a4
    92b2:	00278693          	addi	a3,a5,2
    92b6:	8c01a703          	lw	a4,-1856(gp) # 200001b0 <shell>
    92ba:	8c01a783          	lw	a5,-1856(gp) # 200001b0 <shell>
    92be:	2137c783          	lbu	a5,531(a5)
    92c2:	0785                	addi	a5,a5,1
    92c4:	1c078793          	addi	a5,a5,448
    92c8:	97ba                	add	a5,a5,a4
    92ca:	00278713          	addi	a4,a5,2
    92ce:	8c01a783          	lw	a5,-1856(gp) # 200001b0 <shell>
    92d2:	2127c783          	lbu	a5,530(a5)
    92d6:	863e                	mv	a2,a5
    92d8:	8c01a783          	lw	a5,-1856(gp) # 200001b0 <shell>
    92dc:	2137c783          	lbu	a5,531(a5)
    92e0:	40f607b3          	sub	a5,a2,a5
    92e4:	863e                	mv	a2,a5
    92e6:	85ba                	mv	a1,a4
    92e8:	8536                	mv	a0,a3
    92ea:	dc1fb0ef          	jal	ra,50aa <rt_memmove>
    92ee:	8c01a783          	lw	a5,-1856(gp) # 200001b0 <shell>
    92f2:	8c01a703          	lw	a4,-1856(gp) # 200001b0 <shell>
    92f6:	21274703          	lbu	a4,530(a4)
    92fa:	97ba                	add	a5,a5,a4
    92fc:	1c078123          	sb	zero,450(a5)
    9300:	8c01a703          	lw	a4,-1856(gp) # 200001b0 <shell>
    9304:	8c01a783          	lw	a5,-1856(gp) # 200001b0 <shell>
    9308:	2137c783          	lbu	a5,531(a5)
    930c:	1c078793          	addi	a5,a5,448
    9310:	97ba                	add	a5,a5,a4
    9312:	0789                	addi	a5,a5,2
    9314:	85be                	mv	a1,a5
    9316:	67b1                	lui	a5,0xc
    9318:	f2478513          	addi	a0,a5,-220 # bf24 <__malloc_unlock+0xb9e>
    931c:	925fc0ef          	jal	ra,5c40 <rt_kprintf>
    9320:	8c01a783          	lw	a5,-1856(gp) # 200001b0 <shell>
    9324:	2137c783          	lbu	a5,531(a5)
    9328:	fef42423          	sw	a5,-24(s0)
    932c:	a819                	j	9342 <finsh_thread_entry+0x3de>
    932e:	67b1                	lui	a5,0xc
    9330:	f1c78513          	addi	a0,a5,-228 # bf1c <__malloc_unlock+0xb96>
    9334:	90dfc0ef          	jal	ra,5c40 <rt_kprintf>
    9338:	fe842783          	lw	a5,-24(s0)
    933c:	0785                	addi	a5,a5,1
    933e:	fef42423          	sw	a5,-24(s0)
    9342:	8c01a783          	lw	a5,-1856(gp) # 200001b0 <shell>
    9346:	2127c783          	lbu	a5,530(a5)
    934a:	873e                	mv	a4,a5
    934c:	fe842783          	lw	a5,-24(s0)
    9350:	fcf75fe3          	bge	a4,a5,932e <finsh_thread_entry+0x3ca>
    9354:	ac2d                	j	958e <finsh_thread_entry+0x62a>
    9356:	67b1                	lui	a5,0xc
    9358:	f2c78513          	addi	a0,a5,-212 # bf2c <__malloc_unlock+0xba6>
    935c:	8e5fc0ef          	jal	ra,5c40 <rt_kprintf>
    9360:	8c01a783          	lw	a5,-1856(gp) # 200001b0 <shell>
    9364:	8c01a703          	lw	a4,-1856(gp) # 200001b0 <shell>
    9368:	21274703          	lbu	a4,530(a4)
    936c:	97ba                	add	a5,a5,a4
    936e:	1c078123          	sb	zero,450(a5)
    9372:	ac31                	j	958e <finsh_thread_entry+0x62a>
    9374:	fdf40703          	lb	a4,-33(s0)
    9378:	47b5                	li	a5,13
    937a:	00f70763          	beq	a4,a5,9388 <finsh_thread_entry+0x424>
    937e:	fdf40703          	lb	a4,-33(s0)
    9382:	47a9                	li	a5,10
    9384:	08f71163          	bne	a4,a5,9406 <finsh_thread_entry+0x4a2>
    9388:	8c01a783          	lw	a5,-1856(gp) # 200001b0 <shell>
    938c:	853e                	mv	a0,a5
    938e:	9fdff0ef          	jal	ra,8d8a <shell_push_history>
    9392:	964ff0ef          	jal	ra,84f6 <msh_is_used>
    9396:	872a                	mv	a4,a0
    9398:	4785                	li	a5,1
    939a:	02f71b63          	bne	a4,a5,93d0 <finsh_thread_entry+0x46c>
    939e:	8c01a783          	lw	a5,-1856(gp) # 200001b0 <shell>
    93a2:	02c7c783          	lbu	a5,44(a5)
    93a6:	8b85                	andi	a5,a5,1
    93a8:	0ff7f793          	andi	a5,a5,255
    93ac:	c791                	beqz	a5,93b8 <finsh_thread_entry+0x454>
    93ae:	67b1                	lui	a5,0xc
    93b0:	f0878513          	addi	a0,a5,-248 # bf08 <__malloc_unlock+0xb82>
    93b4:	88dfc0ef          	jal	ra,5c40 <rt_kprintf>
    93b8:	8c01a783          	lw	a5,-1856(gp) # 200001b0 <shell>
    93bc:	1c278713          	addi	a4,a5,450
    93c0:	8c01a783          	lw	a5,-1856(gp) # 200001b0 <shell>
    93c4:	2127c783          	lbu	a5,530(a5)
    93c8:	85be                	mv	a1,a5
    93ca:	853a                	mv	a0,a4
    93cc:	d5eff0ef          	jal	ra,892a <msh_exec>
    93d0:	fbaff0ef          	jal	ra,8b8a <finsh_get_prompt>
    93d4:	87aa                	mv	a5,a0
    93d6:	853e                	mv	a0,a5
    93d8:	869fc0ef          	jal	ra,5c40 <rt_kprintf>
    93dc:	8c01a783          	lw	a5,-1856(gp) # 200001b0 <shell>
    93e0:	1c278793          	addi	a5,a5,450
    93e4:	05000613          	li	a2,80
    93e8:	4581                	li	a1,0
    93ea:	853e                	mv	a0,a5
    93ec:	efff60ef          	jal	ra,2ea <memset>
    93f0:	8c01a783          	lw	a5,-1856(gp) # 200001b0 <shell>
    93f4:	20078923          	sb	zero,530(a5)
    93f8:	8c01a703          	lw	a4,-1856(gp) # 200001b0 <shell>
    93fc:	2127c783          	lbu	a5,530(a5)
    9400:	20f709a3          	sb	a5,531(a4)
    9404:	a269                	j	958e <finsh_thread_entry+0x62a>
    9406:	8c01a783          	lw	a5,-1856(gp) # 200001b0 <shell>
    940a:	2127c703          	lbu	a4,530(a5)
    940e:	04f00793          	li	a5,79
    9412:	00e7f663          	bgeu	a5,a4,941e <finsh_thread_entry+0x4ba>
    9416:	8c01a783          	lw	a5,-1856(gp) # 200001b0 <shell>
    941a:	20078923          	sb	zero,530(a5)
    941e:	8c01a783          	lw	a5,-1856(gp) # 200001b0 <shell>
    9422:	2137c703          	lbu	a4,531(a5)
    9426:	8c01a783          	lw	a5,-1856(gp) # 200001b0 <shell>
    942a:	2127c783          	lbu	a5,530(a5)
    942e:	0cf77763          	bgeu	a4,a5,94fc <finsh_thread_entry+0x598>
    9432:	8c01a703          	lw	a4,-1856(gp) # 200001b0 <shell>
    9436:	8c01a783          	lw	a5,-1856(gp) # 200001b0 <shell>
    943a:	2137c783          	lbu	a5,531(a5)
    943e:	0785                	addi	a5,a5,1
    9440:	1c078793          	addi	a5,a5,448
    9444:	97ba                	add	a5,a5,a4
    9446:	00278693          	addi	a3,a5,2
    944a:	8c01a703          	lw	a4,-1856(gp) # 200001b0 <shell>
    944e:	8c01a783          	lw	a5,-1856(gp) # 200001b0 <shell>
    9452:	2137c783          	lbu	a5,531(a5)
    9456:	1c078793          	addi	a5,a5,448
    945a:	97ba                	add	a5,a5,a4
    945c:	00278713          	addi	a4,a5,2
    9460:	8c01a783          	lw	a5,-1856(gp) # 200001b0 <shell>
    9464:	2127c783          	lbu	a5,530(a5)
    9468:	863e                	mv	a2,a5
    946a:	8c01a783          	lw	a5,-1856(gp) # 200001b0 <shell>
    946e:	2137c783          	lbu	a5,531(a5)
    9472:	40f607b3          	sub	a5,a2,a5
    9476:	863e                	mv	a2,a5
    9478:	85ba                	mv	a1,a4
    947a:	8536                	mv	a0,a3
    947c:	c2ffb0ef          	jal	ra,50aa <rt_memmove>
    9480:	8c01a783          	lw	a5,-1856(gp) # 200001b0 <shell>
    9484:	8c01a703          	lw	a4,-1856(gp) # 200001b0 <shell>
    9488:	21374703          	lbu	a4,531(a4)
    948c:	97ba                	add	a5,a5,a4
    948e:	fdf44703          	lbu	a4,-33(s0)
    9492:	1ce78123          	sb	a4,450(a5)
    9496:	8c01a783          	lw	a5,-1856(gp) # 200001b0 <shell>
    949a:	02c7c783          	lbu	a5,44(a5)
    949e:	8b85                	andi	a5,a5,1
    94a0:	0ff7f793          	andi	a5,a5,255
    94a4:	c38d                	beqz	a5,94c6 <finsh_thread_entry+0x562>
    94a6:	8c01a703          	lw	a4,-1856(gp) # 200001b0 <shell>
    94aa:	8c01a783          	lw	a5,-1856(gp) # 200001b0 <shell>
    94ae:	2137c783          	lbu	a5,531(a5)
    94b2:	1c078793          	addi	a5,a5,448
    94b6:	97ba                	add	a5,a5,a4
    94b8:	0789                	addi	a5,a5,2
    94ba:	85be                	mv	a1,a5
    94bc:	67b1                	lui	a5,0xc
    94be:	f3078513          	addi	a0,a5,-208 # bf30 <__malloc_unlock+0xbaa>
    94c2:	f7efc0ef          	jal	ra,5c40 <rt_kprintf>
    94c6:	8c01a783          	lw	a5,-1856(gp) # 200001b0 <shell>
    94ca:	2137c783          	lbu	a5,531(a5)
    94ce:	fef42223          	sw	a5,-28(s0)
    94d2:	a819                	j	94e8 <finsh_thread_entry+0x584>
    94d4:	67b1                	lui	a5,0xc
    94d6:	f1c78513          	addi	a0,a5,-228 # bf1c <__malloc_unlock+0xb96>
    94da:	f66fc0ef          	jal	ra,5c40 <rt_kprintf>
    94de:	fe442783          	lw	a5,-28(s0)
    94e2:	0785                	addi	a5,a5,1
    94e4:	fef42223          	sw	a5,-28(s0)
    94e8:	8c01a783          	lw	a5,-1856(gp) # 200001b0 <shell>
    94ec:	2127c783          	lbu	a5,530(a5)
    94f0:	873e                	mv	a4,a5
    94f2:	fe442783          	lw	a5,-28(s0)
    94f6:	fce7cfe3          	blt	a5,a4,94d4 <finsh_thread_entry+0x570>
    94fa:	a825                	j	9532 <finsh_thread_entry+0x5ce>
    94fc:	8c01a783          	lw	a5,-1856(gp) # 200001b0 <shell>
    9500:	8c01a703          	lw	a4,-1856(gp) # 200001b0 <shell>
    9504:	21274703          	lbu	a4,530(a4)
    9508:	97ba                	add	a5,a5,a4
    950a:	fdf44703          	lbu	a4,-33(s0)
    950e:	1ce78123          	sb	a4,450(a5)
    9512:	8c01a783          	lw	a5,-1856(gp) # 200001b0 <shell>
    9516:	02c7c783          	lbu	a5,44(a5)
    951a:	8b85                	andi	a5,a5,1
    951c:	0ff7f793          	andi	a5,a5,255
    9520:	cb89                	beqz	a5,9532 <finsh_thread_entry+0x5ce>
    9522:	fdf40783          	lb	a5,-33(s0)
    9526:	85be                	mv	a1,a5
    9528:	67b1                	lui	a5,0xc
    952a:	f2078513          	addi	a0,a5,-224 # bf20 <__malloc_unlock+0xb9a>
    952e:	f12fc0ef          	jal	ra,5c40 <rt_kprintf>
    9532:	fc040fa3          	sb	zero,-33(s0)
    9536:	8c01a783          	lw	a5,-1856(gp) # 200001b0 <shell>
    953a:	2127c703          	lbu	a4,530(a5)
    953e:	0705                	addi	a4,a4,1
    9540:	0ff77713          	andi	a4,a4,255
    9544:	20e78923          	sb	a4,530(a5)
    9548:	8c01a783          	lw	a5,-1856(gp) # 200001b0 <shell>
    954c:	2137c703          	lbu	a4,531(a5)
    9550:	0705                	addi	a4,a4,1
    9552:	0ff77713          	andi	a4,a4,255
    9556:	20e789a3          	sb	a4,531(a5)
    955a:	8c01a783          	lw	a5,-1856(gp) # 200001b0 <shell>
    955e:	2127c703          	lbu	a4,530(a5)
    9562:	04f00793          	li	a5,79
    9566:	a4e7f4e3          	bgeu	a5,a4,8fae <finsh_thread_entry+0x4a>
    956a:	8c01a783          	lw	a5,-1856(gp) # 200001b0 <shell>
    956e:	20078923          	sb	zero,530(a5)
    9572:	8c01a783          	lw	a5,-1856(gp) # 200001b0 <shell>
    9576:	200789a3          	sb	zero,531(a5)
    957a:	bc15                	j	8fae <finsh_thread_entry+0x4a>
    957c:	0001                	nop
    957e:	bc05                	j	8fae <finsh_thread_entry+0x4a>
    9580:	0001                	nop
    9582:	b435                	j	8fae <finsh_thread_entry+0x4a>
    9584:	0001                	nop
    9586:	b425                	j	8fae <finsh_thread_entry+0x4a>
    9588:	0001                	nop
    958a:	b415                	j	8fae <finsh_thread_entry+0x4a>
    958c:	0001                	nop
    958e:	b405                	j	8fae <finsh_thread_entry+0x4a>

00009590 <finsh_system_function_init>:
    9590:	1101                	addi	sp,sp,-32
    9592:	ce22                	sw	s0,28(sp)
    9594:	1000                	addi	s0,sp,32
    9596:	fea42623          	sw	a0,-20(s0)
    959a:	feb42423          	sw	a1,-24(s0)
    959e:	fec42703          	lw	a4,-20(s0)
    95a2:	8ce1a223          	sw	a4,-1852(gp) # 200001b4 <_syscall_table_begin>
    95a6:	fe842703          	lw	a4,-24(s0)
    95aa:	8ce1a423          	sw	a4,-1848(gp) # 200001b8 <_syscall_table_end>
    95ae:	0001                	nop
    95b0:	4472                	lw	s0,28(sp)
    95b2:	6105                	addi	sp,sp,32
    95b4:	8082                	ret

000095b6 <finsh_system_var_init>:
    95b6:	1101                	addi	sp,sp,-32
    95b8:	ce22                	sw	s0,28(sp)
    95ba:	1000                	addi	s0,sp,32
    95bc:	fea42623          	sw	a0,-20(s0)
    95c0:	feb42423          	sw	a1,-24(s0)
    95c4:	fec42703          	lw	a4,-20(s0)
    95c8:	8ce1a623          	sw	a4,-1844(gp) # 200001bc <_sysvar_table_begin>
    95cc:	fe842703          	lw	a4,-24(s0)
    95d0:	8ce1a823          	sw	a4,-1840(gp) # 200001c0 <_sysvar_table_end>
    95d4:	0001                	nop
    95d6:	4472                	lw	s0,28(sp)
    95d8:	6105                	addi	sp,sp,32
    95da:	8082                	ret

000095dc <finsh_system_init>:
    95dc:	1101                	addi	sp,sp,-32
    95de:	ce06                	sw	ra,28(sp)
    95e0:	cc22                	sw	s0,24(sp)
    95e2:	1000                	addi	s0,sp,32
    95e4:	fe042623          	sw	zero,-20(s0)
    95e8:	0000d7b7          	lui	a5,0xd
    95ec:	9ac78593          	addi	a1,a5,-1620 # c9ac <__rt_init_rti_start>
    95f0:	0000d7b7          	lui	a5,0xd
    95f4:	88078513          	addi	a0,a5,-1920 # c880 <__fsym_list_mem>
    95f8:	f99ff0ef          	jal	ra,9590 <finsh_system_function_init>
    95fc:	0000d7b7          	lui	a5,0xd
    9600:	9ac78593          	addi	a1,a5,-1620 # c9ac <__rt_init_rti_start>
    9604:	0000d7b7          	lui	a5,0xd
    9608:	9ac78513          	addi	a0,a5,-1620 # c9ac <__rt_init_rti_start>
    960c:	fabff0ef          	jal	ra,95b6 <finsh_system_var_init>
    9610:	21800593          	li	a1,536
    9614:	4505                	li	a0,1
    9616:	b7dfc0ef          	jal	ra,6192 <rt_calloc>
    961a:	872a                	mv	a4,a0
    961c:	8ce1a023          	sw	a4,-1856(gp) # 200001b0 <shell>
    9620:	8c01a783          	lw	a5,-1856(gp) # 200001b0 <shell>
    9624:	eb81                	bnez	a5,9634 <finsh_system_init+0x58>
    9626:	67b1                	lui	a5,0xc
    9628:	f3478513          	addi	a0,a5,-204 # bf34 <__malloc_unlock+0xbae>
    962c:	e14fc0ef          	jal	ra,5c40 <rt_kprintf>
    9630:	57fd                	li	a5,-1
    9632:	a0b9                	j	9680 <finsh_system_init+0xa4>
    9634:	47a9                	li	a5,10
    9636:	472d                	li	a4,11
    9638:	40000693          	li	a3,1024
    963c:	4601                	li	a2,0
    963e:	000095b7          	lui	a1,0x9
    9642:	f6458593          	addi	a1,a1,-156 # 8f64 <finsh_thread_entry>
    9646:	6531                	lui	a0,0xc
    9648:	f4c50513          	addi	a0,a0,-180 # bf4c <__malloc_unlock+0xbc6>
    964c:	ef8fd0ef          	jal	ra,6d44 <rt_thread_create>
    9650:	fea42423          	sw	a0,-24(s0)
    9654:	8c01a783          	lw	a5,-1856(gp) # 200001b0 <shell>
    9658:	873e                	mv	a4,a5
    965a:	4681                	li	a3,0
    965c:	4601                	li	a2,0
    965e:	67b1                	lui	a5,0xc
    9660:	f5478593          	addi	a1,a5,-172 # bf54 <__malloc_unlock+0xbce>
    9664:	853a                	mv	a0,a4
    9666:	b71fa0ef          	jal	ra,41d6 <rt_sem_init>
    966a:	fe842783          	lw	a5,-24(s0)
    966e:	cb81                	beqz	a5,967e <finsh_system_init+0xa2>
    9670:	fec42783          	lw	a5,-20(s0)
    9674:	e789                	bnez	a5,967e <finsh_system_init+0xa2>
    9676:	fe842503          	lw	a0,-24(s0)
    967a:	e6efd0ef          	jal	ra,6ce8 <rt_thread_startup>
    967e:	4781                	li	a5,0
    9680:	853e                	mv	a0,a5
    9682:	40f2                	lw	ra,28(sp)
    9684:	4462                	lw	s0,24(sp)
    9686:	6105                	addi	sp,sp,32
    9688:	8082                	ret

0000968a <_SysTick_Config>:
    968a:	7139                	addi	sp,sp,-64
    968c:	de22                	sw	s0,60(sp)
    968e:	0080                	addi	s0,sp,64
    9690:	fca42623          	sw	a0,-52(s0)
    9694:	4731                	li	a4,12
    9696:	fce42e23          	sw	a4,-36(s0)
    969a:	5741                	li	a4,-16
    969c:	fce40da3          	sb	a4,-37(s0)
    96a0:	e000e6b7          	lui	a3,0xe000e
    96a4:	fdc42703          	lw	a4,-36(s0)
    96a8:	9736                	add	a4,a4,a3
    96aa:	fdb44683          	lbu	a3,-37(s0)
    96ae:	40d70023          	sb	a3,1024(a4)
    96b2:	4739                	li	a4,14
    96b4:	fee42223          	sw	a4,-28(s0)
    96b8:	5741                	li	a4,-16
    96ba:	fee401a3          	sb	a4,-29(s0)
    96be:	e000e6b7          	lui	a3,0xe000e
    96c2:	fe442703          	lw	a4,-28(s0)
    96c6:	9736                	add	a4,a4,a3
    96c8:	fe344683          	lbu	a3,-29(s0)
    96cc:	40d70023          	sb	a3,1024(a4)
    96d0:	4731                	li	a4,12
    96d2:	fee42423          	sw	a4,-24(s0)
    96d6:	fe842703          	lw	a4,-24(s0)
    96da:	8b7d                	andi	a4,a4,31
    96dc:	4685                	li	a3,1
    96de:	00e69633          	sll	a2,a3,a4
    96e2:	e000e6b7          	lui	a3,0xe000e
    96e6:	fe842703          	lw	a4,-24(s0)
    96ea:	8315                	srli	a4,a4,0x5
    96ec:	04070713          	addi	a4,a4,64
    96f0:	070a                	slli	a4,a4,0x2
    96f2:	9736                	add	a4,a4,a3
    96f4:	c310                	sw	a2,0(a4)
    96f6:	4739                	li	a4,14
    96f8:	fee42623          	sw	a4,-20(s0)
    96fc:	fec42703          	lw	a4,-20(s0)
    9700:	8b7d                	andi	a4,a4,31
    9702:	4685                	li	a3,1
    9704:	00e69633          	sll	a2,a3,a4
    9708:	e000e6b7          	lui	a3,0xe000e
    970c:	fec42703          	lw	a4,-20(s0)
    9710:	8315                	srli	a4,a4,0x5
    9712:	04070713          	addi	a4,a4,64
    9716:	070a                	slli	a4,a4,0x2
    9718:	9736                	add	a4,a4,a3
    971a:	c310                	sw	a2,0(a4)
    971c:	e000f737          	lui	a4,0xe000f
    9720:	00072023          	sw	zero,0(a4) # e000f000 <_eusrstack+0xc000a000>
    9724:	e000f737          	lui	a4,0xe000f
    9728:	00072223          	sw	zero,4(a4) # e000f004 <_eusrstack+0xc000a004>
    972c:	e000f737          	lui	a4,0xe000f
    9730:	4601                	li	a2,0
    9732:	4681                	li	a3,0
    9734:	c710                	sw	a2,8(a4)
    9736:	c754                	sw	a3,12(a4)
    9738:	fcc42703          	lw	a4,-52(s0)
    973c:	fff70693          	addi	a3,a4,-1 # e000efff <_eusrstack+0xc0009fff>
    9740:	e000f737          	lui	a4,0xe000f
    9744:	87b6                	mv	a5,a3
    9746:	4801                	li	a6,0
    9748:	cb1c                	sw	a5,16(a4)
    974a:	01072a23          	sw	a6,20(a4) # e000f014 <_eusrstack+0xc000a014>
    974e:	e000f7b7          	lui	a5,0xe000f
    9752:	473d                	li	a4,15
    9754:	c398                	sw	a4,0(a5)
    9756:	4781                	li	a5,0
    9758:	853e                	mv	a0,a5
    975a:	5472                	lw	s0,60(sp)
    975c:	6121                	addi	sp,sp,64
    975e:	8082                	ret

00009760 <rt_heap_begin_get>:
    9760:	1141                	addi	sp,sp,-16
    9762:	c622                	sw	s0,12(sp)
    9764:	0800                	addi	s0,sp,16
    9766:	200007b7          	lui	a5,0x20000
    976a:	71478793          	addi	a5,a5,1812 # 20000714 <rt_heap>
    976e:	853e                	mv	a0,a5
    9770:	4432                	lw	s0,12(sp)
    9772:	0141                	addi	sp,sp,16
    9774:	8082                	ret

00009776 <rt_heap_end_get>:
    9776:	1141                	addi	sp,sp,-16
    9778:	c622                	sw	s0,12(sp)
    977a:	0800                	addi	s0,sp,16
    977c:	200027b7          	lui	a5,0x20002
    9780:	71478793          	addi	a5,a5,1812 # 20002714 <g_adc_reg_value>
    9784:	853e                	mv	a0,a5
    9786:	4432                	lw	s0,12(sp)
    9788:	0141                	addi	sp,sp,16
    978a:	8082                	ret

0000978c <rt_hw_board_init>:
    978c:	1101                	addi	sp,sp,-32
    978e:	ce06                	sw	ra,28(sp)
    9790:	cc22                	sw	s0,24(sp)
    9792:	ca26                	sw	s1,20(sp)
    9794:	1000                	addi	s0,sp,32
    9796:	8081a703          	lw	a4,-2040(gp) # 200000f8 <SystemCoreClock>
    979a:	3e800793          	li	a5,1000
    979e:	02f757b3          	divu	a5,a4,a5
    97a2:	853e                	mv	a0,a5
    97a4:	ee7ff0ef          	jal	ra,968a <_SysTick_Config>
    97a8:	b2efa0ef          	jal	ra,3ad6 <rt_components_board_init>
    97ac:	fb5ff0ef          	jal	ra,9760 <rt_heap_begin_get>
    97b0:	84aa                	mv	s1,a0
    97b2:	fc5ff0ef          	jal	ra,9776 <rt_heap_end_get>
    97b6:	87aa                	mv	a5,a0
    97b8:	85be                	mv	a1,a5
    97ba:	8526                	mv	a0,s1
    97bc:	eaafc0ef          	jal	ra,5e66 <rt_system_heap_init>
    97c0:	000e1537          	lui	a0,0xe1
    97c4:	729000ef          	jal	ra,a6ec <uart3_init>
    97c8:	4605                	li	a2,1
    97ca:	52500593          	li	a1,1317
    97ce:	400057b7          	lui	a5,0x40005
    97d2:	80078513          	addi	a0,a5,-2048 # 40004800 <_eusrstack+0x1ffff800>
    97d6:	dfff70ef          	jal	ra,15d4 <USART_ITConfig>
    97da:	03700793          	li	a5,55
    97de:	fef42423          	sw	a5,-24(s0)
    97e2:	fe0403a3          	sb	zero,-25(s0)
    97e6:	e000e737          	lui	a4,0xe000e
    97ea:	fe842783          	lw	a5,-24(s0)
    97ee:	97ba                	add	a5,a5,a4
    97f0:	fe744703          	lbu	a4,-25(s0)
    97f4:	40e78023          	sb	a4,1024(a5)
    97f8:	03700793          	li	a5,55
    97fc:	fef42623          	sw	a5,-20(s0)
    9800:	fec42783          	lw	a5,-20(s0)
    9804:	8bfd                	andi	a5,a5,31
    9806:	4705                	li	a4,1
    9808:	00f716b3          	sll	a3,a4,a5
    980c:	e000e737          	lui	a4,0xe000e
    9810:	fec42783          	lw	a5,-20(s0)
    9814:	8395                	srli	a5,a5,0x5
    9816:	04078793          	addi	a5,a5,64
    981a:	078a                	slli	a5,a5,0x2
    981c:	97ba                	add	a5,a5,a4
    981e:	c394                	sw	a3,0(a5)
    9820:	4601                	li	a2,0
    9822:	45a9                	li	a1,10
    9824:	67b1                	lui	a5,0xc
    9826:	f5c78513          	addi	a0,a5,-164 # bf5c <__malloc_unlock+0xbd6>
    982a:	9eafb0ef          	jal	ra,4a14 <rt_mb_create>
    982e:	872a                	mv	a4,a0
    9830:	8ce1aa23          	sw	a4,-1836(gp) # 200001c4 <uart_mb>
    9834:	0001                	nop
    9836:	40f2                	lw	ra,28(sp)
    9838:	4462                	lw	s0,24(sp)
    983a:	44d2                	lw	s1,20(sp)
    983c:	6105                	addi	sp,sp,32
    983e:	8082                	ret

00009840 <rt_hw_console_output>:
    9840:	1101                	addi	sp,sp,-32
    9842:	ce22                	sw	s0,28(sp)
    9844:	1000                	addi	s0,sp,32
    9846:	fea42623          	sw	a0,-20(s0)
    984a:	a09d                	j	98b0 <rt_hw_console_output+0x70>
    984c:	fec42783          	lw	a5,-20(s0)
    9850:	00078703          	lb	a4,0(a5)
    9854:	47a9                	li	a5,10
    9856:	02f71363          	bne	a4,a5,987c <rt_hw_console_output+0x3c>
    985a:	0001                	nop
    985c:	400057b7          	lui	a5,0x40005
    9860:	80078793          	addi	a5,a5,-2048 # 40004800 <_eusrstack+0x1ffff800>
    9864:	239e                	lhu	a5,0(a5)
    9866:	07c2                	slli	a5,a5,0x10
    9868:	83c1                	srli	a5,a5,0x10
    986a:	0807f793          	andi	a5,a5,128
    986e:	d7fd                	beqz	a5,985c <rt_hw_console_output+0x1c>
    9870:	400057b7          	lui	a5,0x40005
    9874:	80078793          	addi	a5,a5,-2048 # 40004800 <_eusrstack+0x1ffff800>
    9878:	4735                	li	a4,13
    987a:	a3da                	sh	a4,4(a5)
    987c:	0001                	nop
    987e:	400057b7          	lui	a5,0x40005
    9882:	80078793          	addi	a5,a5,-2048 # 40004800 <_eusrstack+0x1ffff800>
    9886:	239e                	lhu	a5,0(a5)
    9888:	07c2                	slli	a5,a5,0x10
    988a:	83c1                	srli	a5,a5,0x10
    988c:	0807f793          	andi	a5,a5,128
    9890:	d7fd                	beqz	a5,987e <rt_hw_console_output+0x3e>
    9892:	fec42783          	lw	a5,-20(s0)
    9896:	00178713          	addi	a4,a5,1
    989a:	fee42623          	sw	a4,-20(s0)
    989e:	00078703          	lb	a4,0(a5)
    98a2:	400057b7          	lui	a5,0x40005
    98a6:	80078793          	addi	a5,a5,-2048 # 40004800 <_eusrstack+0x1ffff800>
    98aa:	0742                	slli	a4,a4,0x10
    98ac:	8341                	srli	a4,a4,0x10
    98ae:	a3da                	sh	a4,4(a5)
    98b0:	fec42783          	lw	a5,-20(s0)
    98b4:	00078783          	lb	a5,0(a5)
    98b8:	fbd1                	bnez	a5,984c <rt_hw_console_output+0xc>
    98ba:	0001                	nop
    98bc:	4472                	lw	s0,28(sp)
    98be:	6105                	addi	sp,sp,32
    98c0:	8082                	ret

000098c2 <rt_hw_console_getchar>:
    98c2:	1101                	addi	sp,sp,-32
    98c4:	ce06                	sw	ra,28(sp)
    98c6:	cc22                	sw	s0,24(sp)
    98c8:	1000                	addi	s0,sp,32
    98ca:	8d41a783          	lw	a5,-1836(gp) # 200001c4 <uart_mb>
    98ce:	fec40713          	addi	a4,s0,-20
    98d2:	567d                	li	a2,-1
    98d4:	85ba                	mv	a1,a4
    98d6:	853e                	mv	a0,a5
    98d8:	be4fb0ef          	jal	ra,4cbc <rt_mb_recv>
    98dc:	fec42783          	lw	a5,-20(s0)
    98e0:	07e2                	slli	a5,a5,0x18
    98e2:	87e1                	srai	a5,a5,0x18
    98e4:	853e                	mv	a0,a5
    98e6:	40f2                	lw	ra,28(sp)
    98e8:	4462                	lw	s0,24(sp)
    98ea:	6105                	addi	sp,sp,32
    98ec:	8082                	ret

000098ee <SysTick_Handler>:
    98ee:	715d                	addi	sp,sp,-80
    98f0:	c686                	sw	ra,76(sp)
    98f2:	c496                	sw	t0,72(sp)
    98f4:	c29a                	sw	t1,68(sp)
    98f6:	c09e                	sw	t2,64(sp)
    98f8:	de22                	sw	s0,60(sp)
    98fa:	dc2a                	sw	a0,56(sp)
    98fc:	da2e                	sw	a1,52(sp)
    98fe:	d832                	sw	a2,48(sp)
    9900:	d636                	sw	a3,44(sp)
    9902:	d43a                	sw	a4,40(sp)
    9904:	d23e                	sw	a5,36(sp)
    9906:	d042                	sw	a6,32(sp)
    9908:	ce46                	sw	a7,28(sp)
    990a:	cc72                	sw	t3,24(sp)
    990c:	ca76                	sw	t4,20(sp)
    990e:	c87a                	sw	t5,16(sp)
    9910:	c67e                	sw	t6,12(sp)
    9912:	0880                	addi	s0,sp,80
    9914:	34011173          	csrrw	sp,mscratch,sp
    9918:	d94fb0ef          	jal	ra,4eac <rt_interrupt_enter>
    991c:	e000f7b7          	lui	a5,0xe000f
    9920:	0007a223          	sw	zero,4(a5) # e000f004 <_eusrstack+0xc000a004>
    9924:	8b6fa0ef          	jal	ra,39da <rt_tick_increase>
    9928:	dc4fb0ef          	jal	ra,4eec <rt_interrupt_leave>
    992c:	34011173          	csrrw	sp,mscratch,sp
    9930:	0001                	nop
    9932:	40b6                	lw	ra,76(sp)
    9934:	42a6                	lw	t0,72(sp)
    9936:	4316                	lw	t1,68(sp)
    9938:	4386                	lw	t2,64(sp)
    993a:	5472                	lw	s0,60(sp)
    993c:	5562                	lw	a0,56(sp)
    993e:	55d2                	lw	a1,52(sp)
    9940:	5642                	lw	a2,48(sp)
    9942:	56b2                	lw	a3,44(sp)
    9944:	5722                	lw	a4,40(sp)
    9946:	5792                	lw	a5,36(sp)
    9948:	5802                	lw	a6,32(sp)
    994a:	48f2                	lw	a7,28(sp)
    994c:	4e62                	lw	t3,24(sp)
    994e:	4ed2                	lw	t4,20(sp)
    9950:	4f42                	lw	t5,16(sp)
    9952:	4fb2                	lw	t6,12(sp)
    9954:	6161                	addi	sp,sp,80
    9956:	30200073          	mret

0000995a <USART3_IRQHandler>:
    995a:	711d                	addi	sp,sp,-96
    995c:	ce86                	sw	ra,92(sp)
    995e:	cc96                	sw	t0,88(sp)
    9960:	ca9a                	sw	t1,84(sp)
    9962:	c89e                	sw	t2,80(sp)
    9964:	c6a2                	sw	s0,76(sp)
    9966:	c4aa                	sw	a0,72(sp)
    9968:	c2ae                	sw	a1,68(sp)
    996a:	c0b2                	sw	a2,64(sp)
    996c:	de36                	sw	a3,60(sp)
    996e:	dc3a                	sw	a4,56(sp)
    9970:	da3e                	sw	a5,52(sp)
    9972:	d842                	sw	a6,48(sp)
    9974:	d646                	sw	a7,44(sp)
    9976:	d472                	sw	t3,40(sp)
    9978:	d276                	sw	t4,36(sp)
    997a:	d07a                	sw	t5,32(sp)
    997c:	ce7e                	sw	t6,28(sp)
    997e:	1080                	addi	s0,sp,96
    9980:	34011173          	csrrw	sp,mscratch,sp
    9984:	d28fb0ef          	jal	ra,4eac <rt_interrupt_enter>
    9988:	52500593          	li	a1,1317
    998c:	400057b7          	lui	a5,0x40005
    9990:	80078513          	addi	a0,a5,-2048 # 40004800 <_eusrstack+0x1ffff800>
    9994:	d75f70ef          	jal	ra,1708 <USART_GetITStatus>
    9998:	87aa                	mv	a5,a0
    999a:	cf8d                	beqz	a5,99d4 <USART3_IRQHandler+0x7a>
    999c:	0001                	nop
    999e:	400057b7          	lui	a5,0x40005
    99a2:	80078793          	addi	a5,a5,-2048 # 40004800 <_eusrstack+0x1ffff800>
    99a6:	239e                	lhu	a5,0(a5)
    99a8:	07c2                	slli	a5,a5,0x10
    99aa:	83c1                	srli	a5,a5,0x10
    99ac:	0207f793          	andi	a5,a5,32
    99b0:	d7fd                	beqz	a5,999e <USART3_IRQHandler+0x44>
    99b2:	400057b7          	lui	a5,0x40005
    99b6:	80078793          	addi	a5,a5,-2048 # 40004800 <_eusrstack+0x1ffff800>
    99ba:	23de                	lhu	a5,4(a5)
    99bc:	07c2                	slli	a5,a5,0x10
    99be:	83c1                	srli	a5,a5,0x10
    99c0:	faf407a3          	sb	a5,-81(s0)
    99c4:	8d41a783          	lw	a5,-1836(gp) # 200001c4 <uart_mb>
    99c8:	faf44703          	lbu	a4,-81(s0)
    99cc:	85ba                	mv	a1,a4
    99ce:	853e                	mv	a0,a5
    99d0:	ac2fb0ef          	jal	ra,4c92 <rt_mb_send>
    99d4:	d18fb0ef          	jal	ra,4eec <rt_interrupt_leave>
    99d8:	34011173          	csrrw	sp,mscratch,sp
    99dc:	0001                	nop
    99de:	40f6                	lw	ra,92(sp)
    99e0:	42e6                	lw	t0,88(sp)
    99e2:	4356                	lw	t1,84(sp)
    99e4:	43c6                	lw	t2,80(sp)
    99e6:	4436                	lw	s0,76(sp)
    99e8:	4526                	lw	a0,72(sp)
    99ea:	4596                	lw	a1,68(sp)
    99ec:	4606                	lw	a2,64(sp)
    99ee:	56f2                	lw	a3,60(sp)
    99f0:	5762                	lw	a4,56(sp)
    99f2:	57d2                	lw	a5,52(sp)
    99f4:	5842                	lw	a6,48(sp)
    99f6:	58b2                	lw	a7,44(sp)
    99f8:	5e22                	lw	t3,40(sp)
    99fa:	5e92                	lw	t4,36(sp)
    99fc:	5f02                	lw	t5,32(sp)
    99fe:	4ff2                	lw	t6,28(sp)
    9a00:	6125                	addi	sp,sp,96
    9a02:	30200073          	mret

00009a06 <adc_dma_init>:
    9a06:	711d                	addi	sp,sp,-96
    9a08:	ce86                	sw	ra,92(sp)
    9a0a:	cca2                	sw	s0,88(sp)
    9a0c:	1080                	addi	s0,sp,96
    9a0e:	fc042823          	sw	zero,-48(s0)
    9a12:	fc042a23          	sw	zero,-44(s0)
    9a16:	fc042c23          	sw	zero,-40(s0)
    9a1a:	fc042e23          	sw	zero,-36(s0)
    9a1e:	fe042023          	sw	zero,-32(s0)
    9a22:	fe042223          	sw	zero,-28(s0)
    9a26:	fe042423          	sw	zero,-24(s0)
    9a2a:	fe042623          	sw	zero,-20(s0)
    9a2e:	4585                	li	a1,1
    9a30:	20000513          	li	a0,512
    9a34:	f82f70ef          	jal	ra,11b6 <RCC_APB2PeriphClockCmd>
    9a38:	6531                	lui	a0,0xc
    9a3a:	ca8f70ef          	jal	ra,ee2 <RCC_ADCCLKConfig>
    9a3e:	400127b7          	lui	a5,0x40012
    9a42:	40078513          	addi	a0,a5,1024 # 40012400 <_eusrstack+0x2000d400>
    9a46:	a47f60ef          	jal	ra,48c <ADC_DeInit>
    9a4a:	fc042823          	sw	zero,-48(s0)
    9a4e:	4785                	li	a5,1
    9a50:	fcf42a23          	sw	a5,-44(s0)
    9a54:	4785                	li	a5,1
    9a56:	fcf42c23          	sw	a5,-40(s0)
    9a5a:	000e07b7          	lui	a5,0xe0
    9a5e:	fcf42e23          	sw	a5,-36(s0)
    9a62:	fe042023          	sw	zero,-32(s0)
    9a66:	4795                	li	a5,5
    9a68:	fef40223          	sb	a5,-28(s0)
    9a6c:	fd040793          	addi	a5,s0,-48
    9a70:	85be                	mv	a1,a5
    9a72:	400127b7          	lui	a5,0x40012
    9a76:	40078513          	addi	a0,a5,1024 # 40012400 <_eusrstack+0x2000d400>
    9a7a:	a73f60ef          	jal	ra,4ec <ADC_Init>
    9a7e:	4585                	li	a1,1
    9a80:	400127b7          	lui	a5,0x40012
    9a84:	40078513          	addi	a0,a5,1024 # 40012400 <_eusrstack+0x2000d400>
    9a88:	ba3f60ef          	jal	ra,62a <ADC_DMACmd>
    9a8c:	4585                	li	a1,1
    9a8e:	400127b7          	lui	a5,0x40012
    9a92:	40078513          	addi	a0,a5,1024 # 40012400 <_eusrstack+0x2000d400>
    9a96:	b57f60ef          	jal	ra,5ec <ADC_Cmd>
    9a9a:	400127b7          	lui	a5,0x40012
    9a9e:	40078513          	addi	a0,a5,1024 # 40012400 <_eusrstack+0x2000d400>
    9aa2:	bc7f60ef          	jal	ra,668 <ADC_ResetCalibration>
    9aa6:	a021                	j	9aae <adc_dma_init+0xa8>
    9aa8:	4505                	li	a0,1
    9aaa:	c80fd0ef          	jal	ra,6f2a <rt_thread_mdelay>
    9aae:	400127b7          	lui	a5,0x40012
    9ab2:	40078513          	addi	a0,a5,1024 # 40012400 <_eusrstack+0x2000d400>
    9ab6:	bd5f60ef          	jal	ra,68a <ADC_GetResetCalibrationStatus>
    9aba:	87aa                	mv	a5,a0
    9abc:	f7f5                	bnez	a5,9aa8 <adc_dma_init+0xa2>
    9abe:	400127b7          	lui	a5,0x40012
    9ac2:	40078513          	addi	a0,a5,1024 # 40012400 <_eusrstack+0x2000d400>
    9ac6:	bf5f60ef          	jal	ra,6ba <ADC_StartCalibration>
    9aca:	a021                	j	9ad2 <adc_dma_init+0xcc>
    9acc:	4505                	li	a0,1
    9ace:	c5cfd0ef          	jal	ra,6f2a <rt_thread_mdelay>
    9ad2:	400127b7          	lui	a5,0x40012
    9ad6:	40078513          	addi	a0,a5,1024 # 40012400 <_eusrstack+0x2000d400>
    9ada:	c03f60ef          	jal	ra,6dc <ADC_GetCalibrationStatus>
    9ade:	87aa                	mv	a5,a0
    9ae0:	f7f5                	bnez	a5,9acc <adc_dma_init+0xc6>
    9ae2:	fa042223          	sw	zero,-92(s0)
    9ae6:	fa042423          	sw	zero,-88(s0)
    9aea:	fa042623          	sw	zero,-84(s0)
    9aee:	fa042823          	sw	zero,-80(s0)
    9af2:	fa042a23          	sw	zero,-76(s0)
    9af6:	fa042c23          	sw	zero,-72(s0)
    9afa:	fa042e23          	sw	zero,-68(s0)
    9afe:	fc042023          	sw	zero,-64(s0)
    9b02:	fc042223          	sw	zero,-60(s0)
    9b06:	fc042423          	sw	zero,-56(s0)
    9b0a:	fc042623          	sw	zero,-52(s0)
    9b0e:	4585                	li	a1,1
    9b10:	4505                	li	a0,1
    9b12:	e5ef70ef          	jal	ra,1170 <RCC_AHBPeriphClockCmd>
    9b16:	400207b7          	lui	a5,0x40020
    9b1a:	00878513          	addi	a0,a5,8 # 40020008 <_eusrstack+0x2001b008>
    9b1e:	e7bf60ef          	jal	ra,998 <DMA_DeInit>
    9b22:	400127b7          	lui	a5,0x40012
    9b26:	44c78793          	addi	a5,a5,1100 # 4001244c <_eusrstack+0x2000d44c>
    9b2a:	faf42223          	sw	a5,-92(s0)
    9b2e:	200027b7          	lui	a5,0x20002
    9b32:	71478793          	addi	a5,a5,1812 # 20002714 <g_adc_reg_value>
    9b36:	faf42423          	sw	a5,-88(s0)
    9b3a:	fa042623          	sw	zero,-84(s0)
    9b3e:	4795                	li	a5,5
    9b40:	faf42823          	sw	a5,-80(s0)
    9b44:	fa042a23          	sw	zero,-76(s0)
    9b48:	08000793          	li	a5,128
    9b4c:	faf42c23          	sw	a5,-72(s0)
    9b50:	10000793          	li	a5,256
    9b54:	faf42e23          	sw	a5,-68(s0)
    9b58:	40000793          	li	a5,1024
    9b5c:	fcf42023          	sw	a5,-64(s0)
    9b60:	02000793          	li	a5,32
    9b64:	fcf42223          	sw	a5,-60(s0)
    9b68:	678d                	lui	a5,0x3
    9b6a:	fcf42423          	sw	a5,-56(s0)
    9b6e:	fc042623          	sw	zero,-52(s0)
    9b72:	fa440793          	addi	a5,s0,-92
    9b76:	85be                	mv	a1,a5
    9b78:	400207b7          	lui	a5,0x40020
    9b7c:	00878513          	addi	a0,a5,8 # 40020008 <_eusrstack+0x2001b008>
    9b80:	f71f60ef          	jal	ra,af0 <DMA_Init>
    9b84:	4585                	li	a1,1
    9b86:	400207b7          	lui	a5,0x40020
    9b8a:	00878513          	addi	a0,a5,8 # 40020008 <_eusrstack+0x2001b008>
    9b8e:	80af70ef          	jal	ra,b98 <DMA_Cmd>
    9b92:	469d                	li	a3,7
    9b94:	4605                	li	a2,1
    9b96:	4581                	li	a1,0
    9b98:	400127b7          	lui	a5,0x40012
    9b9c:	40078513          	addi	a0,a5,1024 # 40012400 <_eusrstack+0x2000d400>
    9ba0:	bb1f60ef          	jal	ra,750 <ADC_RegularChannelConfig>
    9ba4:	469d                	li	a3,7
    9ba6:	4609                	li	a2,2
    9ba8:	4585                	li	a1,1
    9baa:	400127b7          	lui	a5,0x40012
    9bae:	40078513          	addi	a0,a5,1024 # 40012400 <_eusrstack+0x2000d400>
    9bb2:	b9ff60ef          	jal	ra,750 <ADC_RegularChannelConfig>
    9bb6:	469d                	li	a3,7
    9bb8:	460d                	li	a2,3
    9bba:	459d                	li	a1,7
    9bbc:	400127b7          	lui	a5,0x40012
    9bc0:	40078513          	addi	a0,a5,1024 # 40012400 <_eusrstack+0x2000d400>
    9bc4:	b8df60ef          	jal	ra,750 <ADC_RegularChannelConfig>
    9bc8:	469d                	li	a3,7
    9bca:	4611                	li	a2,4
    9bcc:	4599                	li	a1,6
    9bce:	400127b7          	lui	a5,0x40012
    9bd2:	40078513          	addi	a0,a5,1024 # 40012400 <_eusrstack+0x2000d400>
    9bd6:	b7bf60ef          	jal	ra,750 <ADC_RegularChannelConfig>
    9bda:	469d                	li	a3,7
    9bdc:	4615                	li	a2,5
    9bde:	4591                	li	a1,4
    9be0:	400127b7          	lui	a5,0x40012
    9be4:	40078513          	addi	a0,a5,1024 # 40012400 <_eusrstack+0x2000d400>
    9be8:	b69f60ef          	jal	ra,750 <ADC_RegularChannelConfig>
    9bec:	4585                	li	a1,1
    9bee:	400127b7          	lui	a5,0x40012
    9bf2:	40078513          	addi	a0,a5,1024 # 40012400 <_eusrstack+0x2000d400>
    9bf6:	b17f60ef          	jal	ra,70c <ADC_SoftwareStartConvCmd>
    9bfa:	4529                	li	a0,10
    9bfc:	b2efd0ef          	jal	ra,6f2a <rt_thread_mdelay>
    9c00:	0001                	nop
    9c02:	40f6                	lw	ra,92(sp)
    9c04:	4466                	lw	s0,88(sp)
    9c06:	6125                	addi	sp,sp,96
    9c08:	8082                	ret

00009c0a <get_battery_adc>:
    9c0a:	1141                	addi	sp,sp,-16
    9c0c:	c622                	sw	s0,12(sp)
    9c0e:	0800                	addi	s0,sp,16
    9c10:	200027b7          	lui	a5,0x20002
    9c14:	71478793          	addi	a5,a5,1812 # 20002714 <g_adc_reg_value>
    9c18:	279e                	lhu	a5,8(a5)
    9c1a:	853e                	mv	a0,a5
    9c1c:	4432                	lw	s0,12(sp)
    9c1e:	0141                	addi	sp,sp,16
    9c20:	8082                	ret

00009c22 <battery_thread>:
    9c22:	7179                	addi	sp,sp,-48
    9c24:	d606                	sw	ra,44(sp)
    9c26:	d422                	sw	s0,40(sp)
    9c28:	1800                	addi	s0,sp,48
    9c2a:	fca42e23          	sw	a0,-36(s0)
    9c2e:	fe041423          	sh	zero,-24(s0)
    9c32:	fe041723          	sh	zero,-18(s0)
    9c36:	fe0406a3          	sb	zero,-19(s0)
    9c3a:	fe041523          	sh	zero,-22(s0)
    9c3e:	fcdff0ef          	jal	ra,9c0a <get_battery_adc>
    9c42:	87aa                	mv	a5,a0
    9c44:	853e                	mv	a0,a5
    9c46:	30e010ef          	jal	ra,af54 <__floatunsisf>
    9c4a:	872a                	mv	a4,a0
    9c4c:	67b1                	lui	a5,0xc
    9c4e:	fa87a583          	lw	a1,-88(a5) # bfa8 <__malloc_unlock+0xc22>
    9c52:	853a                	mv	a0,a4
    9c54:	56d000ef          	jal	ra,a9c0 <__divsf3>
    9c58:	87aa                	mv	a5,a0
    9c5a:	873e                	mv	a4,a5
    9c5c:	67b1                	lui	a5,0xc
    9c5e:	fac7a583          	lw	a1,-84(a5) # bfac <__malloc_unlock+0xc26>
    9c62:	853a                	mv	a0,a4
    9c64:	00a010ef          	jal	ra,ac6e <__mulsf3>
    9c68:	87aa                	mv	a5,a0
    9c6a:	873e                	mv	a4,a5
    9c6c:	67b1                	lui	a5,0xc
    9c6e:	fb07a583          	lw	a1,-80(a5) # bfb0 <__malloc_unlock+0xc2a>
    9c72:	853a                	mv	a0,a4
    9c74:	7fb000ef          	jal	ra,ac6e <__mulsf3>
    9c78:	87aa                	mv	a5,a0
    9c7a:	853e                	mv	a0,a5
    9c7c:	282010ef          	jal	ra,aefe <__fixunssfsi>
    9c80:	87aa                	mv	a5,a0
    9c82:	fef41423          	sh	a5,-24(s0)
    9c86:	fe845703          	lhu	a4,-24(s0)
    9c8a:	6785                	lui	a5,0x1
    9c8c:	e7378793          	addi	a5,a5,-397 # e73 <GPIO_ReadInputDataBit+0x3b>
    9c90:	04e7e063          	bltu	a5,a4,9cd0 <battery_thread+0xae>
    9c94:	fe845703          	lhu	a4,-24(s0)
    9c98:	06400793          	li	a5,100
    9c9c:	02e7fa63          	bgeu	a5,a4,9cd0 <battery_thread+0xae>
    9ca0:	fee45783          	lhu	a5,-18(s0)
    9ca4:	0785                	addi	a5,a5,1
    9ca6:	fef41723          	sh	a5,-18(s0)
    9caa:	fee45703          	lhu	a4,-18(s0)
    9cae:	12c00793          	li	a5,300
    9cb2:	02e7f163          	bgeu	a5,a4,9cd4 <battery_thread+0xb2>
    9cb6:	4785                	li	a5,1
    9cb8:	fef406a3          	sb	a5,-19(s0)
    9cbc:	8e41a783          	lw	a5,-1820(gp) # 200001d4 <led_event>
    9cc0:	02000593          	li	a1,32
    9cc4:	853e                	mv	a0,a5
    9cc6:	a75fa0ef          	jal	ra,473a <rt_event_send>
    9cca:	fe041723          	sh	zero,-18(s0)
    9cce:	a019                	j	9cd4 <battery_thread+0xb2>
    9cd0:	fe041723          	sh	zero,-18(s0)
    9cd4:	fed44703          	lbu	a4,-19(s0)
    9cd8:	4785                	li	a5,1
    9cda:	02f71863          	bne	a4,a5,9d0a <battery_thread+0xe8>
    9cde:	06400513          	li	a0,100
    9ce2:	a48fd0ef          	jal	ra,6f2a <rt_thread_mdelay>
    9ce6:	8e41a783          	lw	a5,-1820(gp) # 200001d4 <led_event>
    9cea:	04000593          	li	a1,64
    9cee:	853e                	mv	a0,a5
    9cf0:	a4bfa0ef          	jal	ra,473a <rt_event_send>
    9cf4:	06400513          	li	a0,100
    9cf8:	a32fd0ef          	jal	ra,6f2a <rt_thread_mdelay>
    9cfc:	8e41a783          	lw	a5,-1820(gp) # 200001d4 <led_event>
    9d00:	02000593          	li	a1,32
    9d04:	853e                	mv	a0,a5
    9d06:	a35fa0ef          	jal	ra,473a <rt_event_send>
    9d0a:	fe845703          	lhu	a4,-24(s0)
    9d0e:	6785                	lui	a5,0x1
    9d10:	0791                	addi	a5,a5,4
    9d12:	02e7fd63          	bgeu	a5,a4,9d4c <battery_thread+0x12a>
    9d16:	fed44703          	lbu	a4,-19(s0)
    9d1a:	4785                	li	a5,1
    9d1c:	02f71863          	bne	a4,a5,9d4c <battery_thread+0x12a>
    9d20:	fea45783          	lhu	a5,-22(s0)
    9d24:	0785                	addi	a5,a5,1
    9d26:	fef41523          	sh	a5,-22(s0)
    9d2a:	fea45703          	lhu	a4,-22(s0)
    9d2e:	47bd                	li	a5,15
    9d30:	02e7f063          	bgeu	a5,a4,9d50 <battery_thread+0x12e>
    9d34:	fe0406a3          	sb	zero,-19(s0)
    9d38:	8e41a783          	lw	a5,-1820(gp) # 200001d4 <led_event>
    9d3c:	04000593          	li	a1,64
    9d40:	853e                	mv	a0,a5
    9d42:	9f9fa0ef          	jal	ra,473a <rt_event_send>
    9d46:	fe041523          	sh	zero,-22(s0)
    9d4a:	a019                	j	9d50 <battery_thread+0x12e>
    9d4c:	fe041523          	sh	zero,-22(s0)
    9d50:	4529                	li	a0,10
    9d52:	9d8fd0ef          	jal	ra,6f2a <rt_thread_mdelay>
    9d56:	b5e5                	j	9c3e <battery_thread+0x1c>

00009d58 <battery_thread_create>:
    9d58:	1141                	addi	sp,sp,-16
    9d5a:	c606                	sw	ra,12(sp)
    9d5c:	c422                	sw	s0,8(sp)
    9d5e:	0800                	addi	s0,sp,16
    9d60:	06400793          	li	a5,100
    9d64:	4709                	li	a4,2
    9d66:	20000693          	li	a3,512
    9d6a:	4601                	li	a2,0
    9d6c:	0000a5b7          	lui	a1,0xa
    9d70:	c2258593          	addi	a1,a1,-990 # 9c22 <battery_thread>
    9d74:	6531                	lui	a0,0xc
    9d76:	f6450513          	addi	a0,a0,-156 # bf64 <__malloc_unlock+0xbde>
    9d7a:	fcbfc0ef          	jal	ra,6d44 <rt_thread_create>
    9d7e:	872a                	mv	a4,a0
    9d80:	8ce1ac23          	sw	a4,-1832(gp) # 200001c8 <td_battery>
    9d84:	8d81a783          	lw	a5,-1832(gp) # 200001c8 <td_battery>
    9d88:	cf89                	beqz	a5,9da2 <battery_thread_create+0x4a>
    9d8a:	67b1                	lui	a5,0xc
    9d8c:	f6c78513          	addi	a0,a5,-148 # bf6c <__malloc_unlock+0xbe6>
    9d90:	eb1fb0ef          	jal	ra,5c40 <rt_kprintf>
    9d94:	8d81a783          	lw	a5,-1832(gp) # 200001c8 <td_battery>
    9d98:	853e                	mv	a0,a5
    9d9a:	f4ffc0ef          	jal	ra,6ce8 <rt_thread_startup>
    9d9e:	4781                	li	a5,0
    9da0:	a039                	j	9dae <battery_thread_create+0x56>
    9da2:	67b1                	lui	a5,0xc
    9da4:	f8878513          	addi	a0,a5,-120 # bf88 <__malloc_unlock+0xc02>
    9da8:	e99fb0ef          	jal	ra,5c40 <rt_kprintf>
    9dac:	4785                	li	a5,1
    9dae:	853e                	mv	a0,a5
    9db0:	40b2                	lw	ra,12(sp)
    9db2:	4422                	lw	s0,8(sp)
    9db4:	0141                	addi	sp,sp,16
    9db6:	8082                	ret

00009db8 <battery_init>:
    9db8:	1101                	addi	sp,sp,-32
    9dba:	ce06                	sw	ra,28(sp)
    9dbc:	cc22                	sw	s0,24(sp)
    9dbe:	1000                	addi	s0,sp,32
    9dc0:	08000793          	li	a5,128
    9dc4:	fef41223          	sh	a5,-28(s0)
    9dc8:	478d                	li	a5,3
    9dca:	fef42423          	sw	a5,-24(s0)
    9dce:	fe042623          	sw	zero,-20(s0)
    9dd2:	fe440793          	addi	a5,s0,-28
    9dd6:	85be                	mv	a1,a5
    9dd8:	400117b7          	lui	a5,0x40011
    9ddc:	80078513          	addi	a0,a5,-2048 # 40010800 <_eusrstack+0x2000b800>
    9de0:	df9f60ef          	jal	ra,bd8 <GPIO_Init>
    9de4:	0001                	nop
    9de6:	40f2                	lw	ra,28(sp)
    9de8:	4462                	lw	s0,24(sp)
    9dea:	6105                	addi	sp,sp,32
    9dec:	8082                	ret

00009dee <joystick_calibration>:
    9dee:	7139                	addi	sp,sp,-64
    9df0:	de06                	sw	ra,60(sp)
    9df2:	dc22                	sw	s0,56(sp)
    9df4:	0080                	addi	s0,sp,64
    9df6:	87aa                	mv	a5,a0
    9df8:	fcf41723          	sh	a5,-50(s0)
    9dfc:	fc042e23          	sw	zero,-36(s0)
    9e00:	fe042023          	sw	zero,-32(s0)
    9e04:	fe042223          	sw	zero,-28(s0)
    9e08:	fe042423          	sw	zero,-24(s0)
    9e0c:	fe041723          	sh	zero,-18(s0)
    9e10:	a085                	j	9e70 <joystick_calibration+0x82>
    9e12:	fdc42783          	lw	a5,-36(s0)
    9e16:	20002737          	lui	a4,0x20002
    9e1a:	71475703          	lhu	a4,1812(a4) # 20002714 <g_adc_reg_value>
    9e1e:	97ba                	add	a5,a5,a4
    9e20:	fcf42e23          	sw	a5,-36(s0)
    9e24:	fe042783          	lw	a5,-32(s0)
    9e28:	20002737          	lui	a4,0x20002
    9e2c:	71470713          	addi	a4,a4,1812 # 20002714 <g_adc_reg_value>
    9e30:	233a                	lhu	a4,2(a4)
    9e32:	97ba                	add	a5,a5,a4
    9e34:	fef42023          	sw	a5,-32(s0)
    9e38:	fe442783          	lw	a5,-28(s0)
    9e3c:	20002737          	lui	a4,0x20002
    9e40:	71470713          	addi	a4,a4,1812 # 20002714 <g_adc_reg_value>
    9e44:	235a                	lhu	a4,4(a4)
    9e46:	97ba                	add	a5,a5,a4
    9e48:	fef42223          	sw	a5,-28(s0)
    9e4c:	fe842783          	lw	a5,-24(s0)
    9e50:	20002737          	lui	a4,0x20002
    9e54:	71470713          	addi	a4,a4,1812 # 20002714 <g_adc_reg_value>
    9e58:	237a                	lhu	a4,6(a4)
    9e5a:	97ba                	add	a5,a5,a4
    9e5c:	fef42423          	sw	a5,-24(s0)
    9e60:	4505                	li	a0,1
    9e62:	8c8fd0ef          	jal	ra,6f2a <rt_thread_mdelay>
    9e66:	fee45783          	lhu	a5,-18(s0)
    9e6a:	0785                	addi	a5,a5,1
    9e6c:	fef41723          	sh	a5,-18(s0)
    9e70:	fee45703          	lhu	a4,-18(s0)
    9e74:	fce45783          	lhu	a5,-50(s0)
    9e78:	f8f76de3          	bltu	a4,a5,9e12 <joystick_calibration+0x24>
    9e7c:	fdc42703          	lw	a4,-36(s0)
    9e80:	fce45783          	lhu	a5,-50(s0)
    9e84:	02f757b3          	divu	a5,a4,a5
    9e88:	01079713          	slli	a4,a5,0x10
    9e8c:	8341                	srli	a4,a4,0x10
    9e8e:	8ce19e23          	sh	a4,-1828(gp) # 200001cc <g_adc_calibration_value>
    9e92:	fe042703          	lw	a4,-32(s0)
    9e96:	fce45783          	lhu	a5,-50(s0)
    9e9a:	02f757b3          	divu	a5,a4,a5
    9e9e:	01079713          	slli	a4,a5,0x10
    9ea2:	8341                	srli	a4,a4,0x10
    9ea4:	8dc18793          	addi	a5,gp,-1828 # 200001cc <g_adc_calibration_value>
    9ea8:	a3ba                	sh	a4,2(a5)
    9eaa:	fe442703          	lw	a4,-28(s0)
    9eae:	fce45783          	lhu	a5,-50(s0)
    9eb2:	02f757b3          	divu	a5,a4,a5
    9eb6:	01079713          	slli	a4,a5,0x10
    9eba:	8341                	srli	a4,a4,0x10
    9ebc:	8dc18793          	addi	a5,gp,-1828 # 200001cc <g_adc_calibration_value>
    9ec0:	a3da                	sh	a4,4(a5)
    9ec2:	fe842703          	lw	a4,-24(s0)
    9ec6:	fce45783          	lhu	a5,-50(s0)
    9eca:	02f757b3          	divu	a5,a4,a5
    9ece:	01079713          	slli	a4,a5,0x10
    9ed2:	8341                	srli	a4,a4,0x10
    9ed4:	8dc18793          	addi	a5,gp,-1828 # 200001cc <g_adc_calibration_value>
    9ed8:	a3fa                	sh	a4,6(a5)
    9eda:	0001                	nop
    9edc:	50f2                	lw	ra,60(sp)
    9ede:	5462                	lw	s0,56(sp)
    9ee0:	6121                	addi	sp,sp,64
    9ee2:	8082                	ret

00009ee4 <joystick_and_key_init>:
    9ee4:	1101                	addi	sp,sp,-32
    9ee6:	ce06                	sw	ra,28(sp)
    9ee8:	cc22                	sw	s0,24(sp)
    9eea:	1000                	addi	s0,sp,32
    9eec:	4585                	li	a1,1
    9eee:	4511                	li	a0,4
    9ef0:	ac6f70ef          	jal	ra,11b6 <RCC_APB2PeriphClockCmd>
    9ef4:	4585                	li	a1,1
    9ef6:	4521                	li	a0,8
    9ef8:	abef70ef          	jal	ra,11b6 <RCC_APB2PeriphClockCmd>
    9efc:	4785                	li	a5,1
    9efe:	fef41223          	sh	a5,-28(s0)
    9f02:	478d                	li	a5,3
    9f04:	fef42423          	sw	a5,-24(s0)
    9f08:	fe042623          	sw	zero,-20(s0)
    9f0c:	fe440793          	addi	a5,s0,-28
    9f10:	85be                	mv	a1,a5
    9f12:	400117b7          	lui	a5,0x40011
    9f16:	80078513          	addi	a0,a5,-2048 # 40010800 <_eusrstack+0x2000b800>
    9f1a:	cbff60ef          	jal	ra,bd8 <GPIO_Init>
    9f1e:	4789                	li	a5,2
    9f20:	fef41223          	sh	a5,-28(s0)
    9f24:	478d                	li	a5,3
    9f26:	fef42423          	sw	a5,-24(s0)
    9f2a:	fe042623          	sw	zero,-20(s0)
    9f2e:	fe440793          	addi	a5,s0,-28
    9f32:	85be                	mv	a1,a5
    9f34:	400117b7          	lui	a5,0x40011
    9f38:	80078513          	addi	a0,a5,-2048 # 40010800 <_eusrstack+0x2000b800>
    9f3c:	c9df60ef          	jal	ra,bd8 <GPIO_Init>
    9f40:	08000793          	li	a5,128
    9f44:	fef41223          	sh	a5,-28(s0)
    9f48:	478d                	li	a5,3
    9f4a:	fef42423          	sw	a5,-24(s0)
    9f4e:	fe042623          	sw	zero,-20(s0)
    9f52:	fe440793          	addi	a5,s0,-28
    9f56:	85be                	mv	a1,a5
    9f58:	400117b7          	lui	a5,0x40011
    9f5c:	80078513          	addi	a0,a5,-2048 # 40010800 <_eusrstack+0x2000b800>
    9f60:	c79f60ef          	jal	ra,bd8 <GPIO_Init>
    9f64:	04000793          	li	a5,64
    9f68:	fef41223          	sh	a5,-28(s0)
    9f6c:	478d                	li	a5,3
    9f6e:	fef42423          	sw	a5,-24(s0)
    9f72:	fe042623          	sw	zero,-20(s0)
    9f76:	fe440793          	addi	a5,s0,-28
    9f7a:	85be                	mv	a1,a5
    9f7c:	400117b7          	lui	a5,0x40011
    9f80:	80078513          	addi	a0,a5,-2048 # 40010800 <_eusrstack+0x2000b800>
    9f84:	c55f60ef          	jal	ra,bd8 <GPIO_Init>
    9f88:	4791                	li	a5,4
    9f8a:	fef41223          	sh	a5,-28(s0)
    9f8e:	478d                	li	a5,3
    9f90:	fef42423          	sw	a5,-24(s0)
    9f94:	04800793          	li	a5,72
    9f98:	fef42623          	sw	a5,-20(s0)
    9f9c:	fe440793          	addi	a5,s0,-28
    9fa0:	85be                	mv	a1,a5
    9fa2:	400117b7          	lui	a5,0x40011
    9fa6:	80078513          	addi	a0,a5,-2048 # 40010800 <_eusrstack+0x2000b800>
    9faa:	c2ff60ef          	jal	ra,bd8 <GPIO_Init>
    9fae:	02000793          	li	a5,32
    9fb2:	fef41223          	sh	a5,-28(s0)
    9fb6:	478d                	li	a5,3
    9fb8:	fef42423          	sw	a5,-24(s0)
    9fbc:	04800793          	li	a5,72
    9fc0:	fef42623          	sw	a5,-20(s0)
    9fc4:	fe440793          	addi	a5,s0,-28
    9fc8:	85be                	mv	a1,a5
    9fca:	400117b7          	lui	a5,0x40011
    9fce:	80078513          	addi	a0,a5,-2048 # 40010800 <_eusrstack+0x2000b800>
    9fd2:	c07f60ef          	jal	ra,bd8 <GPIO_Init>
    9fd6:	6789                	lui	a5,0x2
    9fd8:	fef41223          	sh	a5,-28(s0)
    9fdc:	478d                	li	a5,3
    9fde:	fef42423          	sw	a5,-24(s0)
    9fe2:	04800793          	li	a5,72
    9fe6:	fef42623          	sw	a5,-20(s0)
    9fea:	fe440793          	addi	a5,s0,-28
    9fee:	85be                	mv	a1,a5
    9ff0:	40011537          	lui	a0,0x40011
    9ff4:	be5f60ef          	jal	ra,bd8 <GPIO_Init>
    9ff8:	6791                	lui	a5,0x4
    9ffa:	fef41223          	sh	a5,-28(s0)
    9ffe:	478d                	li	a5,3
    a000:	fef42423          	sw	a5,-24(s0)
    a004:	04800793          	li	a5,72
    a008:	fef42623          	sw	a5,-20(s0)
    a00c:	fe440793          	addi	a5,s0,-28
    a010:	85be                	mv	a1,a5
    a012:	40011537          	lui	a0,0x40011
    a016:	bc3f60ef          	jal	ra,bd8 <GPIO_Init>
    a01a:	6785                	lui	a5,0x1
    a01c:	fef41223          	sh	a5,-28(s0)
    a020:	478d                	li	a5,3
    a022:	fef42423          	sw	a5,-24(s0)
    a026:	04800793          	li	a5,72
    a02a:	fef42623          	sw	a5,-20(s0)
    a02e:	fe440793          	addi	a5,s0,-28
    a032:	85be                	mv	a1,a5
    a034:	400117b7          	lui	a5,0x40011
    a038:	c0078513          	addi	a0,a5,-1024 # 40010c00 <_eusrstack+0x2000bc00>
    a03c:	b9df60ef          	jal	ra,bd8 <GPIO_Init>
    a040:	6789                	lui	a5,0x2
    a042:	fef41223          	sh	a5,-28(s0)
    a046:	478d                	li	a5,3
    a048:	fef42423          	sw	a5,-24(s0)
    a04c:	04800793          	li	a5,72
    a050:	fef42623          	sw	a5,-20(s0)
    a054:	fe440793          	addi	a5,s0,-28
    a058:	85be                	mv	a1,a5
    a05a:	400117b7          	lui	a5,0x40011
    a05e:	c0078513          	addi	a0,a5,-1024 # 40010c00 <_eusrstack+0x2000bc00>
    a062:	b77f60ef          	jal	ra,bd8 <GPIO_Init>
    a066:	10000793          	li	a5,256
    a06a:	fef41223          	sh	a5,-28(s0)
    a06e:	478d                	li	a5,3
    a070:	fef42423          	sw	a5,-24(s0)
    a074:	04800793          	li	a5,72
    a078:	fef42623          	sw	a5,-20(s0)
    a07c:	fe440793          	addi	a5,s0,-28
    a080:	85be                	mv	a1,a5
    a082:	400117b7          	lui	a5,0x40011
    a086:	c0078513          	addi	a0,a5,-1024 # 40010c00 <_eusrstack+0x2000bc00>
    a08a:	b4ff60ef          	jal	ra,bd8 <GPIO_Init>
    a08e:	4791                	li	a5,4
    a090:	fef41223          	sh	a5,-28(s0)
    a094:	478d                	li	a5,3
    a096:	fef42423          	sw	a5,-24(s0)
    a09a:	04800793          	li	a5,72
    a09e:	fef42623          	sw	a5,-20(s0)
    a0a2:	fe440793          	addi	a5,s0,-28
    a0a6:	85be                	mv	a1,a5
    a0a8:	400117b7          	lui	a5,0x40011
    a0ac:	c0078513          	addi	a0,a5,-1024 # 40010c00 <_eusrstack+0x2000bc00>
    a0b0:	b29f60ef          	jal	ra,bd8 <GPIO_Init>
    a0b4:	0001                	nop
    a0b6:	40f2                	lw	ra,28(sp)
    a0b8:	4462                	lw	s0,24(sp)
    a0ba:	6105                	addi	sp,sp,32
    a0bc:	8082                	ret

0000a0be <led_init>:
    a0be:	1101                	addi	sp,sp,-32
    a0c0:	ce06                	sw	ra,28(sp)
    a0c2:	cc22                	sw	s0,24(sp)
    a0c4:	1000                	addi	s0,sp,32
    a0c6:	4585                	li	a1,1
    a0c8:	4511                	li	a0,4
    a0ca:	8ecf70ef          	jal	ra,11b6 <RCC_APB2PeriphClockCmd>
    a0ce:	4585                	li	a1,1
    a0d0:	4521                	li	a0,8
    a0d2:	8e4f70ef          	jal	ra,11b6 <RCC_APB2PeriphClockCmd>
    a0d6:	47a1                	li	a5,8
    a0d8:	fef41223          	sh	a5,-28(s0)
    a0dc:	478d                	li	a5,3
    a0de:	fef42423          	sw	a5,-24(s0)
    a0e2:	47c1                	li	a5,16
    a0e4:	fef42623          	sw	a5,-20(s0)
    a0e8:	fe440793          	addi	a5,s0,-28
    a0ec:	85be                	mv	a1,a5
    a0ee:	400117b7          	lui	a5,0x40011
    a0f2:	c0078513          	addi	a0,a5,-1024 # 40010c00 <_eusrstack+0x2000bc00>
    a0f6:	ae3f60ef          	jal	ra,bd8 <GPIO_Init>
    a0fa:	47c1                	li	a5,16
    a0fc:	fef41223          	sh	a5,-28(s0)
    a100:	478d                	li	a5,3
    a102:	fef42423          	sw	a5,-24(s0)
    a106:	47c1                	li	a5,16
    a108:	fef42623          	sw	a5,-20(s0)
    a10c:	fe440793          	addi	a5,s0,-28
    a110:	85be                	mv	a1,a5
    a112:	400117b7          	lui	a5,0x40011
    a116:	c0078513          	addi	a0,a5,-1024 # 40010c00 <_eusrstack+0x2000bc00>
    a11a:	abff60ef          	jal	ra,bd8 <GPIO_Init>
    a11e:	77e1                	lui	a5,0xffff8
    a120:	fef41223          	sh	a5,-28(s0)
    a124:	478d                	li	a5,3
    a126:	fef42423          	sw	a5,-24(s0)
    a12a:	47c1                	li	a5,16
    a12c:	fef42623          	sw	a5,-20(s0)
    a130:	fe440793          	addi	a5,s0,-28
    a134:	85be                	mv	a1,a5
    a136:	400117b7          	lui	a5,0x40011
    a13a:	80078513          	addi	a0,a5,-2048 # 40010800 <_eusrstack+0x2000b800>
    a13e:	a9bf60ef          	jal	ra,bd8 <GPIO_Init>
    a142:	02000793          	li	a5,32
    a146:	fef41223          	sh	a5,-28(s0)
    a14a:	478d                	li	a5,3
    a14c:	fef42423          	sw	a5,-24(s0)
    a150:	47c1                	li	a5,16
    a152:	fef42623          	sw	a5,-20(s0)
    a156:	fe440793          	addi	a5,s0,-28
    a15a:	85be                	mv	a1,a5
    a15c:	400117b7          	lui	a5,0x40011
    a160:	c0078513          	addi	a0,a5,-1024 # 40010c00 <_eusrstack+0x2000bc00>
    a164:	a75f60ef          	jal	ra,bd8 <GPIO_Init>
    a168:	4605                	li	a2,1
    a16a:	45a1                	li	a1,8
    a16c:	400117b7          	lui	a5,0x40011
    a170:	c0078513          	addi	a0,a5,-1024 # 40010c00 <_eusrstack+0x2000bc00>
    a174:	d1bf60ef          	jal	ra,e8e <GPIO_WriteBit>
    a178:	4605                	li	a2,1
    a17a:	45c1                	li	a1,16
    a17c:	400117b7          	lui	a5,0x40011
    a180:	c0078513          	addi	a0,a5,-1024 # 40010c00 <_eusrstack+0x2000bc00>
    a184:	d0bf60ef          	jal	ra,e8e <GPIO_WriteBit>
    a188:	4605                	li	a2,1
    a18a:	65a1                	lui	a1,0x8
    a18c:	400117b7          	lui	a5,0x40011
    a190:	80078513          	addi	a0,a5,-2048 # 40010800 <_eusrstack+0x2000b800>
    a194:	cfbf60ef          	jal	ra,e8e <GPIO_WriteBit>
    a198:	4605                	li	a2,1
    a19a:	02000593          	li	a1,32
    a19e:	400117b7          	lui	a5,0x40011
    a1a2:	c0078513          	addi	a0,a5,-1024 # 40010c00 <_eusrstack+0x2000bc00>
    a1a6:	ce9f60ef          	jal	ra,e8e <GPIO_WriteBit>
    a1aa:	4601                	li	a2,0
    a1ac:	02000593          	li	a1,32
    a1b0:	400117b7          	lui	a5,0x40011
    a1b4:	c0078513          	addi	a0,a5,-1024 # 40010c00 <_eusrstack+0x2000bc00>
    a1b8:	cd7f60ef          	jal	ra,e8e <GPIO_WriteBit>
    a1bc:	4601                	li	a2,0
    a1be:	45a1                	li	a1,8
    a1c0:	400117b7          	lui	a5,0x40011
    a1c4:	c0078513          	addi	a0,a5,-1024 # 40010c00 <_eusrstack+0x2000bc00>
    a1c8:	cc7f60ef          	jal	ra,e8e <GPIO_WriteBit>
    a1cc:	06400513          	li	a0,100
    a1d0:	d5bfc0ef          	jal	ra,6f2a <rt_thread_mdelay>
    a1d4:	4605                	li	a2,1
    a1d6:	45a1                	li	a1,8
    a1d8:	400117b7          	lui	a5,0x40011
    a1dc:	c0078513          	addi	a0,a5,-1024 # 40010c00 <_eusrstack+0x2000bc00>
    a1e0:	caff60ef          	jal	ra,e8e <GPIO_WriteBit>
    a1e4:	06400513          	li	a0,100
    a1e8:	d43fc0ef          	jal	ra,6f2a <rt_thread_mdelay>
    a1ec:	4601                	li	a2,0
    a1ee:	45c1                	li	a1,16
    a1f0:	400117b7          	lui	a5,0x40011
    a1f4:	c0078513          	addi	a0,a5,-1024 # 40010c00 <_eusrstack+0x2000bc00>
    a1f8:	c97f60ef          	jal	ra,e8e <GPIO_WriteBit>
    a1fc:	06400513          	li	a0,100
    a200:	d2bfc0ef          	jal	ra,6f2a <rt_thread_mdelay>
    a204:	4605                	li	a2,1
    a206:	45c1                	li	a1,16
    a208:	400117b7          	lui	a5,0x40011
    a20c:	c0078513          	addi	a0,a5,-1024 # 40010c00 <_eusrstack+0x2000bc00>
    a210:	c7ff60ef          	jal	ra,e8e <GPIO_WriteBit>
    a214:	06400513          	li	a0,100
    a218:	d13fc0ef          	jal	ra,6f2a <rt_thread_mdelay>
    a21c:	4601                	li	a2,0
    a21e:	65a1                	lui	a1,0x8
    a220:	400117b7          	lui	a5,0x40011
    a224:	80078513          	addi	a0,a5,-2048 # 40010800 <_eusrstack+0x2000b800>
    a228:	c67f60ef          	jal	ra,e8e <GPIO_WriteBit>
    a22c:	4605                	li	a2,1
    a22e:	02000593          	li	a1,32
    a232:	400117b7          	lui	a5,0x40011
    a236:	c0078513          	addi	a0,a5,-1024 # 40010c00 <_eusrstack+0x2000bc00>
    a23a:	c55f60ef          	jal	ra,e8e <GPIO_WriteBit>
    a23e:	0001                	nop
    a240:	40f2                	lw	ra,28(sp)
    a242:	4462                	lw	s0,24(sp)
    a244:	6105                	addi	sp,sp,32
    a246:	8082                	ret

0000a248 <led_thread>:
    a248:	7179                	addi	sp,sp,-48
    a24a:	d606                	sw	ra,44(sp)
    a24c:	d422                	sw	s0,40(sp)
    a24e:	1800                	addi	s0,sp,48
    a250:	fca42e23          	sw	a0,-36(s0)
    a254:	8e41a783          	lw	a5,-1820(gp) # 200001d4 <led_event>
    a258:	fec40713          	addi	a4,s0,-20
    a25c:	56fd                	li	a3,-1
    a25e:	4619                	li	a2,6
    a260:	0ff00593          	li	a1,255
    a264:	853e                	mv	a0,a5
    a266:	e14fa0ef          	jal	ra,487a <rt_event_recv>
    a26a:	87aa                	mv	a5,a0
    a26c:	12079463          	bnez	a5,a394 <led_thread+0x14c>
    a270:	fec42703          	lw	a4,-20(s0)
    a274:	4791                	li	a5,4
    a276:	02f71a63          	bne	a4,a5,a2aa <led_thread+0x62>
    a27a:	4605                	li	a2,1
    a27c:	45a1                	li	a1,8
    a27e:	400117b7          	lui	a5,0x40011
    a282:	c0078513          	addi	a0,a5,-1024 # 40010c00 <_eusrstack+0x2000bc00>
    a286:	c09f60ef          	jal	ra,e8e <GPIO_WriteBit>
    a28a:	4601                	li	a2,0
    a28c:	45c1                	li	a1,16
    a28e:	400117b7          	lui	a5,0x40011
    a292:	c0078513          	addi	a0,a5,-1024 # 40010c00 <_eusrstack+0x2000bc00>
    a296:	bf9f60ef          	jal	ra,e8e <GPIO_WriteBit>
    a29a:	4605                	li	a2,1
    a29c:	65a1                	lui	a1,0x8
    a29e:	400117b7          	lui	a5,0x40011
    a2a2:	80078513          	addi	a0,a5,-2048 # 40010800 <_eusrstack+0x2000b800>
    a2a6:	be9f60ef          	jal	ra,e8e <GPIO_WriteBit>
    a2aa:	fec42703          	lw	a4,-20(s0)
    a2ae:	4785                	li	a5,1
    a2b0:	02f71a63          	bne	a4,a5,a2e4 <led_thread+0x9c>
    a2b4:	4601                	li	a2,0
    a2b6:	45a1                	li	a1,8
    a2b8:	400117b7          	lui	a5,0x40011
    a2bc:	c0078513          	addi	a0,a5,-1024 # 40010c00 <_eusrstack+0x2000bc00>
    a2c0:	bcff60ef          	jal	ra,e8e <GPIO_WriteBit>
    a2c4:	4605                	li	a2,1
    a2c6:	45c1                	li	a1,16
    a2c8:	400117b7          	lui	a5,0x40011
    a2cc:	c0078513          	addi	a0,a5,-1024 # 40010c00 <_eusrstack+0x2000bc00>
    a2d0:	bbff60ef          	jal	ra,e8e <GPIO_WriteBit>
    a2d4:	4605                	li	a2,1
    a2d6:	65a1                	lui	a1,0x8
    a2d8:	400117b7          	lui	a5,0x40011
    a2dc:	80078513          	addi	a0,a5,-2048 # 40010800 <_eusrstack+0x2000b800>
    a2e0:	baff60ef          	jal	ra,e8e <GPIO_WriteBit>
    a2e4:	fec42703          	lw	a4,-20(s0)
    a2e8:	4789                	li	a5,2
    a2ea:	02f71a63          	bne	a4,a5,a31e <led_thread+0xd6>
    a2ee:	4605                	li	a2,1
    a2f0:	45a1                	li	a1,8
    a2f2:	400117b7          	lui	a5,0x40011
    a2f6:	c0078513          	addi	a0,a5,-1024 # 40010c00 <_eusrstack+0x2000bc00>
    a2fa:	b95f60ef          	jal	ra,e8e <GPIO_WriteBit>
    a2fe:	4605                	li	a2,1
    a300:	45c1                	li	a1,16
    a302:	400117b7          	lui	a5,0x40011
    a306:	c0078513          	addi	a0,a5,-1024 # 40010c00 <_eusrstack+0x2000bc00>
    a30a:	b85f60ef          	jal	ra,e8e <GPIO_WriteBit>
    a30e:	4601                	li	a2,0
    a310:	65a1                	lui	a1,0x8
    a312:	400117b7          	lui	a5,0x40011
    a316:	80078513          	addi	a0,a5,-2048 # 40010800 <_eusrstack+0x2000b800>
    a31a:	b75f60ef          	jal	ra,e8e <GPIO_WriteBit>
    a31e:	fec42703          	lw	a4,-20(s0)
    a322:	02000793          	li	a5,32
    a326:	00f71b63          	bne	a4,a5,a33c <led_thread+0xf4>
    a32a:	4601                	li	a2,0
    a32c:	02000593          	li	a1,32
    a330:	400117b7          	lui	a5,0x40011
    a334:	c0078513          	addi	a0,a5,-1024 # 40010c00 <_eusrstack+0x2000bc00>
    a338:	b57f60ef          	jal	ra,e8e <GPIO_WriteBit>
    a33c:	fec42703          	lw	a4,-20(s0)
    a340:	04000793          	li	a5,64
    a344:	00f71b63          	bne	a4,a5,a35a <led_thread+0x112>
    a348:	4605                	li	a2,1
    a34a:	02000593          	li	a1,32
    a34e:	400117b7          	lui	a5,0x40011
    a352:	c0078513          	addi	a0,a5,-1024 # 40010c00 <_eusrstack+0x2000bc00>
    a356:	b39f60ef          	jal	ra,e8e <GPIO_WriteBit>
    a35a:	fec42703          	lw	a4,-20(s0)
    a35e:	47c1                	li	a5,16
    a360:	02f71a63          	bne	a4,a5,a394 <led_thread+0x14c>
    a364:	4605                	li	a2,1
    a366:	45a1                	li	a1,8
    a368:	400117b7          	lui	a5,0x40011
    a36c:	c0078513          	addi	a0,a5,-1024 # 40010c00 <_eusrstack+0x2000bc00>
    a370:	b1ff60ef          	jal	ra,e8e <GPIO_WriteBit>
    a374:	4605                	li	a2,1
    a376:	45c1                	li	a1,16
    a378:	400117b7          	lui	a5,0x40011
    a37c:	c0078513          	addi	a0,a5,-1024 # 40010c00 <_eusrstack+0x2000bc00>
    a380:	b0ff60ef          	jal	ra,e8e <GPIO_WriteBit>
    a384:	4605                	li	a2,1
    a386:	65a1                	lui	a1,0x8
    a388:	400117b7          	lui	a5,0x40011
    a38c:	80078513          	addi	a0,a5,-2048 # 40010800 <_eusrstack+0x2000b800>
    a390:	afff60ef          	jal	ra,e8e <GPIO_WriteBit>
    a394:	4551                	li	a0,20
    a396:	b95fc0ef          	jal	ra,6f2a <rt_thread_mdelay>
    a39a:	bd6d                	j	a254 <led_thread+0xc>

0000a39c <led_thread_create>:
    a39c:	1141                	addi	sp,sp,-16
    a39e:	c606                	sw	ra,12(sp)
    a3a0:	c422                	sw	s0,8(sp)
    a3a2:	0800                	addi	s0,sp,16
    a3a4:	4581                	li	a1,0
    a3a6:	67b1                	lui	a5,0xc
    a3a8:	fb478513          	addi	a0,a5,-76 # bfb4 <__malloc_unlock+0xc2e>
    a3ac:	b38fa0ef          	jal	ra,46e4 <rt_event_create>
    a3b0:	872a                	mv	a4,a0
    a3b2:	8ee1a223          	sw	a4,-1820(gp) # 200001d4 <led_event>
    a3b6:	8e41a783          	lw	a5,-1820(gp) # 200001d4 <led_event>
    a3ba:	eb81                	bnez	a5,a3ca <led_thread_create+0x2e>
    a3bc:	67b1                	lui	a5,0xc
    a3be:	fc078513          	addi	a0,a5,-64 # bfc0 <__malloc_unlock+0xc3a>
    a3c2:	87ffb0ef          	jal	ra,5c40 <rt_kprintf>
    a3c6:	4785                	li	a5,1
    a3c8:	a8b1                	j	a424 <led_thread_create+0x88>
    a3ca:	8e41a783          	lw	a5,-1820(gp) # 200001d4 <led_event>
    a3ce:	4589                	li	a1,2
    a3d0:	853e                	mv	a0,a5
    a3d2:	b68fa0ef          	jal	ra,473a <rt_event_send>
    a3d6:	06400793          	li	a5,100
    a3da:	4739                	li	a4,14
    a3dc:	20000693          	li	a3,512
    a3e0:	4601                	li	a2,0
    a3e2:	0000a5b7          	lui	a1,0xa
    a3e6:	24858593          	addi	a1,a1,584 # a248 <led_thread>
    a3ea:	6531                	lui	a0,0xc
    a3ec:	fdc50513          	addi	a0,a0,-36 # bfdc <__malloc_unlock+0xc56>
    a3f0:	955fc0ef          	jal	ra,6d44 <rt_thread_create>
    a3f4:	872a                	mv	a4,a0
    a3f6:	8ee1a423          	sw	a4,-1816(gp) # 200001d8 <td_led>
    a3fa:	8e81a783          	lw	a5,-1816(gp) # 200001d8 <td_led>
    a3fe:	cf89                	beqz	a5,a418 <led_thread_create+0x7c>
    a400:	67b1                	lui	a5,0xc
    a402:	fe878513          	addi	a0,a5,-24 # bfe8 <__malloc_unlock+0xc62>
    a406:	83bfb0ef          	jal	ra,5c40 <rt_kprintf>
    a40a:	8e81a783          	lw	a5,-1816(gp) # 200001d8 <td_led>
    a40e:	853e                	mv	a0,a5
    a410:	8d9fc0ef          	jal	ra,6ce8 <rt_thread_startup>
    a414:	4781                	li	a5,0
    a416:	a039                	j	a424 <led_thread_create+0x88>
    a418:	67b1                	lui	a5,0xc
    a41a:	ffc78513          	addi	a0,a5,-4 # bffc <__malloc_unlock+0xc76>
    a41e:	823fb0ef          	jal	ra,5c40 <rt_kprintf>
    a422:	4785                	li	a5,1
    a424:	853e                	mv	a0,a5
    a426:	40b2                	lw	ra,12(sp)
    a428:	4422                	lw	s0,8(sp)
    a42a:	0141                	addi	sp,sp,16
    a42c:	8082                	ret

0000a42e <power_init>:
    a42e:	1101                	addi	sp,sp,-32
    a430:	ce06                	sw	ra,28(sp)
    a432:	cc22                	sw	s0,24(sp)
    a434:	1000                	addi	s0,sp,32
    a436:	4585                	li	a1,1
    a438:	4511                	li	a0,4
    a43a:	d7df60ef          	jal	ra,11b6 <RCC_APB2PeriphClockCmd>
    a43e:	4585                	li	a1,1
    a440:	4521                	li	a0,8
    a442:	d75f60ef          	jal	ra,11b6 <RCC_APB2PeriphClockCmd>
    a446:	4585                	li	a1,1
    a448:	4541                	li	a0,16
    a44a:	d6df60ef          	jal	ra,11b6 <RCC_APB2PeriphClockCmd>
    a44e:	4585                	li	a1,1
    a450:	02000513          	li	a0,32
    a454:	d63f60ef          	jal	ra,11b6 <RCC_APB2PeriphClockCmd>
    a458:	6791                	lui	a5,0x4
    a45a:	fef41223          	sh	a5,-28(s0)
    a45e:	478d                	li	a5,3
    a460:	fef42423          	sw	a5,-24(s0)
    a464:	04800793          	li	a5,72
    a468:	fef42623          	sw	a5,-20(s0)
    a46c:	fe440793          	addi	a5,s0,-28
    a470:	85be                	mv	a1,a5
    a472:	400117b7          	lui	a5,0x40011
    a476:	c0078513          	addi	a0,a5,-1024 # 40010c00 <_eusrstack+0x2000bc00>
    a47a:	f5ef60ef          	jal	ra,bd8 <GPIO_Init>
    a47e:	77e1                	lui	a5,0xffff8
    a480:	fef41223          	sh	a5,-28(s0)
    a484:	478d                	li	a5,3
    a486:	fef42423          	sw	a5,-24(s0)
    a48a:	47c1                	li	a5,16
    a48c:	fef42623          	sw	a5,-20(s0)
    a490:	fe440793          	addi	a5,s0,-28
    a494:	85be                	mv	a1,a5
    a496:	400117b7          	lui	a5,0x40011
    a49a:	c0078513          	addi	a0,a5,-1024 # 40010c00 <_eusrstack+0x2000bc00>
    a49e:	f3af60ef          	jal	ra,bd8 <GPIO_Init>
    a4a2:	4605                	li	a2,1
    a4a4:	65a1                	lui	a1,0x8
    a4a6:	400117b7          	lui	a5,0x40011
    a4aa:	c0078513          	addi	a0,a5,-1024 # 40010c00 <_eusrstack+0x2000bc00>
    a4ae:	9e1f60ef          	jal	ra,e8e <GPIO_WriteBit>
    a4b2:	0001                	nop
    a4b4:	40f2                	lw	ra,28(sp)
    a4b6:	4462                	lw	s0,24(sp)
    a4b8:	6105                	addi	sp,sp,32
    a4ba:	8082                	ret

0000a4bc <power_thread>:
    a4bc:	1101                	addi	sp,sp,-32
    a4be:	ce06                	sw	ra,28(sp)
    a4c0:	cc22                	sw	s0,24(sp)
    a4c2:	1000                	addi	s0,sp,32
    a4c4:	fea42623          	sw	a0,-20(s0)
    a4c8:	a03d                	j	a4f6 <power_thread+0x3a>
    a4ca:	8ec1d783          	lhu	a5,-1812(gp) # 200001dc <count.6152>
    a4ce:	0785                	addi	a5,a5,1
    a4d0:	01079713          	slli	a4,a5,0x10
    a4d4:	8341                	srli	a4,a4,0x10
    a4d6:	8ee19623          	sh	a4,-1812(gp) # 200001dc <count.6152>
    a4da:	8ec1d703          	lhu	a4,-1812(gp) # 200001dc <count.6152>
    a4de:	0c800793          	li	a5,200
    a4e2:	00e7f763          	bgeu	a5,a4,a4f0 <power_thread+0x34>
    a4e6:	67b1                	lui	a5,0xc
    a4e8:	01478513          	addi	a0,a5,20 # c014 <__malloc_unlock+0xc8e>
    a4ec:	f54fb0ef          	jal	ra,5c40 <rt_kprintf>
    a4f0:	4529                	li	a0,10
    a4f2:	a39fc0ef          	jal	ra,6f2a <rt_thread_mdelay>
    a4f6:	6591                	lui	a1,0x4
    a4f8:	400117b7          	lui	a5,0x40011
    a4fc:	c0078513          	addi	a0,a5,-1024 # 40010c00 <_eusrstack+0x2000bc00>
    a500:	939f60ef          	jal	ra,e38 <GPIO_ReadInputDataBit>
    a504:	87aa                	mv	a5,a0
    a506:	d3f1                	beqz	a5,a4ca <power_thread+0xe>
    a508:	8e019623          	sh	zero,-1812(gp) # 200001dc <count.6152>
    a50c:	6591                	lui	a1,0x4
    a50e:	400117b7          	lui	a5,0x40011
    a512:	c0078513          	addi	a0,a5,-1024 # 40010c00 <_eusrstack+0x2000bc00>
    a516:	923f60ef          	jal	ra,e38 <GPIO_ReadInputDataBit>
    a51a:	87aa                	mv	a5,a0
    a51c:	ef9d                	bnez	a5,a55a <power_thread+0x9e>
    a51e:	8ec1d783          	lhu	a5,-1812(gp) # 200001dc <count.6152>
    a522:	0785                	addi	a5,a5,1
    a524:	01079713          	slli	a4,a5,0x10
    a528:	8341                	srli	a4,a4,0x10
    a52a:	8ee19623          	sh	a4,-1812(gp) # 200001dc <count.6152>
    a52e:	8ec1d703          	lhu	a4,-1812(gp) # 200001dc <count.6152>
    a532:	03100793          	li	a5,49
    a536:	02e7f463          	bgeu	a5,a4,a55e <power_thread+0xa2>
    a53a:	67b1                	lui	a5,0xc
    a53c:	03078513          	addi	a0,a5,48 # c030 <__malloc_unlock+0xcaa>
    a540:	f00fb0ef          	jal	ra,5c40 <rt_kprintf>
    a544:	b52fd0ef          	jal	ra,7896 <rt_hw_interrupt_disable>
    a548:	4601                	li	a2,0
    a54a:	65a1                	lui	a1,0x8
    a54c:	400117b7          	lui	a5,0x40011
    a550:	c0078513          	addi	a0,a5,-1024 # 40010c00 <_eusrstack+0x2000bc00>
    a554:	93bf60ef          	jal	ra,e8e <GPIO_WriteBit>
    a558:	bfc5                	j	a548 <power_thread+0x8c>
    a55a:	8e019623          	sh	zero,-1812(gp) # 200001dc <count.6152>
    a55e:	4505                	li	a0,1
    a560:	9cbfc0ef          	jal	ra,6f2a <rt_thread_mdelay>
    a564:	b765                	j	a50c <power_thread+0x50>

0000a566 <poweroff>:
    a566:	1141                	addi	sp,sp,-16
    a568:	c606                	sw	ra,12(sp)
    a56a:	c422                	sw	s0,8(sp)
    a56c:	0800                	addi	s0,sp,16
    a56e:	4601                	li	a2,0
    a570:	65a1                	lui	a1,0x8
    a572:	400117b7          	lui	a5,0x40011
    a576:	c0078513          	addi	a0,a5,-1024 # 40010c00 <_eusrstack+0x2000bc00>
    a57a:	915f60ef          	jal	ra,e8e <GPIO_WriteBit>
    a57e:	0001                	nop
    a580:	40b2                	lw	ra,12(sp)
    a582:	4422                	lw	s0,8(sp)
    a584:	0141                	addi	sp,sp,16
    a586:	8082                	ret

0000a588 <power_thread_create>:
    a588:	1101                	addi	sp,sp,-32
    a58a:	ce06                	sw	ra,28(sp)
    a58c:	cc22                	sw	s0,24(sp)
    a58e:	1000                	addi	s0,sp,32
    a590:	06400793          	li	a5,100
    a594:	4739                	li	a4,14
    a596:	20000693          	li	a3,512
    a59a:	4601                	li	a2,0
    a59c:	0000a5b7          	lui	a1,0xa
    a5a0:	4bc58593          	addi	a1,a1,1212 # a4bc <power_thread>
    a5a4:	6531                	lui	a0,0xc
    a5a6:	03c50513          	addi	a0,a0,60 # c03c <__malloc_unlock+0xcb6>
    a5aa:	f9afc0ef          	jal	ra,6d44 <rt_thread_create>
    a5ae:	fea42623          	sw	a0,-20(s0)
    a5b2:	fec42783          	lw	a5,-20(s0)
    a5b6:	cf81                	beqz	a5,a5ce <power_thread_create+0x46>
    a5b8:	67b1                	lui	a5,0xc
    a5ba:	04c78513          	addi	a0,a5,76 # c04c <__malloc_unlock+0xcc6>
    a5be:	e82fb0ef          	jal	ra,5c40 <rt_kprintf>
    a5c2:	fec42503          	lw	a0,-20(s0)
    a5c6:	f22fc0ef          	jal	ra,6ce8 <rt_thread_startup>
    a5ca:	4781                	li	a5,0
    a5cc:	a039                	j	a5da <power_thread_create+0x52>
    a5ce:	67b1                	lui	a5,0xc
    a5d0:	06478513          	addi	a0,a5,100 # c064 <__malloc_unlock+0xcde>
    a5d4:	e6cfb0ef          	jal	ra,5c40 <rt_kprintf>
    a5d8:	4785                	li	a5,1
    a5da:	853e                	mv	a0,a5
    a5dc:	40f2                	lw	ra,28(sp)
    a5de:	4462                	lw	s0,24(sp)
    a5e0:	6105                	addi	sp,sp,32
    a5e2:	8082                	ret

0000a5e4 <uart1_init>:
    a5e4:	715d                	addi	sp,sp,-80
    a5e6:	c686                	sw	ra,76(sp)
    a5e8:	c4a2                	sw	s0,72(sp)
    a5ea:	0880                	addi	s0,sp,80
    a5ec:	faa42e23          	sw	a0,-68(s0)
    a5f0:	4585                	li	a1,1
    a5f2:	6791                	lui	a5,0x4
    a5f4:	00478513          	addi	a0,a5,4 # 4004 <rt_thread_idle_init+0x10>
    a5f8:	bbff60ef          	jal	ra,11b6 <RCC_APB2PeriphClockCmd>
    a5fc:	20000793          	li	a5,512
    a600:	fcf41c23          	sh	a5,-40(s0)
    a604:	478d                	li	a5,3
    a606:	fcf42e23          	sw	a5,-36(s0)
    a60a:	47e1                	li	a5,24
    a60c:	fef42023          	sw	a5,-32(s0)
    a610:	fd840793          	addi	a5,s0,-40
    a614:	85be                	mv	a1,a5
    a616:	400117b7          	lui	a5,0x40011
    a61a:	80078513          	addi	a0,a5,-2048 # 40010800 <_eusrstack+0x2000b800>
    a61e:	dbaf60ef          	jal	ra,bd8 <GPIO_Init>
    a622:	40000793          	li	a5,1024
    a626:	fcf41c23          	sh	a5,-40(s0)
    a62a:	478d                	li	a5,3
    a62c:	fcf42e23          	sw	a5,-36(s0)
    a630:	4791                	li	a5,4
    a632:	fef42023          	sw	a5,-32(s0)
    a636:	fd840793          	addi	a5,s0,-40
    a63a:	85be                	mv	a1,a5
    a63c:	400117b7          	lui	a5,0x40011
    a640:	80078513          	addi	a0,a5,-2048 # 40010800 <_eusrstack+0x2000b800>
    a644:	d94f60ef          	jal	ra,bd8 <GPIO_Init>
    a648:	fbc42783          	lw	a5,-68(s0)
    a64c:	fcf42423          	sw	a5,-56(s0)
    a650:	fc041623          	sh	zero,-52(s0)
    a654:	fc041723          	sh	zero,-50(s0)
    a658:	fc041823          	sh	zero,-48(s0)
    a65c:	fc041a23          	sh	zero,-44(s0)
    a660:	47b1                	li	a5,12
    a662:	fcf41923          	sh	a5,-46(s0)
    a666:	fc840793          	addi	a5,s0,-56
    a66a:	85be                	mv	a1,a5
    a66c:	400147b7          	lui	a5,0x40014
    a670:	80078513          	addi	a0,a5,-2048 # 40013800 <_eusrstack+0x2000e800>
    a674:	cf3f60ef          	jal	ra,1366 <USART_Init>
    a678:	4585                	li	a1,1
    a67a:	400147b7          	lui	a5,0x40014
    a67e:	80078513          	addi	a0,a5,-2048 # 40013800 <_eusrstack+0x2000e800>
    a682:	efbf60ef          	jal	ra,157c <USART_Cmd>
    a686:	4605                	li	a2,1
    a688:	52500593          	li	a1,1317
    a68c:	400147b7          	lui	a5,0x40014
    a690:	80078513          	addi	a0,a5,-2048 # 40013800 <_eusrstack+0x2000e800>
    a694:	f41f60ef          	jal	ra,15d4 <USART_ITConfig>
    a698:	03500793          	li	a5,53
    a69c:	fef42423          	sw	a5,-24(s0)
    a6a0:	f8000793          	li	a5,-128
    a6a4:	fef403a3          	sb	a5,-25(s0)
    a6a8:	e000e737          	lui	a4,0xe000e
    a6ac:	fe842783          	lw	a5,-24(s0)
    a6b0:	97ba                	add	a5,a5,a4
    a6b2:	fe744703          	lbu	a4,-25(s0)
    a6b6:	40e78023          	sb	a4,1024(a5)
    a6ba:	03500793          	li	a5,53
    a6be:	fef42623          	sw	a5,-20(s0)
    a6c2:	fec42783          	lw	a5,-20(s0)
    a6c6:	8bfd                	andi	a5,a5,31
    a6c8:	4705                	li	a4,1
    a6ca:	00f716b3          	sll	a3,a4,a5
    a6ce:	e000e737          	lui	a4,0xe000e
    a6d2:	fec42783          	lw	a5,-20(s0)
    a6d6:	8395                	srli	a5,a5,0x5
    a6d8:	04078793          	addi	a5,a5,64
    a6dc:	078a                	slli	a5,a5,0x2
    a6de:	97ba                	add	a5,a5,a4
    a6e0:	c394                	sw	a3,0(a5)
    a6e2:	0001                	nop
    a6e4:	40b6                	lw	ra,76(sp)
    a6e6:	4426                	lw	s0,72(sp)
    a6e8:	6161                	addi	sp,sp,80
    a6ea:	8082                	ret

0000a6ec <uart3_init>:
    a6ec:	715d                	addi	sp,sp,-80
    a6ee:	c686                	sw	ra,76(sp)
    a6f0:	c4a2                	sw	s0,72(sp)
    a6f2:	0880                	addi	s0,sp,80
    a6f4:	faa42e23          	sw	a0,-68(s0)
    a6f8:	fc042c23          	sw	zero,-40(s0)
    a6fc:	fc042e23          	sw	zero,-36(s0)
    a700:	fe042023          	sw	zero,-32(s0)
    a704:	fc042423          	sw	zero,-56(s0)
    a708:	fc042623          	sw	zero,-52(s0)
    a70c:	fc042823          	sw	zero,-48(s0)
    a710:	fc042a23          	sw	zero,-44(s0)
    a714:	4585                	li	a1,1
    a716:	00040537          	lui	a0,0x40
    a71a:	ae3f60ef          	jal	ra,11fc <RCC_APB1PeriphClockCmd>
    a71e:	4585                	li	a1,1
    a720:	4521                	li	a0,8
    a722:	a95f60ef          	jal	ra,11b6 <RCC_APB2PeriphClockCmd>
    a726:	400057b7          	lui	a5,0x40005
    a72a:	80078513          	addi	a0,a5,-2048 # 40004800 <_eusrstack+0x1ffff800>
    a72e:	ba1f60ef          	jal	ra,12ce <USART_DeInit>
    a732:	40000793          	li	a5,1024
    a736:	fcf41c23          	sh	a5,-40(s0)
    a73a:	478d                	li	a5,3
    a73c:	fcf42e23          	sw	a5,-36(s0)
    a740:	47e1                	li	a5,24
    a742:	fef42023          	sw	a5,-32(s0)
    a746:	fd840793          	addi	a5,s0,-40
    a74a:	85be                	mv	a1,a5
    a74c:	400117b7          	lui	a5,0x40011
    a750:	c0078513          	addi	a0,a5,-1024 # 40010c00 <_eusrstack+0x2000bc00>
    a754:	c84f60ef          	jal	ra,bd8 <GPIO_Init>
    a758:	6785                	lui	a5,0x1
    a75a:	80078793          	addi	a5,a5,-2048 # 800 <__stack_size>
    a75e:	fcf41c23          	sh	a5,-40(s0)
    a762:	478d                	li	a5,3
    a764:	fcf42e23          	sw	a5,-36(s0)
    a768:	4791                	li	a5,4
    a76a:	fef42023          	sw	a5,-32(s0)
    a76e:	fd840793          	addi	a5,s0,-40
    a772:	85be                	mv	a1,a5
    a774:	400117b7          	lui	a5,0x40011
    a778:	c0078513          	addi	a0,a5,-1024 # 40010c00 <_eusrstack+0x2000bc00>
    a77c:	c5cf60ef          	jal	ra,bd8 <GPIO_Init>
    a780:	fbc42783          	lw	a5,-68(s0)
    a784:	fcf42423          	sw	a5,-56(s0)
    a788:	fc041623          	sh	zero,-52(s0)
    a78c:	fc041723          	sh	zero,-50(s0)
    a790:	fc041823          	sh	zero,-48(s0)
    a794:	fc041a23          	sh	zero,-44(s0)
    a798:	47b1                	li	a5,12
    a79a:	fcf41923          	sh	a5,-46(s0)
    a79e:	fc840793          	addi	a5,s0,-56
    a7a2:	85be                	mv	a1,a5
    a7a4:	400057b7          	lui	a5,0x40005
    a7a8:	80078513          	addi	a0,a5,-2048 # 40004800 <_eusrstack+0x1ffff800>
    a7ac:	bbbf60ef          	jal	ra,1366 <USART_Init>
    a7b0:	4585                	li	a1,1
    a7b2:	400057b7          	lui	a5,0x40005
    a7b6:	80078513          	addi	a0,a5,-2048 # 40004800 <_eusrstack+0x1ffff800>
    a7ba:	dc3f60ef          	jal	ra,157c <USART_Cmd>
    a7be:	4605                	li	a2,1
    a7c0:	52500593          	li	a1,1317
    a7c4:	400057b7          	lui	a5,0x40005
    a7c8:	80078513          	addi	a0,a5,-2048 # 40004800 <_eusrstack+0x1ffff800>
    a7cc:	e09f60ef          	jal	ra,15d4 <USART_ITConfig>
    a7d0:	03700793          	li	a5,55
    a7d4:	fef42423          	sw	a5,-24(s0)
    a7d8:	f8000793          	li	a5,-128
    a7dc:	fef403a3          	sb	a5,-25(s0)
    a7e0:	e000e737          	lui	a4,0xe000e
    a7e4:	fe842783          	lw	a5,-24(s0)
    a7e8:	97ba                	add	a5,a5,a4
    a7ea:	fe744703          	lbu	a4,-25(s0)
    a7ee:	40e78023          	sb	a4,1024(a5)
    a7f2:	03700793          	li	a5,55
    a7f6:	fef42623          	sw	a5,-20(s0)
    a7fa:	fec42783          	lw	a5,-20(s0)
    a7fe:	8bfd                	andi	a5,a5,31
    a800:	4705                	li	a4,1
    a802:	00f716b3          	sll	a3,a4,a5
    a806:	e000e737          	lui	a4,0xe000e
    a80a:	fec42783          	lw	a5,-20(s0)
    a80e:	8395                	srli	a5,a5,0x5
    a810:	04078793          	addi	a5,a5,64
    a814:	078a                	slli	a5,a5,0x2
    a816:	97ba                	add	a5,a5,a4
    a818:	c394                	sw	a3,0(a5)
    a81a:	0001                	nop
    a81c:	40b6                	lw	ra,76(sp)
    a81e:	4426                	lw	s0,72(sp)
    a820:	6161                	addi	sp,sp,80
    a822:	8082                	ret

0000a824 <uart4_init>:
    a824:	715d                	addi	sp,sp,-80
    a826:	c686                	sw	ra,76(sp)
    a828:	c4a2                	sw	s0,72(sp)
    a82a:	0880                	addi	s0,sp,80
    a82c:	faa42e23          	sw	a0,-68(s0)
    a830:	400057b7          	lui	a5,0x40005
    a834:	c0078513          	addi	a0,a5,-1024 # 40004c00 <_eusrstack+0x1ffffc00>
    a838:	a97f60ef          	jal	ra,12ce <USART_DeInit>
    a83c:	4585                	li	a1,1
    a83e:	00080537          	lui	a0,0x80
    a842:	9bbf60ef          	jal	ra,11fc <RCC_APB1PeriphClockCmd>
    a846:	4585                	li	a1,1
    a848:	4521                	li	a0,8
    a84a:	96df60ef          	jal	ra,11b6 <RCC_APB2PeriphClockCmd>
    a84e:	4785                	li	a5,1
    a850:	fcf41c23          	sh	a5,-40(s0)
    a854:	478d                	li	a5,3
    a856:	fcf42e23          	sw	a5,-36(s0)
    a85a:	47e1                	li	a5,24
    a85c:	fef42023          	sw	a5,-32(s0)
    a860:	fd840793          	addi	a5,s0,-40
    a864:	85be                	mv	a1,a5
    a866:	400117b7          	lui	a5,0x40011
    a86a:	c0078513          	addi	a0,a5,-1024 # 40010c00 <_eusrstack+0x2000bc00>
    a86e:	b6af60ef          	jal	ra,bd8 <GPIO_Init>
    a872:	4789                	li	a5,2
    a874:	fcf41c23          	sh	a5,-40(s0)
    a878:	478d                	li	a5,3
    a87a:	fcf42e23          	sw	a5,-36(s0)
    a87e:	4791                	li	a5,4
    a880:	fef42023          	sw	a5,-32(s0)
    a884:	fd840793          	addi	a5,s0,-40
    a888:	85be                	mv	a1,a5
    a88a:	400117b7          	lui	a5,0x40011
    a88e:	c0078513          	addi	a0,a5,-1024 # 40010c00 <_eusrstack+0x2000bc00>
    a892:	b46f60ef          	jal	ra,bd8 <GPIO_Init>
    a896:	fbc42783          	lw	a5,-68(s0)
    a89a:	fcf42423          	sw	a5,-56(s0)
    a89e:	fc041623          	sh	zero,-52(s0)
    a8a2:	fc041723          	sh	zero,-50(s0)
    a8a6:	fc041823          	sh	zero,-48(s0)
    a8aa:	fc041a23          	sh	zero,-44(s0)
    a8ae:	47b1                	li	a5,12
    a8b0:	fcf41923          	sh	a5,-46(s0)
    a8b4:	fc840793          	addi	a5,s0,-56
    a8b8:	85be                	mv	a1,a5
    a8ba:	400057b7          	lui	a5,0x40005
    a8be:	c0078513          	addi	a0,a5,-1024 # 40004c00 <_eusrstack+0x1ffffc00>
    a8c2:	aa5f60ef          	jal	ra,1366 <USART_Init>
    a8c6:	4585                	li	a1,1
    a8c8:	400057b7          	lui	a5,0x40005
    a8cc:	c0078513          	addi	a0,a5,-1024 # 40004c00 <_eusrstack+0x1ffffc00>
    a8d0:	cadf60ef          	jal	ra,157c <USART_Cmd>
    a8d4:	4605                	li	a2,1
    a8d6:	52500593          	li	a1,1317
    a8da:	400057b7          	lui	a5,0x40005
    a8de:	c0078513          	addi	a0,a5,-1024 # 40004c00 <_eusrstack+0x1ffffc00>
    a8e2:	cf3f60ef          	jal	ra,15d4 <USART_ITConfig>
    a8e6:	03d00793          	li	a5,61
    a8ea:	fef42423          	sw	a5,-24(s0)
    a8ee:	f8000793          	li	a5,-128
    a8f2:	fef403a3          	sb	a5,-25(s0)
    a8f6:	e000e737          	lui	a4,0xe000e
    a8fa:	fe842783          	lw	a5,-24(s0)
    a8fe:	97ba                	add	a5,a5,a4
    a900:	fe744703          	lbu	a4,-25(s0)
    a904:	40e78023          	sb	a4,1024(a5)
    a908:	03d00793          	li	a5,61
    a90c:	fef42623          	sw	a5,-20(s0)
    a910:	fec42783          	lw	a5,-20(s0)
    a914:	8bfd                	andi	a5,a5,31
    a916:	4705                	li	a4,1
    a918:	00f716b3          	sll	a3,a4,a5
    a91c:	e000e737          	lui	a4,0xe000e
    a920:	fec42783          	lw	a5,-20(s0)
    a924:	8395                	srli	a5,a5,0x5
    a926:	04078793          	addi	a5,a5,64
    a92a:	078a                	slli	a5,a5,0x2
    a92c:	97ba                	add	a5,a5,a4
    a92e:	c394                	sw	a3,0(a5)
    a930:	0001                	nop
    a932:	40b6                	lw	ra,76(sp)
    a934:	4426                	lw	s0,72(sp)
    a936:	6161                	addi	sp,sp,80
    a938:	8082                	ret

0000a93a <uart_write_byte>:
    a93a:	1101                	addi	sp,sp,-32
    a93c:	ce06                	sw	ra,28(sp)
    a93e:	cc22                	sw	s0,24(sp)
    a940:	1000                	addi	s0,sp,32
    a942:	fea42623          	sw	a0,-20(s0)
    a946:	87ae                	mv	a5,a1
    a948:	fef405a3          	sb	a5,-21(s0)
    a94c:	0001                	nop
    a94e:	04000593          	li	a1,64
    a952:	fec42503          	lw	a0,-20(s0)
    a956:	d6ff60ef          	jal	ra,16c4 <USART_GetFlagStatus>
    a95a:	87aa                	mv	a5,a0
    a95c:	dbed                	beqz	a5,a94e <uart_write_byte+0x14>
    a95e:	feb44783          	lbu	a5,-21(s0)
    a962:	07c2                	slli	a5,a5,0x10
    a964:	83c1                	srli	a5,a5,0x10
    a966:	85be                	mv	a1,a5
    a968:	fec42503          	lw	a0,-20(s0)
    a96c:	d2df60ef          	jal	ra,1698 <USART_SendData>
    a970:	0001                	nop
    a972:	40f2                	lw	ra,28(sp)
    a974:	4462                	lw	s0,24(sp)
    a976:	6105                	addi	sp,sp,32
    a978:	8082                	ret

0000a97a <uart_write_buffer>:
    a97a:	1101                	addi	sp,sp,-32
    a97c:	ce06                	sw	ra,28(sp)
    a97e:	cc22                	sw	s0,24(sp)
    a980:	1000                	addi	s0,sp,32
    a982:	fea42623          	sw	a0,-20(s0)
    a986:	feb42423          	sw	a1,-24(s0)
    a98a:	fec42223          	sw	a2,-28(s0)
    a98e:	a829                	j	a9a8 <uart_write_buffer+0x2e>
    a990:	fe842783          	lw	a5,-24(s0)
    a994:	00178713          	addi	a4,a5,1
    a998:	fee42423          	sw	a4,-24(s0)
    a99c:	239c                	lbu	a5,0(a5)
    a99e:	85be                	mv	a1,a5
    a9a0:	fec42503          	lw	a0,-20(s0)
    a9a4:	f97ff0ef          	jal	ra,a93a <uart_write_byte>
    a9a8:	fe442783          	lw	a5,-28(s0)
    a9ac:	fff78713          	addi	a4,a5,-1
    a9b0:	fee42223          	sw	a4,-28(s0)
    a9b4:	fff1                	bnez	a5,a990 <uart_write_buffer+0x16>
    a9b6:	0001                	nop
    a9b8:	40f2                	lw	ra,28(sp)
    a9ba:	4462                	lw	s0,24(sp)
    a9bc:	6105                	addi	sp,sp,32
    a9be:	8082                	ret

0000a9c0 <__divsf3>:
    a9c0:	7139                	addi	sp,sp,-64
    a9c2:	01755793          	srli	a5,a0,0x17
    a9c6:	d84a                	sw	s2,48(sp)
    a9c8:	d256                	sw	s5,36(sp)
    a9ca:	ce5e                	sw	s7,28(sp)
    a9cc:	00951a93          	slli	s5,a0,0x9
    a9d0:	01f55913          	srli	s2,a0,0x1f
    a9d4:	de06                	sw	ra,60(sp)
    a9d6:	dc22                	sw	s0,56(sp)
    a9d8:	da26                	sw	s1,52(sp)
    a9da:	d64e                	sw	s3,44(sp)
    a9dc:	d452                	sw	s4,40(sp)
    a9de:	d05a                	sw	s6,32(sp)
    a9e0:	0ff7f793          	andi	a5,a5,255
    a9e4:	009ada93          	srli	s5,s5,0x9
    a9e8:	8bca                	mv	s7,s2
    a9ea:	12078263          	beqz	a5,ab0e <__divsf3+0x14e>
    a9ee:	0ff00713          	li	a4,255
    a9f2:	12e78463          	beq	a5,a4,ab1a <__divsf3+0x15a>
    a9f6:	0a8e                	slli	s5,s5,0x3
    a9f8:	04000737          	lui	a4,0x4000
    a9fc:	00eaeab3          	or	s5,s5,a4
    aa00:	f8178a13          	addi	s4,a5,-127
    aa04:	4401                	li	s0,0
    aa06:	4b01                	li	s6,0
    aa08:	0175d793          	srli	a5,a1,0x17
    aa0c:	00959493          	slli	s1,a1,0x9
    aa10:	0ff7f793          	andi	a5,a5,255
    aa14:	80a5                	srli	s1,s1,0x9
    aa16:	01f5d993          	srli	s3,a1,0x1f
    aa1a:	c7fd                	beqz	a5,ab08 <__divsf3+0x148>
    aa1c:	0ff00713          	li	a4,255
    aa20:	02e78763          	beq	a5,a4,aa4e <__divsf3+0x8e>
    aa24:	048e                	slli	s1,s1,0x3
    aa26:	f8178793          	addi	a5,a5,-127
    aa2a:	04000737          	lui	a4,0x4000
    aa2e:	8cd9                	or	s1,s1,a4
    aa30:	40fa0a33          	sub	s4,s4,a5
    aa34:	4681                	li	a3,0
    aa36:	8c55                	or	s0,s0,a3
    aa38:	00002717          	auipc	a4,0x2
    aa3c:	c8870713          	addi	a4,a4,-888 # c6c0 <__fsym___cmd_free_desc+0x24>
    aa40:	040a                	slli	s0,s0,0x2
    aa42:	943a                	add	s0,s0,a4
    aa44:	401c                	lw	a5,0(s0)
    aa46:	01394933          	xor	s2,s2,s3
    aa4a:	97ba                	add	a5,a5,a4
    aa4c:	8782                	jr	a5
    aa4e:	f01a0a13          	addi	s4,s4,-255
    aa52:	e8f9                	bnez	s1,ab28 <__divsf3+0x168>
    aa54:	4689                	li	a3,2
    aa56:	8c55                	or	s0,s0,a3
    aa58:	00002717          	auipc	a4,0x2
    aa5c:	ca870713          	addi	a4,a4,-856 # c700 <__fsym___cmd_free_desc+0x64>
    aa60:	040a                	slli	s0,s0,0x2
    aa62:	943a                	add	s0,s0,a4
    aa64:	401c                	lw	a5,0(s0)
    aa66:	01394933          	xor	s2,s2,s3
    aa6a:	97ba                	add	a5,a5,a4
    aa6c:	8782                	jr	a5
    aa6e:	4901                	li	s2,0
    aa70:	0ff00713          	li	a4,255
    aa74:	004007b7          	lui	a5,0x400
    aa78:	00979513          	slli	a0,a5,0x9
    aa7c:	50f2                	lw	ra,60(sp)
    aa7e:	5462                	lw	s0,56(sp)
    aa80:	01771793          	slli	a5,a4,0x17
    aa84:	8125                	srli	a0,a0,0x9
    aa86:	097e                	slli	s2,s2,0x1f
    aa88:	8d5d                	or	a0,a0,a5
    aa8a:	01256533          	or	a0,a0,s2
    aa8e:	54d2                	lw	s1,52(sp)
    aa90:	5942                	lw	s2,48(sp)
    aa92:	59b2                	lw	s3,44(sp)
    aa94:	5a22                	lw	s4,40(sp)
    aa96:	5a92                	lw	s5,36(sp)
    aa98:	5b02                	lw	s6,32(sp)
    aa9a:	4bf2                	lw	s7,28(sp)
    aa9c:	6121                	addi	sp,sp,64
    aa9e:	8082                	ret
    aaa0:	0ff00713          	li	a4,255
    aaa4:	4781                	li	a5,0
    aaa6:	bfc9                	j	aa78 <__divsf3+0xb8>
    aaa8:	8aa6                	mv	s5,s1
    aaaa:	8bce                	mv	s7,s3
    aaac:	8b36                	mv	s6,a3
    aaae:	4789                	li	a5,2
    aab0:	1afb0963          	beq	s6,a5,ac62 <__divsf3+0x2a2>
    aab4:	478d                	li	a5,3
    aab6:	fafb0ce3          	beq	s6,a5,aa6e <__divsf3+0xae>
    aaba:	4785                	li	a5,1
    aabc:	0afb0863          	beq	s6,a5,ab6c <__divsf3+0x1ac>
    aac0:	07fa0713          	addi	a4,s4,127
    aac4:	001bf913          	andi	s2,s7,1
    aac8:	12e05563          	blez	a4,abf2 <__divsf3+0x232>
    aacc:	007af793          	andi	a5,s5,7
    aad0:	c799                	beqz	a5,aade <__divsf3+0x11e>
    aad2:	00faf793          	andi	a5,s5,15
    aad6:	4691                	li	a3,4
    aad8:	00d78363          	beq	a5,a3,aade <__divsf3+0x11e>
    aadc:	0a91                	addi	s5,s5,4
    aade:	004a9793          	slli	a5,s5,0x4
    aae2:	0007d963          	bgez	a5,aaf4 <__divsf3+0x134>
    aae6:	f80007b7          	lui	a5,0xf8000
    aaea:	17fd                	addi	a5,a5,-1
    aaec:	00fafab3          	and	s5,s5,a5
    aaf0:	080a0713          	addi	a4,s4,128
    aaf4:	0fe00793          	li	a5,254
    aaf8:	fae7c4e3          	blt	a5,a4,aaa0 <__divsf3+0xe0>
    aafc:	006a9793          	slli	a5,s5,0x6
    ab00:	83a5                	srli	a5,a5,0x9
    ab02:	0ff77713          	andi	a4,a4,255
    ab06:	bf8d                	j	aa78 <__divsf3+0xb8>
    ab08:	e4b1                	bnez	s1,ab54 <__divsf3+0x194>
    ab0a:	4685                	li	a3,1
    ab0c:	b7a9                	j	aa56 <__divsf3+0x96>
    ab0e:	020a9463          	bnez	s5,ab36 <__divsf3+0x176>
    ab12:	4411                	li	s0,4
    ab14:	4a01                	li	s4,0
    ab16:	4b05                	li	s6,1
    ab18:	bdc5                	j	aa08 <__divsf3+0x48>
    ab1a:	000a9963          	bnez	s5,ab2c <__divsf3+0x16c>
    ab1e:	4421                	li	s0,8
    ab20:	0ff00a13          	li	s4,255
    ab24:	4b09                	li	s6,2
    ab26:	b5cd                	j	aa08 <__divsf3+0x48>
    ab28:	468d                	li	a3,3
    ab2a:	b731                	j	aa36 <__divsf3+0x76>
    ab2c:	4431                	li	s0,12
    ab2e:	0ff00a13          	li	s4,255
    ab32:	4b0d                	li	s6,3
    ab34:	bdd1                	j	aa08 <__divsf3+0x48>
    ab36:	8556                	mv	a0,s5
    ab38:	c62e                	sw	a1,12(sp)
    ab3a:	21e5                	jal	b022 <__clzsi2>
    ab3c:	ffb50793          	addi	a5,a0,-5 # 7fffb <__rt_init_end+0x7363b>
    ab40:	00fa9ab3          	sll	s5,s5,a5
    ab44:	f8a00793          	li	a5,-118
    ab48:	40a78a33          	sub	s4,a5,a0
    ab4c:	4401                	li	s0,0
    ab4e:	4b01                	li	s6,0
    ab50:	45b2                	lw	a1,12(sp)
    ab52:	bd5d                	j	aa08 <__divsf3+0x48>
    ab54:	8526                	mv	a0,s1
    ab56:	21f1                	jal	b022 <__clzsi2>
    ab58:	ffb50713          	addi	a4,a0,-5
    ab5c:	00aa07b3          	add	a5,s4,a0
    ab60:	00e494b3          	sll	s1,s1,a4
    ab64:	07678a13          	addi	s4,a5,118 # f8000076 <_eusrstack+0xd7ffb076>
    ab68:	4681                	li	a3,0
    ab6a:	b5f1                	j	aa36 <__divsf3+0x76>
    ab6c:	001bf913          	andi	s2,s7,1
    ab70:	4701                	li	a4,0
    ab72:	4781                	li	a5,0
    ab74:	b711                	j	aa78 <__divsf3+0xb8>
    ab76:	6641                	lui	a2,0x10
    ab78:	00549513          	slli	a0,s1,0x5
    ab7c:	167d                	addi	a2,a2,-1
    ab7e:	01055793          	srli	a5,a0,0x10
    ab82:	8e69                	and	a2,a2,a0
    ab84:	0a9afa63          	bgeu	s5,s1,ac38 <__divsf3+0x278>
    ab88:	02fad5b3          	divu	a1,s5,a5
    ab8c:	1a7d                	addi	s4,s4,-1
    ab8e:	86d6                	mv	a3,s5
    ab90:	4701                	li	a4,0
    ab92:	02c58833          	mul	a6,a1,a2
    ab96:	02f6f6b3          	remu	a3,a3,a5
    ab9a:	06c2                	slli	a3,a3,0x10
    ab9c:	8f55                	or	a4,a4,a3
    ab9e:	01077b63          	bgeu	a4,a6,abb4 <__divsf3+0x1f4>
    aba2:	972a                	add	a4,a4,a0
    aba4:	fff58693          	addi	a3,a1,-1
    aba8:	0aa76863          	bltu	a4,a0,ac58 <__divsf3+0x298>
    abac:	0b077663          	bgeu	a4,a6,ac58 <__divsf3+0x298>
    abb0:	15f9                	addi	a1,a1,-2
    abb2:	972a                	add	a4,a4,a0
    abb4:	41070733          	sub	a4,a4,a6
    abb8:	02f756b3          	divu	a3,a4,a5
    abbc:	02f77733          	remu	a4,a4,a5
    abc0:	02c68ab3          	mul	s5,a3,a2
    abc4:	01071793          	slli	a5,a4,0x10
    abc8:	0157fb63          	bgeu	a5,s5,abde <__divsf3+0x21e>
    abcc:	97aa                	add	a5,a5,a0
    abce:	fff68713          	addi	a4,a3,-1 # e000dfff <_eusrstack+0xc0008fff>
    abd2:	08a7e163          	bltu	a5,a0,ac54 <__divsf3+0x294>
    abd6:	0757ff63          	bgeu	a5,s5,ac54 <__divsf3+0x294>
    abda:	16f9                	addi	a3,a3,-2
    abdc:	97aa                	add	a5,a5,a0
    abde:	05c2                	slli	a1,a1,0x10
    abe0:	41578ab3          	sub	s5,a5,s5
    abe4:	8dd5                	or	a1,a1,a3
    abe6:	01503ab3          	snez	s5,s5
    abea:	0155eab3          	or	s5,a1,s5
    abee:	8bca                	mv	s7,s2
    abf0:	bdc1                	j	aac0 <__divsf3+0x100>
    abf2:	4685                	li	a3,1
    abf4:	8e99                	sub	a3,a3,a4
    abf6:	c711                	beqz	a4,ac02 <__divsf3+0x242>
    abf8:	466d                	li	a2,27
    abfa:	4701                	li	a4,0
    abfc:	4781                	li	a5,0
    abfe:	e6d64de3          	blt	a2,a3,aa78 <__divsf3+0xb8>
    ac02:	09ea0a13          	addi	s4,s4,158
    ac06:	014a9a33          	sll	s4,s5,s4
    ac0a:	00dad7b3          	srl	a5,s5,a3
    ac0e:	01403ab3          	snez	s5,s4
    ac12:	0157e7b3          	or	a5,a5,s5
    ac16:	0077f713          	andi	a4,a5,7
    ac1a:	c719                	beqz	a4,ac28 <__divsf3+0x268>
    ac1c:	00f7f713          	andi	a4,a5,15
    ac20:	4691                	li	a3,4
    ac22:	00d70363          	beq	a4,a3,ac28 <__divsf3+0x268>
    ac26:	0791                	addi	a5,a5,4
    ac28:	00579713          	slli	a4,a5,0x5
    ac2c:	02074863          	bltz	a4,ac5c <__divsf3+0x29c>
    ac30:	079a                	slli	a5,a5,0x6
    ac32:	83a5                	srli	a5,a5,0x9
    ac34:	4701                	li	a4,0
    ac36:	b589                	j	aa78 <__divsf3+0xb8>
    ac38:	001ad693          	srli	a3,s5,0x1
    ac3c:	02f6d5b3          	divu	a1,a3,a5
    ac40:	01fa9713          	slli	a4,s5,0x1f
    ac44:	8341                	srli	a4,a4,0x10
    ac46:	02c58833          	mul	a6,a1,a2
    ac4a:	b7b1                	j	ab96 <__divsf3+0x1d6>
    ac4c:	8bce                	mv	s7,s3
    ac4e:	8b36                	mv	s6,a3
    ac50:	4a81                	li	s5,0
    ac52:	bdb1                	j	aaae <__divsf3+0xee>
    ac54:	86ba                	mv	a3,a4
    ac56:	b761                	j	abde <__divsf3+0x21e>
    ac58:	85b6                	mv	a1,a3
    ac5a:	bfa9                	j	abb4 <__divsf3+0x1f4>
    ac5c:	4705                	li	a4,1
    ac5e:	4781                	li	a5,0
    ac60:	bd21                	j	aa78 <__divsf3+0xb8>
    ac62:	001bf913          	andi	s2,s7,1
    ac66:	0ff00713          	li	a4,255
    ac6a:	4781                	li	a5,0
    ac6c:	b531                	j	aa78 <__divsf3+0xb8>

0000ac6e <__mulsf3>:
    ac6e:	7179                	addi	sp,sp,-48
    ac70:	d422                	sw	s0,40(sp)
    ac72:	01755413          	srli	s0,a0,0x17
    ac76:	ce4e                	sw	s3,28(sp)
    ac78:	cc52                	sw	s4,24(sp)
    ac7a:	00951993          	slli	s3,a0,0x9
    ac7e:	d606                	sw	ra,44(sp)
    ac80:	d226                	sw	s1,36(sp)
    ac82:	d04a                	sw	s2,32(sp)
    ac84:	ca56                	sw	s5,20(sp)
    ac86:	c85a                	sw	s6,16(sp)
    ac88:	0ff47413          	andi	s0,s0,255
    ac8c:	0099d993          	srli	s3,s3,0x9
    ac90:	01f55a13          	srli	s4,a0,0x1f
    ac94:	c469                	beqz	s0,ad5e <__mulsf3+0xf0>
    ac96:	0ff00793          	li	a5,255
    ac9a:	0ef40863          	beq	s0,a5,ad8a <__mulsf3+0x11c>
    ac9e:	00399793          	slli	a5,s3,0x3
    aca2:	04000737          	lui	a4,0x4000
    aca6:	00e7e9b3          	or	s3,a5,a4
    acaa:	f8140413          	addi	s0,s0,-127
    acae:	4481                	li	s1,0
    acb0:	4b01                	li	s6,0
    acb2:	0175d713          	srli	a4,a1,0x17
    acb6:	00959a93          	slli	s5,a1,0x9
    acba:	0ff77713          	andi	a4,a4,255
    acbe:	009ada93          	srli	s5,s5,0x9
    acc2:	01f5d913          	srli	s2,a1,0x1f
    acc6:	cf45                	beqz	a4,ad7e <__mulsf3+0x110>
    acc8:	0ff00793          	li	a5,255
    accc:	02f70c63          	beq	a4,a5,ad04 <__mulsf3+0x96>
    acd0:	0a8e                	slli	s5,s5,0x3
    acd2:	f8170713          	addi	a4,a4,-127 # 3ffff81 <__rt_init_end+0x3ff35c1>
    acd6:	040007b7          	lui	a5,0x4000
    acda:	00faeab3          	or	s5,s5,a5
    acde:	943a                	add	s0,s0,a4
    ace0:	4601                	li	a2,0
    ace2:	012a4533          	xor	a0,s4,s2
    ace6:	47bd                	li	a5,15
    ace8:	86aa                	mv	a3,a0
    acea:	00140593          	addi	a1,s0,1
    acee:	1097e063          	bltu	a5,s1,adee <__mulsf3+0x180>
    acf2:	00002717          	auipc	a4,0x2
    acf6:	a4e70713          	addi	a4,a4,-1458 # c740 <__fsym___cmd_free_desc+0xa4>
    acfa:	048a                	slli	s1,s1,0x2
    acfc:	94ba                	add	s1,s1,a4
    acfe:	409c                	lw	a5,0(s1)
    ad00:	97ba                	add	a5,a5,a4
    ad02:	8782                	jr	a5
    ad04:	0ff40413          	addi	s0,s0,255
    ad08:	0c0a9663          	bnez	s5,add4 <__mulsf3+0x166>
    ad0c:	0024e493          	ori	s1,s1,2
    ad10:	4609                	li	a2,2
    ad12:	bfc1                	j	ace2 <__mulsf3+0x74>
    ad14:	4501                	li	a0,0
    ad16:	0ff00713          	li	a4,255
    ad1a:	004007b7          	lui	a5,0x400
    ad1e:	50b2                	lw	ra,44(sp)
    ad20:	5422                	lw	s0,40(sp)
    ad22:	07a6                	slli	a5,a5,0x9
    ad24:	075e                	slli	a4,a4,0x17
    ad26:	83a5                	srli	a5,a5,0x9
    ad28:	057e                	slli	a0,a0,0x1f
    ad2a:	8fd9                	or	a5,a5,a4
    ad2c:	5492                	lw	s1,36(sp)
    ad2e:	5902                	lw	s2,32(sp)
    ad30:	49f2                	lw	s3,28(sp)
    ad32:	4a62                	lw	s4,24(sp)
    ad34:	4ad2                	lw	s5,20(sp)
    ad36:	4b42                	lw	s6,16(sp)
    ad38:	8d5d                	or	a0,a0,a5
    ad3a:	6145                	addi	sp,sp,48
    ad3c:	8082                	ret
    ad3e:	86ca                	mv	a3,s2
    ad40:	89d6                	mv	s3,s5
    ad42:	8b32                	mv	s6,a2
    ad44:	4789                	li	a5,2
    ad46:	08fb0f63          	beq	s6,a5,ade4 <__mulsf3+0x176>
    ad4a:	478d                	li	a5,3
    ad4c:	fcfb04e3          	beq	s6,a5,ad14 <__mulsf3+0xa6>
    ad50:	4785                	li	a5,1
    ad52:	8536                	mv	a0,a3
    ad54:	1afb1063          	bne	s6,a5,aef4 <__mulsf3+0x286>
    ad58:	4701                	li	a4,0
    ad5a:	4781                	li	a5,0
    ad5c:	b7c9                	j	ad1e <__mulsf3+0xb0>
    ad5e:	04099d63          	bnez	s3,adb8 <__mulsf3+0x14a>
    ad62:	0175d713          	srli	a4,a1,0x17
    ad66:	00959a93          	slli	s5,a1,0x9
    ad6a:	0ff77713          	andi	a4,a4,255
    ad6e:	4491                	li	s1,4
    ad70:	4401                	li	s0,0
    ad72:	4b05                	li	s6,1
    ad74:	009ada93          	srli	s5,s5,0x9
    ad78:	01f5d913          	srli	s2,a1,0x1f
    ad7c:	f731                	bnez	a4,acc8 <__mulsf3+0x5a>
    ad7e:	000a9d63          	bnez	s5,ad98 <__mulsf3+0x12a>
    ad82:	0014e493          	ori	s1,s1,1
    ad86:	4605                	li	a2,1
    ad88:	bfa9                	j	ace2 <__mulsf3+0x74>
    ad8a:	02099263          	bnez	s3,adae <__mulsf3+0x140>
    ad8e:	44a1                	li	s1,8
    ad90:	0ff00413          	li	s0,255
    ad94:	4b09                	li	s6,2
    ad96:	bf31                	j	acb2 <__mulsf3+0x44>
    ad98:	8556                	mv	a0,s5
    ad9a:	2461                	jal	b022 <__clzsi2>
    ad9c:	ffb50793          	addi	a5,a0,-5
    ada0:	8c09                	sub	s0,s0,a0
    ada2:	00fa9ab3          	sll	s5,s5,a5
    ada6:	f8a40413          	addi	s0,s0,-118
    adaa:	4601                	li	a2,0
    adac:	bf1d                	j	ace2 <__mulsf3+0x74>
    adae:	44b1                	li	s1,12
    adb0:	0ff00413          	li	s0,255
    adb4:	4b0d                	li	s6,3
    adb6:	bdf5                	j	acb2 <__mulsf3+0x44>
    adb8:	854e                	mv	a0,s3
    adba:	c62e                	sw	a1,12(sp)
    adbc:	249d                	jal	b022 <__clzsi2>
    adbe:	ffb50793          	addi	a5,a0,-5
    adc2:	f8a00413          	li	s0,-118
    adc6:	00f999b3          	sll	s3,s3,a5
    adca:	8c09                	sub	s0,s0,a0
    adcc:	4481                	li	s1,0
    adce:	4b01                	li	s6,0
    add0:	45b2                	lw	a1,12(sp)
    add2:	b5c5                	j	acb2 <__mulsf3+0x44>
    add4:	0034e493          	ori	s1,s1,3
    add8:	460d                	li	a2,3
    adda:	b721                	j	ace2 <__mulsf3+0x74>
    addc:	4789                	li	a5,2
    adde:	86d2                	mv	a3,s4
    ade0:	f6fb15e3          	bne	s6,a5,ad4a <__mulsf3+0xdc>
    ade4:	8536                	mv	a0,a3
    ade6:	0ff00713          	li	a4,255
    adea:	4781                	li	a5,0
    adec:	bf0d                	j	ad1e <__mulsf3+0xb0>
    adee:	6341                	lui	t1,0x10
    adf0:	fff30693          	addi	a3,t1,-1 # ffff <__rt_init_end+0x363f>
    adf4:	0109d613          	srli	a2,s3,0x10
    adf8:	010ad893          	srli	a7,s5,0x10
    adfc:	00d9f7b3          	and	a5,s3,a3
    ae00:	00dafab3          	and	s5,s5,a3
    ae04:	03578833          	mul	a6,a5,s5
    ae08:	02f889b3          	mul	s3,a7,a5
    ae0c:	01085713          	srli	a4,a6,0x10
    ae10:	03560ab3          	mul	s5,a2,s5
    ae14:	99d6                	add	s3,s3,s5
    ae16:	974e                	add	a4,a4,s3
    ae18:	03160633          	mul	a2,a2,a7
    ae1c:	01577363          	bgeu	a4,s5,ae22 <__mulsf3+0x1b4>
    ae20:	961a                	add	a2,a2,t1
    ae22:	67c1                	lui	a5,0x10
    ae24:	17fd                	addi	a5,a5,-1
    ae26:	00f776b3          	and	a3,a4,a5
    ae2a:	00f87833          	and	a6,a6,a5
    ae2e:	06c2                	slli	a3,a3,0x10
    ae30:	96c2                	add	a3,a3,a6
    ae32:	00669993          	slli	s3,a3,0x6
    ae36:	01075793          	srli	a5,a4,0x10
    ae3a:	013039b3          	snez	s3,s3
    ae3e:	82e9                	srli	a3,a3,0x1a
    ae40:	97b2                	add	a5,a5,a2
    ae42:	079a                	slli	a5,a5,0x6
    ae44:	00d9e6b3          	or	a3,s3,a3
    ae48:	00d7e9b3          	or	s3,a5,a3
    ae4c:	00499793          	slli	a5,s3,0x4
    ae50:	0007d963          	bgez	a5,ae62 <__mulsf3+0x1f4>
    ae54:	0019d713          	srli	a4,s3,0x1
    ae58:	0019f793          	andi	a5,s3,1
    ae5c:	00f769b3          	or	s3,a4,a5
    ae60:	842e                	mv	s0,a1
    ae62:	07f40713          	addi	a4,s0,127
    ae66:	04e05063          	blez	a4,aea6 <__mulsf3+0x238>
    ae6a:	0079f793          	andi	a5,s3,7
    ae6e:	c799                	beqz	a5,ae7c <__mulsf3+0x20e>
    ae70:	00f9f793          	andi	a5,s3,15
    ae74:	4691                	li	a3,4
    ae76:	00d78363          	beq	a5,a3,ae7c <__mulsf3+0x20e>
    ae7a:	0991                	addi	s3,s3,4
    ae7c:	00499793          	slli	a5,s3,0x4
    ae80:	0007d963          	bgez	a5,ae92 <__mulsf3+0x224>
    ae84:	f80007b7          	lui	a5,0xf8000
    ae88:	17fd                	addi	a5,a5,-1
    ae8a:	00f9f9b3          	and	s3,s3,a5
    ae8e:	08040713          	addi	a4,s0,128
    ae92:	0fe00793          	li	a5,254
    ae96:	04e7cb63          	blt	a5,a4,aeec <__mulsf3+0x27e>
    ae9a:	00699793          	slli	a5,s3,0x6
    ae9e:	83a5                	srli	a5,a5,0x9
    aea0:	0ff77713          	andi	a4,a4,255
    aea4:	bdad                	j	ad1e <__mulsf3+0xb0>
    aea6:	4785                	li	a5,1
    aea8:	40e786b3          	sub	a3,a5,a4
    aeac:	c711                	beqz	a4,aeb8 <__mulsf3+0x24a>
    aeae:	466d                	li	a2,27
    aeb0:	4701                	li	a4,0
    aeb2:	4781                	li	a5,0
    aeb4:	e6d645e3          	blt	a2,a3,ad1e <__mulsf3+0xb0>
    aeb8:	09e40713          	addi	a4,s0,158
    aebc:	00e99733          	sll	a4,s3,a4
    aec0:	00e03733          	snez	a4,a4
    aec4:	00d9d7b3          	srl	a5,s3,a3
    aec8:	8fd9                	or	a5,a5,a4
    aeca:	0077f713          	andi	a4,a5,7
    aece:	c719                	beqz	a4,aedc <__mulsf3+0x26e>
    aed0:	00f7f713          	andi	a4,a5,15
    aed4:	4691                	li	a3,4
    aed6:	00d70363          	beq	a4,a3,aedc <__mulsf3+0x26e>
    aeda:	0791                	addi	a5,a5,4
    aedc:	00579713          	slli	a4,a5,0x5
    aee0:	00074c63          	bltz	a4,aef8 <__mulsf3+0x28a>
    aee4:	079a                	slli	a5,a5,0x6
    aee6:	83a5                	srli	a5,a5,0x9
    aee8:	4701                	li	a4,0
    aeea:	bd15                	j	ad1e <__mulsf3+0xb0>
    aeec:	0ff00713          	li	a4,255
    aef0:	4781                	li	a5,0
    aef2:	b535                	j	ad1e <__mulsf3+0xb0>
    aef4:	842e                	mv	s0,a1
    aef6:	b7b5                	j	ae62 <__mulsf3+0x1f4>
    aef8:	4705                	li	a4,1
    aefa:	4781                	li	a5,0
    aefc:	b50d                	j	ad1e <__mulsf3+0xb0>

0000aefe <__fixunssfsi>:
    aefe:	01755713          	srli	a4,a0,0x17
    af02:	00800637          	lui	a2,0x800
    af06:	fff60793          	addi	a5,a2,-1 # 7fffff <__rt_init_end+0x7f363f>
    af0a:	0ff77713          	andi	a4,a4,255
    af0e:	07e00593          	li	a1,126
    af12:	00a7f6b3          	and	a3,a5,a0
    af16:	01f55793          	srli	a5,a0,0x1f
    af1a:	4501                	li	a0,0
    af1c:	00e5f463          	bgeu	a1,a4,af24 <__fixunssfsi+0x26>
    af20:	c399                	beqz	a5,af26 <__fixunssfsi+0x28>
    af22:	8082                	ret
    af24:	8082                	ret
    af26:	09e00793          	li	a5,158
    af2a:	557d                	li	a0,-1
    af2c:	fee7ebe3          	bltu	a5,a4,af22 <__fixunssfsi+0x24>
    af30:	09500593          	li	a1,149
    af34:	00c6e7b3          	or	a5,a3,a2
    af38:	00e5d763          	bge	a1,a4,af46 <__fixunssfsi+0x48>
    af3c:	f6a70713          	addi	a4,a4,-150
    af40:	00e79533          	sll	a0,a5,a4
    af44:	8082                	ret
    af46:	09600513          	li	a0,150
    af4a:	40e50733          	sub	a4,a0,a4
    af4e:	00e7d533          	srl	a0,a5,a4
    af52:	8082                	ret

0000af54 <__floatunsisf>:
    af54:	1141                	addi	sp,sp,-16
    af56:	c606                	sw	ra,12(sp)
    af58:	c422                	sw	s0,8(sp)
    af5a:	cd15                	beqz	a0,af96 <__floatunsisf+0x42>
    af5c:	842a                	mv	s0,a0
    af5e:	20d1                	jal	b022 <__clzsi2>
    af60:	09e00793          	li	a5,158
    af64:	40a78733          	sub	a4,a5,a0
    af68:	09600793          	li	a5,150
    af6c:	04e7c063          	blt	a5,a4,afac <__floatunsisf+0x58>
    af70:	46a1                	li	a3,8
    af72:	0ff77793          	andi	a5,a4,255
    af76:	00a6d563          	bge	a3,a0,af80 <__floatunsisf+0x2c>
    af7a:	1561                	addi	a0,a0,-8
    af7c:	00a41433          	sll	s0,s0,a0
    af80:	0426                	slli	s0,s0,0x9
    af82:	8025                	srli	s0,s0,0x9
    af84:	0426                	slli	s0,s0,0x9
    af86:	00945513          	srli	a0,s0,0x9
    af8a:	40b2                	lw	ra,12(sp)
    af8c:	4422                	lw	s0,8(sp)
    af8e:	07de                	slli	a5,a5,0x17
    af90:	8d5d                	or	a0,a0,a5
    af92:	0141                	addi	sp,sp,16
    af94:	8082                	ret
    af96:	4401                	li	s0,0
    af98:	0426                	slli	s0,s0,0x9
    af9a:	00945513          	srli	a0,s0,0x9
    af9e:	40b2                	lw	ra,12(sp)
    afa0:	4422                	lw	s0,8(sp)
    afa2:	4781                	li	a5,0
    afa4:	07de                	slli	a5,a5,0x17
    afa6:	8d5d                	or	a0,a0,a5
    afa8:	0141                	addi	sp,sp,16
    afaa:	8082                	ret
    afac:	09900793          	li	a5,153
    afb0:	00e7dd63          	bge	a5,a4,afca <__floatunsisf+0x76>
    afb4:	01b50793          	addi	a5,a0,27
    afb8:	4695                	li	a3,5
    afba:	00f417b3          	sll	a5,s0,a5
    afbe:	8e89                	sub	a3,a3,a0
    afc0:	00f037b3          	snez	a5,a5
    afc4:	00d45433          	srl	s0,s0,a3
    afc8:	8c5d                	or	s0,s0,a5
    afca:	4795                	li	a5,5
    afcc:	00a7d663          	bge	a5,a0,afd8 <__floatunsisf+0x84>
    afd0:	ffb50793          	addi	a5,a0,-5
    afd4:	00f41433          	sll	s0,s0,a5
    afd8:	fc0006b7          	lui	a3,0xfc000
    afdc:	16fd                	addi	a3,a3,-1
    afde:	00747793          	andi	a5,s0,7
    afe2:	00d47633          	and	a2,s0,a3
    afe6:	c385                	beqz	a5,b006 <__floatunsisf+0xb2>
    afe8:	00f47793          	andi	a5,s0,15
    afec:	4591                	li	a1,4
    afee:	00b78c63          	beq	a5,a1,b006 <__floatunsisf+0xb2>
    aff2:	0611                	addi	a2,a2,4
    aff4:	00561793          	slli	a5,a2,0x5
    aff8:	0007d763          	bgez	a5,b006 <__floatunsisf+0xb2>
    affc:	09f00793          	li	a5,159
    b000:	8e75                	and	a2,a2,a3
    b002:	40a78733          	sub	a4,a5,a0
    b006:	00661413          	slli	s0,a2,0x6
    b00a:	8025                	srli	s0,s0,0x9
    b00c:	0426                	slli	s0,s0,0x9
    b00e:	00945513          	srli	a0,s0,0x9
    b012:	40b2                	lw	ra,12(sp)
    b014:	4422                	lw	s0,8(sp)
    b016:	0ff77793          	andi	a5,a4,255
    b01a:	07de                	slli	a5,a5,0x17
    b01c:	8d5d                	or	a0,a0,a5
    b01e:	0141                	addi	sp,sp,16
    b020:	8082                	ret

0000b022 <__clzsi2>:
    b022:	67c1                	lui	a5,0x10
    b024:	02f57c63          	bgeu	a0,a5,b05c <__clzsi2+0x3a>
    b028:	0ff00793          	li	a5,255
    b02c:	02000713          	li	a4,32
    b030:	00a7eb63          	bltu	a5,a0,b046 <__clzsi2+0x24>
    b034:	00001797          	auipc	a5,0x1
    b038:	74c78793          	addi	a5,a5,1868 # c780 <__clz_tab>
    b03c:	97aa                	add	a5,a5,a0
    b03e:	2388                	lbu	a0,0(a5)
    b040:	40a70533          	sub	a0,a4,a0
    b044:	8082                	ret
    b046:	8121                	srli	a0,a0,0x8
    b048:	00001797          	auipc	a5,0x1
    b04c:	73878793          	addi	a5,a5,1848 # c780 <__clz_tab>
    b050:	97aa                	add	a5,a5,a0
    b052:	2388                	lbu	a0,0(a5)
    b054:	4761                	li	a4,24
    b056:	40a70533          	sub	a0,a4,a0
    b05a:	8082                	ret
    b05c:	010007b7          	lui	a5,0x1000
    b060:	00f56d63          	bltu	a0,a5,b07a <__clzsi2+0x58>
    b064:	8161                	srli	a0,a0,0x18
    b066:	00001797          	auipc	a5,0x1
    b06a:	71a78793          	addi	a5,a5,1818 # c780 <__clz_tab>
    b06e:	97aa                	add	a5,a5,a0
    b070:	2388                	lbu	a0,0(a5)
    b072:	4721                	li	a4,8
    b074:	40a70533          	sub	a0,a4,a0
    b078:	8082                	ret
    b07a:	8141                	srli	a0,a0,0x10
    b07c:	00001797          	auipc	a5,0x1
    b080:	70478793          	addi	a5,a5,1796 # c780 <__clz_tab>
    b084:	97aa                	add	a5,a5,a0
    b086:	2388                	lbu	a0,0(a5)
    b088:	4741                	li	a4,16
    b08a:	40a70533          	sub	a0,a4,a0
    b08e:	8082                	ret

0000b090 <memcmp>:
    b090:	4701                	li	a4,0
    b092:	00e61463          	bne	a2,a4,b09a <memcmp+0xa>
    b096:	4501                	li	a0,0
    b098:	8082                	ret
    b09a:	00e507b3          	add	a5,a0,a4
    b09e:	0705                	addi	a4,a4,1
    b0a0:	00e586b3          	add	a3,a1,a4
    b0a4:	239c                	lbu	a5,0(a5)
    b0a6:	fff6c683          	lbu	a3,-1(a3) # fbffffff <_eusrstack+0xdbffafff>
    b0aa:	fed784e3          	beq	a5,a3,b092 <memcmp+0x2>
    b0ae:	40d78533          	sub	a0,a5,a3
    b0b2:	8082                	ret

0000b0b4 <memcpy>:
    b0b4:	00a5c7b3          	xor	a5,a1,a0
    b0b8:	8b8d                	andi	a5,a5,3
    b0ba:	00c50733          	add	a4,a0,a2
    b0be:	e781                	bnez	a5,b0c6 <memcpy+0x12>
    b0c0:	478d                	li	a5,3
    b0c2:	00c7ed63          	bltu	a5,a2,b0dc <memcpy+0x28>
    b0c6:	87aa                	mv	a5,a0
    b0c8:	08e57e63          	bgeu	a0,a4,b164 <memcpy+0xb0>
    b0cc:	2194                	lbu	a3,0(a1)
    b0ce:	0785                	addi	a5,a5,1
    b0d0:	0585                	addi	a1,a1,1
    b0d2:	fed78fa3          	sb	a3,-1(a5)
    b0d6:	fee7ebe3          	bltu	a5,a4,b0cc <memcpy+0x18>
    b0da:	8082                	ret
    b0dc:	00357693          	andi	a3,a0,3
    b0e0:	87aa                	mv	a5,a0
    b0e2:	ca89                	beqz	a3,b0f4 <memcpy+0x40>
    b0e4:	2194                	lbu	a3,0(a1)
    b0e6:	0785                	addi	a5,a5,1
    b0e8:	0585                	addi	a1,a1,1
    b0ea:	fed78fa3          	sb	a3,-1(a5)
    b0ee:	0037f693          	andi	a3,a5,3
    b0f2:	bfc5                	j	b0e2 <memcpy+0x2e>
    b0f4:	ffc77693          	andi	a3,a4,-4
    b0f8:	fe068613          	addi	a2,a3,-32
    b0fc:	06c7f063          	bgeu	a5,a2,b15c <memcpy+0xa8>
    b100:	0005a383          	lw	t2,0(a1)
    b104:	0045a283          	lw	t0,4(a1)
    b108:	0085af83          	lw	t6,8(a1)
    b10c:	00c5af03          	lw	t5,12(a1)
    b110:	0105ae83          	lw	t4,16(a1)
    b114:	0145ae03          	lw	t3,20(a1)
    b118:	0185a303          	lw	t1,24(a1)
    b11c:	01c5a883          	lw	a7,28(a1)
    b120:	02458593          	addi	a1,a1,36
    b124:	0077a023          	sw	t2,0(a5)
    b128:	ffc5a803          	lw	a6,-4(a1)
    b12c:	0057a223          	sw	t0,4(a5)
    b130:	01f7a423          	sw	t6,8(a5)
    b134:	01e7a623          	sw	t5,12(a5)
    b138:	01d7a823          	sw	t4,16(a5)
    b13c:	01c7aa23          	sw	t3,20(a5)
    b140:	0067ac23          	sw	t1,24(a5)
    b144:	0117ae23          	sw	a7,28(a5)
    b148:	02478793          	addi	a5,a5,36
    b14c:	ff07ae23          	sw	a6,-4(a5)
    b150:	b775                	j	b0fc <memcpy+0x48>
    b152:	4190                	lw	a2,0(a1)
    b154:	0791                	addi	a5,a5,4
    b156:	0591                	addi	a1,a1,4
    b158:	fec7ae23          	sw	a2,-4(a5)
    b15c:	fed7ebe3          	bltu	a5,a3,b152 <memcpy+0x9e>
    b160:	f6e7e6e3          	bltu	a5,a4,b0cc <memcpy+0x18>
    b164:	8082                	ret

0000b166 <srand>:
    b166:	1141                	addi	sp,sp,-16
    b168:	80c18793          	addi	a5,gp,-2036 # 200000fc <_impure_ptr>
    b16c:	c422                	sw	s0,8(sp)
    b16e:	4380                	lw	s0,0(a5)
    b170:	c226                	sw	s1,4(sp)
    b172:	c606                	sw	ra,12(sp)
    b174:	5c1c                	lw	a5,56(s0)
    b176:	84aa                	mv	s1,a0
    b178:	eb8d                	bnez	a5,b1aa <srand+0x44>
    b17a:	4561                	li	a0,24
    b17c:	28fd                	jal	b27a <malloc>
    b17e:	abcd37b7          	lui	a5,0xabcd3
    b182:	dc08                	sw	a0,56(s0)
    b184:	30e78793          	addi	a5,a5,782 # abcd330e <_eusrstack+0x8bcce30e>
    b188:	c11c                	sw	a5,0(a0)
    b18a:	e66d17b7          	lui	a5,0xe66d1
    b18e:	23478793          	addi	a5,a5,564 # e66d1234 <_eusrstack+0xc66cc234>
    b192:	c15c                	sw	a5,4(a0)
    b194:	0005e7b7          	lui	a5,0x5e
    b198:	eec78793          	addi	a5,a5,-276 # 5deec <__rt_init_end+0x5152c>
    b19c:	c51c                	sw	a5,8(a0)
    b19e:	47ad                	li	a5,11
    b1a0:	a55e                	sh	a5,12(a0)
    b1a2:	4705                	li	a4,1
    b1a4:	4781                	li	a5,0
    b1a6:	c918                	sw	a4,16(a0)
    b1a8:	c95c                	sw	a5,20(a0)
    b1aa:	5c1c                	lw	a5,56(s0)
    b1ac:	40b2                	lw	ra,12(sp)
    b1ae:	4422                	lw	s0,8(sp)
    b1b0:	cb84                	sw	s1,16(a5)
    b1b2:	0007aa23          	sw	zero,20(a5)
    b1b6:	4492                	lw	s1,4(sp)
    b1b8:	0141                	addi	sp,sp,16
    b1ba:	8082                	ret

0000b1bc <rand>:
    b1bc:	1141                	addi	sp,sp,-16
    b1be:	80c18793          	addi	a5,gp,-2036 # 200000fc <_impure_ptr>
    b1c2:	c422                	sw	s0,8(sp)
    b1c4:	4380                	lw	s0,0(a5)
    b1c6:	c606                	sw	ra,12(sp)
    b1c8:	5c1c                	lw	a5,56(s0)
    b1ca:	eb8d                	bnez	a5,b1fc <rand+0x40>
    b1cc:	4561                	li	a0,24
    b1ce:	2075                	jal	b27a <malloc>
    b1d0:	abcd37b7          	lui	a5,0xabcd3
    b1d4:	dc08                	sw	a0,56(s0)
    b1d6:	30e78793          	addi	a5,a5,782 # abcd330e <_eusrstack+0x8bcce30e>
    b1da:	c11c                	sw	a5,0(a0)
    b1dc:	e66d17b7          	lui	a5,0xe66d1
    b1e0:	23478793          	addi	a5,a5,564 # e66d1234 <_eusrstack+0xc66cc234>
    b1e4:	c15c                	sw	a5,4(a0)
    b1e6:	0005e7b7          	lui	a5,0x5e
    b1ea:	eec78793          	addi	a5,a5,-276 # 5deec <__rt_init_end+0x5152c>
    b1ee:	c51c                	sw	a5,8(a0)
    b1f0:	47ad                	li	a5,11
    b1f2:	a55e                	sh	a5,12(a0)
    b1f4:	4705                	li	a4,1
    b1f6:	4781                	li	a5,0
    b1f8:	c918                	sw	a4,16(a0)
    b1fa:	c95c                	sw	a5,20(a0)
    b1fc:	5c10                	lw	a2,56(s0)
    b1fe:	4c958737          	lui	a4,0x4c958
    b202:	5851f7b7          	lui	a5,0x5851f
    b206:	4a14                	lw	a3,16(a2)
    b208:	4a48                	lw	a0,20(a2)
    b20a:	f2d70713          	addi	a4,a4,-211 # 4c957f2d <_eusrstack+0x2c952f2d>
    b20e:	42d78793          	addi	a5,a5,1069 # 5851f42d <_eusrstack+0x3851a42d>
    b212:	02f687b3          	mul	a5,a3,a5
    b216:	40b2                	lw	ra,12(sp)
    b218:	4422                	lw	s0,8(sp)
    b21a:	02e50533          	mul	a0,a0,a4
    b21e:	953e                	add	a0,a0,a5
    b220:	02e687b3          	mul	a5,a3,a4
    b224:	02e6b733          	mulhu	a4,a3,a4
    b228:	00178693          	addi	a3,a5,1
    b22c:	ca14                	sw	a3,16(a2)
    b22e:	972a                	add	a4,a4,a0
    b230:	00f6b533          	sltu	a0,a3,a5
    b234:	953a                	add	a0,a0,a4
    b236:	ca48                	sw	a0,20(a2)
    b238:	0506                	slli	a0,a0,0x1
    b23a:	8105                	srli	a0,a0,0x1
    b23c:	0141                	addi	sp,sp,16
    b23e:	8082                	ret

0000b240 <strlen>:
    b240:	87aa                	mv	a5,a0
    b242:	0785                	addi	a5,a5,1
    b244:	fff7c703          	lbu	a4,-1(a5)
    b248:	ff6d                	bnez	a4,b242 <strlen+0x2>
    b24a:	40a78533          	sub	a0,a5,a0
    b24e:	157d                	addi	a0,a0,-1
    b250:	8082                	ret

0000b252 <strncmp>:
    b252:	c215                	beqz	a2,b276 <strncmp+0x24>
    b254:	167d                	addi	a2,a2,-1
    b256:	4701                	li	a4,0
    b258:	00e507b3          	add	a5,a0,a4
    b25c:	00e586b3          	add	a3,a1,a4
    b260:	239c                	lbu	a5,0(a5)
    b262:	2294                	lbu	a3,0(a3)
    b264:	00d79663          	bne	a5,a3,b270 <strncmp+0x1e>
    b268:	00c70463          	beq	a4,a2,b270 <strncmp+0x1e>
    b26c:	0705                	addi	a4,a4,1
    b26e:	f7ed                	bnez	a5,b258 <strncmp+0x6>
    b270:	40d78533          	sub	a0,a5,a3
    b274:	8082                	ret
    b276:	4501                	li	a0,0
    b278:	8082                	ret

0000b27a <malloc>:
    b27a:	80c18793          	addi	a5,gp,-2036 # 200000fc <_impure_ptr>
    b27e:	85aa                	mv	a1,a0
    b280:	4388                	lw	a0,0(a5)
    b282:	a009                	j	b284 <_malloc_r>

0000b284 <_malloc_r>:
    b284:	1101                	addi	sp,sp,-32
    b286:	ca26                	sw	s1,20(sp)
    b288:	00358493          	addi	s1,a1,3
    b28c:	98f1                	andi	s1,s1,-4
    b28e:	ce06                	sw	ra,28(sp)
    b290:	cc22                	sw	s0,24(sp)
    b292:	c84a                	sw	s2,16(sp)
    b294:	c64e                	sw	s3,12(sp)
    b296:	04a1                	addi	s1,s1,8
    b298:	47b1                	li	a5,12
    b29a:	04f4f163          	bgeu	s1,a5,b2dc <_malloc_r+0x58>
    b29e:	44b1                	li	s1,12
    b2a0:	04b4e063          	bltu	s1,a1,b2e0 <_malloc_r+0x5c>
    b2a4:	892a                	mv	s2,a0
    b2a6:	28f9                	jal	b384 <__malloc_lock>
    b2a8:	8f018793          	addi	a5,gp,-1808 # 200001e0 <__malloc_free_list>
    b2ac:	4398                	lw	a4,0(a5)
    b2ae:	843a                	mv	s0,a4
    b2b0:	e031                	bnez	s0,b2f4 <_malloc_r+0x70>
    b2b2:	8f418793          	addi	a5,gp,-1804 # 200001e4 <__malloc_sbrk_start>
    b2b6:	439c                	lw	a5,0(a5)
    b2b8:	e791                	bnez	a5,b2c4 <_malloc_r+0x40>
    b2ba:	4581                	li	a1,0
    b2bc:	854a                	mv	a0,s2
    b2be:	2851                	jal	b352 <_sbrk_r>
    b2c0:	8ea1aa23          	sw	a0,-1804(gp) # 200001e4 <__malloc_sbrk_start>
    b2c4:	85a6                	mv	a1,s1
    b2c6:	854a                	mv	a0,s2
    b2c8:	2069                	jal	b352 <_sbrk_r>
    b2ca:	59fd                	li	s3,-1
    b2cc:	07351763          	bne	a0,s3,b33a <_malloc_r+0xb6>
    b2d0:	47b1                	li	a5,12
    b2d2:	00f92023          	sw	a5,0(s2)
    b2d6:	854a                	mv	a0,s2
    b2d8:	207d                	jal	b386 <__malloc_unlock>
    b2da:	a029                	j	b2e4 <_malloc_r+0x60>
    b2dc:	fc04d2e3          	bgez	s1,b2a0 <_malloc_r+0x1c>
    b2e0:	47b1                	li	a5,12
    b2e2:	c11c                	sw	a5,0(a0)
    b2e4:	4501                	li	a0,0
    b2e6:	40f2                	lw	ra,28(sp)
    b2e8:	4462                	lw	s0,24(sp)
    b2ea:	44d2                	lw	s1,20(sp)
    b2ec:	4942                	lw	s2,16(sp)
    b2ee:	49b2                	lw	s3,12(sp)
    b2f0:	6105                	addi	sp,sp,32
    b2f2:	8082                	ret
    b2f4:	401c                	lw	a5,0(s0)
    b2f6:	8f85                	sub	a5,a5,s1
    b2f8:	0207ce63          	bltz	a5,b334 <_malloc_r+0xb0>
    b2fc:	46ad                	li	a3,11
    b2fe:	00f6f663          	bgeu	a3,a5,b30a <_malloc_r+0x86>
    b302:	c01c                	sw	a5,0(s0)
    b304:	943e                	add	s0,s0,a5
    b306:	c004                	sw	s1,0(s0)
    b308:	a031                	j	b314 <_malloc_r+0x90>
    b30a:	405c                	lw	a5,4(s0)
    b30c:	02871263          	bne	a4,s0,b330 <_malloc_r+0xac>
    b310:	8ef1a823          	sw	a5,-1808(gp) # 200001e0 <__malloc_free_list>
    b314:	854a                	mv	a0,s2
    b316:	2885                	jal	b386 <__malloc_unlock>
    b318:	00b40513          	addi	a0,s0,11
    b31c:	00440793          	addi	a5,s0,4
    b320:	9961                	andi	a0,a0,-8
    b322:	40f50733          	sub	a4,a0,a5
    b326:	d361                	beqz	a4,b2e6 <_malloc_r+0x62>
    b328:	943a                	add	s0,s0,a4
    b32a:	8f89                	sub	a5,a5,a0
    b32c:	c01c                	sw	a5,0(s0)
    b32e:	bf65                	j	b2e6 <_malloc_r+0x62>
    b330:	c35c                	sw	a5,4(a4)
    b332:	b7cd                	j	b314 <_malloc_r+0x90>
    b334:	8722                	mv	a4,s0
    b336:	4040                	lw	s0,4(s0)
    b338:	bfa5                	j	b2b0 <_malloc_r+0x2c>
    b33a:	00350413          	addi	s0,a0,3
    b33e:	9871                	andi	s0,s0,-4
    b340:	fc8503e3          	beq	a0,s0,b306 <_malloc_r+0x82>
    b344:	40a405b3          	sub	a1,s0,a0
    b348:	854a                	mv	a0,s2
    b34a:	2021                	jal	b352 <_sbrk_r>
    b34c:	fb351de3          	bne	a0,s3,b306 <_malloc_r+0x82>
    b350:	b741                	j	b2d0 <_malloc_r+0x4c>

0000b352 <_sbrk_r>:
    b352:	1141                	addi	sp,sp,-16
    b354:	c422                	sw	s0,8(sp)
    b356:	842a                	mv	s0,a0
    b358:	852e                	mv	a0,a1
    b35a:	1fff7797          	auipc	a5,0x1fff7
    b35e:	3c07a323          	sw	zero,966(a5) # 20002720 <errno>
    b362:	c606                	sw	ra,12(sp)
    b364:	d8ef60ef          	jal	ra,18f2 <_sbrk>
    b368:	57fd                	li	a5,-1
    b36a:	00f51963          	bne	a0,a5,b37c <_sbrk_r+0x2a>
    b36e:	1fff7797          	auipc	a5,0x1fff7
    b372:	3b278793          	addi	a5,a5,946 # 20002720 <errno>
    b376:	439c                	lw	a5,0(a5)
    b378:	c391                	beqz	a5,b37c <_sbrk_r+0x2a>
    b37a:	c01c                	sw	a5,0(s0)
    b37c:	40b2                	lw	ra,12(sp)
    b37e:	4422                	lw	s0,8(sp)
    b380:	0141                	addi	sp,sp,16
    b382:	8082                	ret

0000b384 <__malloc_lock>:
    b384:	8082                	ret

0000b386 <__malloc_unlock>:
    b386:	8082                	ret
    b388:	4e20                	lw	s0,88(a2)
    b38a:	494d                	li	s2,19
    b38c:	4820                	lw	s0,80(s0)
    b38e:	6e61                	lui	t3,0x18
    b390:	6c64                	flw	fs1,92(s0)
    b392:	7265                	lui	tp,0xffff9
    b394:	0a0d                	addi	s4,s4,3
    b396:	0000                	unimp
    b398:	6820                	flw	fs0,80(s0)
    b39a:	7261                	lui	tp,0xffff8
    b39c:	6664                	flw	fs1,76(a2)
    b39e:	6c75                	lui	s8,0x1d
    b3a0:	0d74                	addi	a3,sp,668
    b3a2:	000a                	c.slli	zero,0x2
    b3a4:	6568                	flw	fa0,76(a0)
    b3a6:	6c6c                	flw	fa1,92(s0)
    b3a8:	000a0d6f          	jal	s10,ab3a8 <__rt_init_end+0x9e9e8>
    b3ac:	6f6c                	flw	fa1,92(a4)
    b3ae:	6172                	flw	ft2,28(sp)
    b3b0:	32326133          	0x32326133
    b3b4:	695f 696e 2074      	0x2074696e695f
    b3ba:	7265                	lui	tp,0xffff9
    b3bc:	6f72                	flw	ft10,28(sp)
    b3be:	0d72                	slli	s10,s10,0x1c
    b3c0:	000a                	c.slli	zero,0x2
    b3c2:	0000                	unimp
    b3c4:	4241                	li	tp,16
    b3c6:	33323143          	fmadd.d	ft2,ft4,fs3,ft6,rup
    b3ca:	0a0d                	addi	s4,s4,3
    b3cc:	0000                	unimp
    b3ce:	0000                	unimp
    b3d0:	3341                	jal	b150 <memcpy+0x9c>
    b3d2:	4339                	li	t1,14
    b3d4:	542d                	li	s0,-21
    b3d6:	3034                	lbu	a3,3(s0)
    b3d8:	4130                	lw	a2,64(a0)
    b3da:	3232                	lhu	a2,34(a2)
    b3dc:	2d613153          	0x2d613153
    b3e0:	0000                	unimp
    b3e2:	0000                	unimp
    b3e4:	6f6d                	lui	t5,0x1b
    b3e6:	7564                	flw	fs1,108(a0)
    b3e8:	656c                	flw	fa1,76(a0)
    b3ea:	7620                	flw	fs0,104(a2)
    b3ec:	7265                	lui	tp,0xffff9
    b3ee:	6e6f6973          	csrrsi	s2,0x6e6,30
    b3f2:	3d20                	lbu	s0,27(a0)
    b3f4:	2520                	lbu	s0,10(a0)
    b3f6:	000a0d73          	0xa0d73
    b3fa:	0000                	unimp
    b3fc:	0a0d4b4f          	fnmadd.d	fs6,fs10,ft0,ft1,rmm
    b400:	0000                	unimp
    b402:	0000                	unimp
    b404:	6f6c                	flw	fa1,92(a4)
    b406:	6172                	flw	ft2,28(sp)
    b408:	32326133          	0x32326133
    b40c:	735f 6c65 5f66      	0x5f666c65735f
    b412:	6574                	flw	fa3,76(a0)
    b414:	65207473          	csrrci	s0,0x652,0
    b418:	7272                	flw	ft4,60(sp)
    b41a:	0a0d726f          	jal	tp,e24ba <__rt_init_end+0xd5afa>
    b41e:	0000                	unimp
    b420:	6f6c                	flw	fa1,92(a4)
    b422:	6172                	flw	ft2,28(sp)
    b424:	32326133          	0x32326133
    b428:	725f 7365 6f74      	0x6f747365725f
    b42e:	6572                	flw	fa0,28(sp)
    b430:	645f 6665 7561      	0x75616665645f
    b436:	746c                	flw	fa1,108(s0)
    b438:	6520                	flw	fs0,72(a0)
    b43a:	7272                	flw	ft4,60(sp)
    b43c:	0a0d726f          	jal	tp,e24dc <__rt_init_end+0xd5b1c>
    b440:	0000                	unimp
    b442:	0000                	unimp
    b444:	20746573          	csrrsi	a0,0x207,8
    b448:	6162                	flw	ft2,24(sp)
    b44a:	6475                	lui	s0,0x1d
    b44c:	6520                	flw	fs0,72(a0)
    b44e:	7272                	flw	ft4,60(sp)
    b450:	0a0d726f          	jal	tp,e24f0 <__rt_init_end+0xd5b30>
    b454:	0000                	unimp
    b456:	0000                	unimp
    b458:	20746573          	csrrsi	a0,0x207,8
    b45c:	6175                	addi	sp,sp,368
    b45e:	7472                	flw	fs0,60(sp)
    b460:	7020                	flw	fs0,96(s0)
    b462:	7261                	lui	tp,0xffff8
    b464:	6d61                	lui	s10,0x18
    b466:	7465                	lui	s0,0xffff9
    b468:	7265                	lui	tp,0xffff9
    b46a:	6520                	flw	fs0,72(a0)
    b46c:	7272                	flw	ft4,60(sp)
    b46e:	0a0d726f          	jal	tp,e250e <__rt_init_end+0xd5b4e>
    b472:	0000                	unimp
    b474:	20746573          	csrrsi	a0,0x207,8
    b478:	6e616863          	bltu	sp,t1,bb68 <__malloc_unlock+0x7e2>
    b47c:	656e                	flw	fa0,216(sp)
    b47e:	206c                	lbu	a1,6(s0)
    b480:	6e61                	lui	t3,0x18
    b482:	2064                	lbu	s1,6(s0)
    b484:	6f70                	flw	fa2,92(a4)
    b486:	20726577          	0x20726577
    b48a:	7265                	lui	tp,0xffff9
    b48c:	6f72                	flw	ft10,28(sp)
    b48e:	0d72                	slli	s10,s10,0x1c
    b490:	000a                	c.slli	zero,0x2
    b492:	0000                	unimp
    b494:	20746573          	csrrsi	a0,0x207,8
    b498:	756f7267          	0x756f7267
    b49c:	2070                	lbu	a2,6(s0)
    b49e:	6e61                	lui	t3,0x18
    b4a0:	2064                	lbu	s1,6(s0)
    b4a2:	6461                	lui	s0,0x18
    b4a4:	7264                	flw	fs1,100(a2)
    b4a6:	6520                	flw	fs0,72(a0)
    b4a8:	7272                	flw	ft4,60(sp)
    b4aa:	0a0d726f          	jal	tp,e254a <__rt_init_end+0xd5b8a>
    b4ae:	0000                	unimp
    b4b0:	6f6c                	flw	fa1,92(a4)
    b4b2:	6172                	flw	ft2,28(sp)
    b4b4:	32326133          	0x32326133
    b4b8:	735f 7465 775f      	0x775f7465735f
    b4be:	5f6b726f          	jal	tp,c2ab4 <__rt_init_end+0xb60f4>
    b4c2:	6f6d                	lui	t5,0x1b
    b4c4:	6564                	flw	fs1,76(a0)
    b4c6:	6520                	flw	fs0,72(a0)
    b4c8:	7272                	flw	ft4,60(sp)
    b4ca:	0a0d726f          	jal	tp,e256a <__rt_init_end+0xd5baa>
    b4ce:	0000                	unimp
    b4d0:	4f4c                	lw	a1,28(a4)
    b4d2:	4f505f57          	0x4f505f57
    b4d6:	5f524557          	0x5f524557
    b4da:	4f4d                	li	t5,19
    b4dc:	4544                	lw	s1,12(a0)
    b4de:	0d20                	addi	s0,sp,664
    b4e0:	000a                	c.slli	zero,0x2
    b4e2:	0000                	unimp
    b4e4:	5254                	lw	a3,36(a2)
    b4e6:	4e41                	li	t3,16
    b4e8:	52415053          	0x52415053
    b4ec:	4e45                	li	t3,17
    b4ee:	5f54                	lw	a3,60(a4)
    b4f0:	4f4d                	li	t5,19
    b4f2:	4544                	lw	s1,12(a0)
    b4f4:	0d20                	addi	s0,sp,664
    b4f6:	000a                	c.slli	zero,0x2
    b4f8:	6f6c                	flw	fa1,92(a4)
    b4fa:	6172                	flw	ft2,28(sp)
    b4fc:	32326133          	0x32326133
    b500:	6d5f 7475 7865      	0x786574756d5f
    b506:	0000                	unimp
    b508:	61657263          	bgeu	a0,s6,bb0c <__malloc_unlock+0x786>
    b50c:	6574                	flw	fa3,76(a0)
    b50e:	6c20                	flw	fs0,88(s0)
    b510:	3361726f          	jal	tp,22846 <__rt_init_end+0x15e86>
    b514:	3261                	jal	ae9c <__mulsf3+0x22e>
    b516:	5f32                	lw	t5,44(sp)
    b518:	756d                	lui	a0,0xffffb
    b51a:	6574                	flw	fa3,76(a0)
    b51c:	2078                	lbu	a4,6(s0)
    b51e:	6166                	flw	ft2,88(sp)
    b520:	6c69                	lui	s8,0x1a
    b522:	6465                	lui	s0,0x19
    b524:	0a2e                	slli	s4,s4,0xb
    b526:	0000                	unimp
    b528:	6f6c                	flw	fa1,92(a4)
    b52a:	6172                	flw	ft2,28(sp)
    b52c:	32326133          	0x32326133
    b530:	735f 6e65 0064      	0x646e65735f
    b536:	0000                	unimp
    b538:	6474                	flw	fa3,76(s0)
    b53a:	6c5f 726f 3361      	0x3361726f6c5f
    b540:	3261                	jal	aec8 <__mulsf3+0x25a>
    b542:	5f32                	lw	t5,44(sp)
    b544:	646e6573          	csrrsi	a0,0x646,28
    b548:	6320                	flw	fs0,64(a4)
    b54a:	6572                	flw	fa0,28(sp)
    b54c:	7461                	lui	s0,0xffff8
    b54e:	2065                	jal	b5f6 <__malloc_unlock+0x270>
    b550:	0a2e4b4f          	fnmadd.d	fs6,ft8,ft2,ft1,rmm
    b554:	0000                	unimp
    b556:	0000                	unimp
    b558:	6474                	flw	fa3,76(s0)
    b55a:	6c5f 726f 3361      	0x3361726f6c5f
    b560:	3261                	jal	aee8 <__mulsf3+0x27a>
    b562:	5f32                	lw	t5,44(sp)
    b564:	646e6573          	csrrsi	a0,0x646,28
    b568:	6320                	flw	fs0,64(a4)
    b56a:	6572                	flw	fa0,28(sp)
    b56c:	7461                	lui	s0,0xffff8
    b56e:	2065                	jal	b616 <__malloc_unlock+0x290>
    b570:	5245                	li	tp,-15
    b572:	4f52                	lw	t5,20(sp)
    b574:	2e52                	lhu	a2,28(a2)
    b576:	000a                	c.slli	zero,0x2
    b578:	72617473          	csrrci	s0,0x726,2
    b57c:	2074                	lbu	a3,6(s0)
    b57e:	6170                	flw	fa2,68(a0)
    b580:	7269                	lui	tp,0xffffa
    b582:	2e2e                	lhu	a1,26(a2)
    b584:	0d2e                	slli	s10,s10,0xb
    b586:	000a                	c.slli	zero,0x2
    b588:	6e72                	flw	ft8,28(sp)
    b58a:	203d2067          	0x203d2067
    b58e:	5825                	li	a6,-23
    b590:	0a0d                	addi	s4,s4,3
    b592:	0000                	unimp
    b594:	6e616863          	bltu	sp,t1,bc84 <__malloc_unlock+0x8fe>
    b598:	656e                	flw	fa0,216(sp)
    b59a:	206c                	lbu	a1,6(s0)
    b59c:	203d                	jal	b5ca <__malloc_unlock+0x244>
    b59e:	7830                	flw	fa2,112(s0)
    b5a0:	5825                	li	a6,-23
    b5a2:	0d2e                	slli	s10,s10,0xb
    b5a4:	000a                	c.slli	zero,0x2
    b5a6:	0000                	unimp
    b5a8:	756f7267          	0x756f7267
    b5ac:	5f70                	lw	a2,124(a4)
    b5ae:	756e                	flw	fa0,248(sp)
    b5b0:	206d                	jal	b65a <__malloc_unlock+0x2d4>
    b5b2:	203d                	jal	b5e0 <__malloc_unlock+0x25a>
    b5b4:	7830                	flw	fa2,112(s0)
    b5b6:	5825                	li	a6,-23
    b5b8:	0d2e                	slli	s10,s10,0xb
    b5ba:	000a                	c.slli	zero,0x2
    b5bc:	6461                	lui	s0,0x18
    b5be:	7264                	flw	fs1,100(a2)
    b5c0:	3d20                	lbu	s0,27(a0)
    b5c2:	3020                	lbu	s0,3(s0)
    b5c4:	2578                	lbu	a4,14(a0)
    b5c6:	2e58                	lbu	a4,28(a2)
    b5c8:	0a0d                	addi	s4,s4,3
    b5ca:	0000                	unimp
    b5cc:	20746573          	csrrsi	a0,0x207,8
    b5d0:	6f6c                	flw	fa1,92(a4)
    b5d2:	6172                	flw	ft2,28(sp)
    b5d4:	32326133          	0x32326133
    b5d8:	7420                	flw	fs0,104(s0)
    b5da:	7261                	lui	tp,0xffff8
    b5dc:	20746567          	0x20746567
    b5e0:	7265                	lui	tp,0xffff9
    b5e2:	6f72                	flw	ft10,28(sp)
    b5e4:	0d72                	slli	s10,s10,0x1c
    b5e6:	000a                	c.slli	zero,0x2
    b5e8:	20746573          	csrrsi	a0,0x207,8
    b5ec:	6f6c                	flw	fa1,92(a4)
    b5ee:	6172                	flw	ft2,28(sp)
    b5f0:	32326133          	0x32326133
    b5f4:	7420                	flw	fs0,104(s0)
    b5f6:	7261                	lui	tp,0xffff8
    b5f8:	20746567          	0x20746567
    b5fc:	0a0d6b6f          	jal	s6,e169c <__rt_init_end+0xd4cdc>
    b600:	0000                	unimp
    b602:	0000                	unimp
    b604:	20746573          	csrrsi	a0,0x207,8
    b608:	6f6c                	flw	fa1,92(a4)
    b60a:	6172                	flw	ft2,28(sp)
    b60c:	32326133          	0x32326133
    b610:	6c20                	flw	fs0,88(s0)
    b612:	6c61636f          	jal	t1,21cd8 <__rt_init_end+0x15318>
    b616:	6520                	flw	fs0,72(a0)
    b618:	7272                	flw	ft4,60(sp)
    b61a:	0a0d726f          	jal	tp,e26ba <__rt_init_end+0xd5cfa>
    b61e:	0000                	unimp
    b620:	20746573          	csrrsi	a0,0x207,8
    b624:	6f6c                	flw	fa1,92(a4)
    b626:	6172                	flw	ft2,28(sp)
    b628:	32326133          	0x32326133
    b62c:	6c20                	flw	fs0,88(s0)
    b62e:	6c61636f          	jal	t1,21cf4 <__rt_init_end+0x15334>
    b632:	6f20                	flw	fs0,88(a4)
    b634:	000a0d6b          	0xa0d6b
    b638:	706f7473          	csrrci	s0,0x706,30
    b63c:	7020                	flw	fs0,96(s0)
    b63e:	6961                	lui	s2,0x18
    b640:	2e72                	lhu	a2,30(a2)
    b642:	2e2e                	lhu	a1,26(a2)
    b644:	0a0d                	addi	s4,s4,3
    b646:	0000                	unimp
    b648:	6170                	flw	fa2,68(a0)
    b64a:	7269                	lui	tp,0xffffa
    b64c:	0000                	unimp
    b64e:	0000                	unimp
    b650:	6170                	flw	fa2,68(a0)
    b652:	7269                	lui	tp,0xffffa
    b654:	745f 7268 6165      	0x61657268745f
    b65a:	2064                	lbu	s1,6(s0)
    b65c:	61657263          	bgeu	a0,s6,bc60 <__malloc_unlock+0x8da>
    b660:	6574                	flw	fa3,76(a0)
    b662:	4f20                	lw	s0,88(a4)
    b664:	000a2e4b          	fnmsub.s	ft8,fs4,ft0,ft0,rdn
    b668:	6170                	flw	fa2,68(a0)
    b66a:	7269                	lui	tp,0xffffa
    b66c:	745f 7268 6165      	0x61657268745f
    b672:	2064                	lbu	s1,6(s0)
    b674:	61657263          	bgeu	a0,s6,bc78 <__malloc_unlock+0x8f2>
    b678:	6574                	flw	fa3,76(a0)
    b67a:	4520                	lw	s0,72(a0)
    b67c:	5252                	lw	tp,52(sp)
    b67e:	0a2e524f          	fnmadd.d	ft4,ft8,ft2,ft1,unknown
    b682:	0000                	unimp
    b684:	72617473          	csrrci	s0,0x726,2
    b688:	2074                	lbu	a3,6(s0)
    b68a:	696c6163          	bltu	s8,s6,bd0c <__malloc_unlock+0x986>
    b68e:	7262                	flw	ft4,56(sp)
    b690:	7461                	lui	s0,0xffff8
    b692:	6f69                	lui	t5,0x1a
    b694:	2e6e                	lhu	a1,30(a2)
    b696:	2e2e                	lhu	a1,26(a2)
    b698:	0a0d                	addi	s4,s4,3
    b69a:	0000                	unimp
    b69c:	706f7473          	csrrci	s0,0x706,30
    b6a0:	6320                	flw	fs0,64(a4)
    b6a2:	6c61                	lui	s8,0x18
    b6a4:	6269                	lui	tp,0x1a
    b6a6:	6172                	flw	ft2,28(sp)
    b6a8:	6974                	flw	fa3,84(a0)
    b6aa:	2e2e6e6f          	jal	t3,f198c <__rt_init_end+0xe4fcc>
    b6ae:	0d2e                	slli	s10,s10,0xb
    b6b0:	000a                	c.slli	zero,0x2
    b6b2:	0000                	unimp
    b6b4:	696c6163          	bltu	s8,s6,bd36 <__malloc_unlock+0x9b0>
    b6b8:	7262                	flw	ft4,56(sp)
    b6ba:	7461                	lui	s0,0xffff8
    b6bc:	6f69                	lui	t5,0x1a
    b6be:	006e                	c.slli	zero,0x1b
    b6c0:	696c6163          	bltu	s8,s6,bd42 <__malloc_unlock+0x9bc>
    b6c4:	7262                	flw	ft4,56(sp)
    b6c6:	7461                	lui	s0,0xffff8
    b6c8:	6f69                	lui	t5,0x1a
    b6ca:	5f6e                	lw	t5,248(sp)
    b6cc:	6874                	flw	fa3,84(s0)
    b6ce:	6572                	flw	fa0,28(sp)
    b6d0:	6461                	lui	s0,0x18
    b6d2:	6320                	flw	fs0,64(a4)
    b6d4:	6572                	flw	fa0,28(sp)
    b6d6:	7461                	lui	s0,0xffff8
    b6d8:	2065                	jal	b780 <__malloc_unlock+0x3fa>
    b6da:	0a2e4b4f          	fnmadd.d	fs6,ft8,ft2,ft1,rmm
    b6de:	0000                	unimp
    b6e0:	696c6163          	bltu	s8,s6,bd62 <__malloc_unlock+0x9dc>
    b6e4:	7262                	flw	ft4,56(sp)
    b6e6:	7461                	lui	s0,0xffff8
    b6e8:	6f69                	lui	t5,0x1a
    b6ea:	5f6e                	lw	t5,248(sp)
    b6ec:	6874                	flw	fa3,84(s0)
    b6ee:	6572                	flw	fa0,28(sp)
    b6f0:	6461                	lui	s0,0x18
    b6f2:	6320                	flw	fs0,64(a4)
    b6f4:	6572                	flw	fa0,28(sp)
    b6f6:	7461                	lui	s0,0xffff8
    b6f8:	2065                	jal	b7a0 <__malloc_unlock+0x41a>
    b6fa:	5245                	li	tp,-15
    b6fc:	4f52                	lw	t5,20(sp)
    b6fe:	2e52                	lhu	a2,28(a2)
    b700:	000a                	c.slli	zero,0x2
    b702:	0000                	unimp
    b704:	616d                	addi	sp,sp,240
    b706:	6e69                	lui	t3,0x1a
    b708:	0000                	unimp
    b70a:	0000                	unimp
    b70c:	6f54                	flw	fa3,28(a4)
    b70e:	6920                	flw	fs0,80(a0)
    b710:	696e                	flw	fs2,216(sp)
    b712:	6974                	flw	fa3,84(a0)
    b714:	6c61                	lui	s8,0x18
    b716:	7a69                	lui	s4,0xffffa
    b718:	2065                	jal	b7c0 <__malloc_unlock+0x43a>
    b71a:	6564                	flw	fs1,76(a0)
    b71c:	6976                	flw	fs2,92(sp)
    b71e:	253a6563          	bltu	s4,s3,b968 <__malloc_unlock+0x5e2>
    b722:	61662073          	csrs	0x616,a2
    b726:	6c69                	lui	s8,0x1a
    b728:	6465                	lui	s0,0x19
    b72a:	202e                	lhu	a1,2(s0)
    b72c:	6854                	flw	fa3,20(s0)
    b72e:	2065                	jal	b7d6 <__malloc_unlock+0x450>
    b730:	7265                	lui	tp,0xffff9
    b732:	6f72                	flw	ft10,28(sp)
    b734:	2072                	lhu	a2,6(s0)
    b736:	65646f63          	bltu	s0,s6,bd94 <__malloc_unlock+0xa0e>
    b73a:	6920                	flw	fs0,80(a0)
    b73c:	64252073          	csrs	0x642,a0
    b740:	000a                	c.slli	zero,0x2
    b742:	0000                	unimp
    b744:	6974                	flw	fa3,84(a0)
    b746:	6c64                	flw	fs1,92(s0)
    b748:	0065                	c.nop	25
    b74a:	0000                	unimp
    b74c:	200a                	lhu	a0,0(s0)
    b74e:	205c                	lbu	a5,4(s0)
    b750:	207c                	lbu	a5,6(s0)
    b752:	00000a2f          	0xa2f
    b756:	0000                	unimp
    b758:	202d                	jal	b782 <__malloc_unlock+0x3fc>
    b75a:	5452                	lw	s0,52(sp)
    b75c:	2d20                	lbu	s0,26(a0)
    b75e:	2020                	lbu	s0,2(s0)
    b760:	2020                	lbu	s0,2(s0)
    b762:	5420                	lw	s0,104(s0)
    b764:	7268                	flw	fa0,100(a2)
    b766:	6165                	addi	sp,sp,112
    b768:	2064                	lbu	s1,6(s0)
    b76a:	7265704f          	fnmadd.d	ft0,fa0,ft6,fa4
    b76e:	7461                	lui	s0,0xffff8
    b770:	6e69                	lui	t3,0x1a
    b772:	79532067          	0x79532067
    b776:	6d657473          	csrrci	s0,0x6d6,10
    b77a:	000a                	c.slli	zero,0x2
    b77c:	20706553          	0x20706553
    b780:	3520                	lbu	s0,11(a0)
    b782:	3220                	lbu	s0,3(a2)
    b784:	3230                	lbu	a2,3(a2)
    b786:	0036                	c.slli	zero,0xd
    b788:	2f20                	lbu	s0,26(a4)
    b78a:	7c20                	flw	fs0,120(s0)
    b78c:	5c20                	lw	s0,120(s0)
    b78e:	2020                	lbu	s0,2(s0)
    b790:	2020                	lbu	s0,2(s0)
    b792:	2520                	lbu	s0,10(a0)
    b794:	2e64                	lbu	s1,30(a2)
    b796:	6425                	lui	s0,0x9
    b798:	252e                	lhu	a1,10(a0)
    b79a:	2064                	lbu	s1,6(s0)
    b79c:	7562                	flw	fa0,56(sp)
    b79e:	6c69                	lui	s8,0x1a
    b7a0:	2064                	lbu	s1,6(s0)
    b7a2:	7325                	lui	t1,0xfffe9
    b7a4:	000a                	c.slli	zero,0x2
    b7a6:	0000                	unimp
    b7a8:	3220                	lbu	s0,3(a2)
    b7aa:	3030                	lbu	a2,3(s0)
    b7ac:	2036                	lhu	a3,2(s0)
    b7ae:	202d                	jal	b7d8 <__malloc_unlock+0x452>
    b7b0:	3032                	lhu	a2,34(s0)
    b7b2:	3931                	jal	b3ce <__malloc_unlock+0x48>
    b7b4:	4320                	lw	s0,64(a4)
    b7b6:	7279706f          	j	a36dc <__rt_init_end+0x96d1c>
    b7ba:	6769                	lui	a4,0x1a
    b7bc:	7468                	flw	fa0,108(s0)
    b7be:	6220                	flw	fs0,64(a2)
    b7c0:	2079                	jal	b84e <__malloc_unlock+0x4c8>
    b7c2:	7472                	flw	fs0,60(sp)
    b7c4:	742d                	lui	s0,0xfffeb
    b7c6:	7268                	flw	fa0,100(a2)
    b7c8:	6165                	addi	sp,sp,112
    b7ca:	2064                	lbu	s1,6(s0)
    b7cc:	6574                	flw	fa3,76(a0)
    b7ce:	6d61                	lui	s10,0x18
    b7d0:	000a                	c.slli	zero,0x2
    b7d2:	0000                	unimp
    b7d4:	4e28                	lw	a0,88(a2)
    b7d6:	4c55                	li	s8,21
    b7d8:	294c                	lbu	a1,20(a0)
    b7da:	0000                	unimp
    b7dc:	6568                	flw	fa0,76(a0)
    b7de:	7061                	c.lui	zero,0xffff8
    b7e0:	0000                	unimp
    b7e2:	0000                	unimp
    b7e4:	656d                	lui	a0,0x1b
    b7e6:	206d                	jal	b890 <__malloc_unlock+0x50a>
    b7e8:	6e69                	lui	t3,0x1a
    b7ea:	7469                	lui	s0,0xffffa
    b7ec:	202c                	lbu	a1,2(s0)
    b7ee:	7265                	lui	tp,0xffff9
    b7f0:	6f72                	flw	ft10,28(sp)
    b7f2:	2072                	lhu	a2,6(s0)
    b7f4:	6562                	flw	fa0,24(sp)
    b7f6:	206e6967          	0x206e6967
    b7fa:	6461                	lui	s0,0x18
    b7fc:	7264                	flw	fs1,100(a2)
    b7fe:	7365                	lui	t1,0xffff9
    b800:	78302073          	csrr	zero,0x783
    b804:	7825                	lui	a6,0xfffe9
    b806:	202c                	lbu	a1,2(s0)
    b808:	6e61                	lui	t3,0x18
    b80a:	2064                	lbu	s1,6(s0)
    b80c:	6e65                	lui	t3,0x19
    b80e:	2064                	lbu	s1,6(s0)
    b810:	6461                	lui	s0,0x18
    b812:	7264                	flw	fs1,100(a2)
    b814:	7365                	lui	t1,0xffff9
    b816:	78302073          	csrr	zero,0x783
    b81a:	7825                	lui	a6,0xfffe9
    b81c:	000a                	c.slli	zero,0x2
    b81e:	0000                	unimp
    b820:	6f74                	flw	fa3,92(a4)
    b822:	6620                	flw	fs0,72(a2)
    b824:	6572                	flw	fa0,28(sp)
    b826:	2065                	jal	b8ce <__malloc_unlock+0x548>
    b828:	2061                	jal	b8b0 <__malloc_unlock+0x52a>
    b82a:	6162                	flw	ft2,24(sp)
    b82c:	2064                	lbu	s1,6(s0)
    b82e:	6164                	flw	fs1,68(a0)
    b830:	6174                	flw	fa3,68(a0)
    b832:	6220                	flw	fs0,64(a2)
    b834:	6f6c                	flw	fa1,92(a4)
    b836:	0a3a6b63          	bltu	s4,gp,b8ec <__malloc_unlock+0x566>
    b83a:	0000                	unimp
    b83c:	656d                	lui	a0,0x1b
    b83e:	3a6d                	jal	b1f8 <rand+0x3c>
    b840:	3020                	lbu	s0,3(s0)
    b842:	2578                	lbu	a4,14(a0)
    b844:	3830                	lbu	a2,19(s0)
    b846:	2c78                	lbu	a4,30(s0)
    b848:	7520                	flw	fs0,104(a0)
    b84a:	20646573          	csrrsi	a0,0x206,8
    b84e:	6c66                	flw	fs8,88(sp)
    b850:	6761                	lui	a4,0x18
    b852:	203a                	lhu	a4,2(s0)
    b854:	6425                	lui	s0,0x9
    b856:	202c                	lbu	a1,2(s0)
    b858:	616d                	addi	sp,sp,240
    b85a:	20636967          	0x20636967
    b85e:	65646f63          	bltu	s0,s6,bebc <__malloc_unlock+0xb36>
    b862:	203a                	lhu	a4,2(s0)
    b864:	7830                	flw	fa2,112(s0)
    b866:	3025                	jal	b08e <__clzsi2+0x6c>
    b868:	7834                	flw	fa3,112(s0)
    b86a:	000a                	c.slli	zero,0x2
    b86c:	6f74                	flw	fa3,92(a4)
    b86e:	6174                	flw	fa3,68(a0)
    b870:	206c                	lbu	a1,6(s0)
    b872:	656d                	lui	a0,0x1b
    b874:	6f6d                	lui	t5,0x1b
    b876:	7972                	flw	fs2,60(sp)
    b878:	203a                	lhu	a4,2(s0)
    b87a:	6425                	lui	s0,0x9
    b87c:	000a                	c.slli	zero,0x2
    b87e:	0000                	unimp
    b880:	7375                	lui	t1,0xffffd
    b882:	6465                	lui	s0,0x19
    b884:	6d20                	flw	fs0,88(a0)
    b886:	6d65                	lui	s10,0x19
    b888:	2079726f          	jal	tp,a328e <__rt_init_end+0x968ce>
    b88c:	203a                	lhu	a4,2(s0)
    b88e:	6425                	lui	s0,0x9
    b890:	000a                	c.slli	zero,0x2
    b892:	0000                	unimp
    b894:	616d                	addi	sp,sp,240
    b896:	6978                	flw	fa4,84(a0)
    b898:	756d                	lui	a0,0xffffb
    b89a:	206d                	jal	b944 <__malloc_unlock+0x5be>
    b89c:	6c61                	lui	s8,0x18
    b89e:	6f6c                	flw	fa1,92(a4)
    b8a0:	65746163          	bltu	s0,s7,bee2 <__malloc_unlock+0xb5c>
    b8a4:	2064                	lbu	s1,6(s0)
    b8a6:	656d                	lui	a0,0x1b
    b8a8:	6f6d                	lui	t5,0x1b
    b8aa:	7972                	flw	fs2,60(sp)
    b8ac:	203a                	lhu	a4,2(s0)
    b8ae:	6425                	lui	s0,0x9
    b8b0:	000a                	c.slli	zero,0x2
    b8b2:	0000                	unimp
    b8b4:	4a325b1b          	0x4a325b1b
    b8b8:	00485b1b          	0x485b1b
    b8bc:	002d                	c.nop	11
    b8be:	0000                	unimp
    b8c0:	6874                	flw	fa3,84(s0)
    b8c2:	6572                	flw	fa0,28(sp)
    b8c4:	6461                	lui	s0,0x18
    b8c6:	0000                	unimp
    b8c8:	2d25                	jal	bf00 <__malloc_unlock+0xb7a>
    b8ca:	2e2a                	lhu	a0,26(a2)
    b8cc:	72702073          	csrr	zero,0x727
    b8d0:	2069                	jal	b95a <__malloc_unlock+0x5d4>
    b8d2:	7320                	flw	fs0,96(a4)
    b8d4:	6174                	flw	fa3,68(a0)
    b8d6:	7574                	flw	fa3,108(a0)
    b8d8:	20202073          	csrr	zero,hedeleg
    b8dc:	2020                	lbu	s0,2(s0)
    b8de:	7320                	flw	fs0,96(a4)
    b8e0:	2070                	lbu	a2,6(s0)
    b8e2:	2020                	lbu	s0,2(s0)
    b8e4:	2020                	lbu	s0,2(s0)
    b8e6:	63617473          	csrrci	s0,0x636,2
    b8ea:	6973206b          	0x6973206b
    b8ee:	657a                	flw	fa0,156(sp)
    b8f0:	6d20                	flw	fs0,88(a0)
    b8f2:	7861                	lui	a6,0xffff8
    b8f4:	7520                	flw	fs0,104(a0)
    b8f6:	20646573          	csrrsi	a0,0x206,8
    b8fa:	656c                	flw	fa1,76(a0)
    b8fc:	7466                	flw	fs0,120(sp)
    b8fe:	7420                	flw	fs0,104(s0)
    b900:	6369                	lui	t1,0x1a
    b902:	6520206b          	0x6520206b
    b906:	7272                	flw	ft4,60(sp)
    b908:	000a726f          	jal	tp,b2908 <__rt_init_end+0xa5f48>
    b90c:	2d20                	lbu	s0,26(a0)
    b90e:	2d2d                	jal	bf48 <__malloc_unlock+0xbc2>
    b910:	2020                	lbu	s0,2(s0)
    b912:	2d2d                	jal	bf4c <__malloc_unlock+0xbc6>
    b914:	2d2d                	jal	bf4e <__malloc_unlock+0xbc8>
    b916:	2d2d                	jal	bf50 <__malloc_unlock+0xbca>
    b918:	202d                	jal	b942 <__malloc_unlock+0x5bc>
    b91a:	2d2d                	jal	bf54 <__malloc_unlock+0xbce>
    b91c:	2d2d                	jal	bf56 <__malloc_unlock+0xbd0>
    b91e:	2d2d                	jal	bf58 <__malloc_unlock+0xbd2>
    b920:	2d2d                	jal	bf5a <__malloc_unlock+0xbd4>
    b922:	2d2d                	jal	bf5c <__malloc_unlock+0xbd6>
    b924:	2d20                	lbu	s0,26(a0)
    b926:	2d2d                	jal	bf60 <__malloc_unlock+0xbda>
    b928:	2d2d                	jal	bf62 <__malloc_unlock+0xbdc>
    b92a:	2d2d                	jal	bf64 <__malloc_unlock+0xbde>
    b92c:	2d2d                	jal	bf66 <__malloc_unlock+0xbe0>
    b92e:	202d                	jal	b958 <__malloc_unlock+0x5d2>
    b930:	2d20                	lbu	s0,26(a0)
    b932:	2d2d                	jal	bf6c <__malloc_unlock+0xbe6>
    b934:	2d2d                	jal	bf6e <__malloc_unlock+0xbe8>
    b936:	202d                	jal	b960 <__malloc_unlock+0x5da>
    b938:	2d20                	lbu	s0,26(a0)
    b93a:	2d2d                	jal	bf74 <__malloc_unlock+0xbee>
    b93c:	2d2d                	jal	bf76 <__malloc_unlock+0xbf0>
    b93e:	2d2d                	jal	bf78 <__malloc_unlock+0xbf2>
    b940:	2d2d                	jal	bf7a <__malloc_unlock+0xbf4>
    b942:	202d                	jal	b96c <__malloc_unlock+0x5e6>
    b944:	2d2d                	jal	bf7e <__malloc_unlock+0xbf8>
    b946:	0a2d                	addi	s4,s4,11
    b948:	0000                	unimp
    b94a:	0000                	unimp
    b94c:	2d25                	jal	bf84 <__malloc_unlock+0xbfe>
    b94e:	2e2a                	lhu	a0,26(a2)
    b950:	732a                	flw	ft6,168(sp)
    b952:	2520                	lbu	s0,10(a0)
    b954:	00206433          	or	s0,zero,sp
    b958:	7220                	flw	fs0,96(a2)
    b95a:	6165                	addi	sp,sp,112
    b95c:	7964                	flw	fs1,116(a0)
    b95e:	2020                	lbu	s0,2(s0)
    b960:	0000                	unimp
    b962:	0000                	unimp
    b964:	7320                	flw	fs0,96(a4)
    b966:	7375                	lui	t1,0xffffd
    b968:	6570                	flw	fa2,76(a0)
    b96a:	646e                	flw	fs0,216(sp)
    b96c:	0000                	unimp
    b96e:	0000                	unimp
    b970:	6920                	flw	fs0,80(a0)
    b972:	696e                	flw	fs2,216(sp)
    b974:	2074                	lbu	a3,6(s0)
    b976:	2020                	lbu	s0,2(s0)
    b978:	0000                	unimp
    b97a:	0000                	unimp
    b97c:	6320                	flw	fs0,64(a4)
    b97e:	6f6c                	flw	fa1,92(a4)
    b980:	20206573          	csrrsi	a0,hedeleg,0
    b984:	0000                	unimp
    b986:	0000                	unimp
    b988:	3020                	lbu	s0,3(s0)
    b98a:	2578                	lbu	a4,14(a0)
    b98c:	3830                	lbu	a2,19(s0)
    b98e:	2078                	lbu	a4,6(s0)
    b990:	7830                	flw	fa2,112(s0)
    b992:	3025                	jal	b1ba <srand+0x54>
    b994:	7838                	flw	fa4,112(s0)
    b996:	2020                	lbu	s0,2(s0)
    b998:	2020                	lbu	s0,2(s0)
    b99a:	3025                	jal	b1c2 <rand+0x6>
    b99c:	6432                	flw	fs0,12(sp)
    b99e:	2525                	jal	bfc6 <__malloc_unlock+0xc40>
    b9a0:	2020                	lbu	s0,2(s0)
    b9a2:	3020                	lbu	s0,3(s0)
    b9a4:	2578                	lbu	a4,14(a0)
    b9a6:	3830                	lbu	a2,19(s0)
    b9a8:	2078                	lbu	a4,6(s0)
    b9aa:	3025                	jal	b1d2 <rand+0x16>
    b9ac:	000a6433          	or	s0,s4,zero
    b9b0:	7325                	lui	t1,0xfffe9
    b9b2:	0000                	unimp
    b9b4:	0000002f          	0x2f
    b9b8:	616d6573          	csrrsi	a0,0x616,26
    b9bc:	6870                	flw	fa2,84(s0)
    b9be:	0065726f          	jal	tp,629c4 <__rt_init_end+0x56004>
    b9c2:	0000                	unimp
    b9c4:	2d25                	jal	bffc <__malloc_unlock+0xc76>
    b9c6:	2e2a                	lhu	a0,26(a2)
    b9c8:	20762073          	csrs	0x207,a2
    b9cc:	2020                	lbu	s0,2(s0)
    b9ce:	70737573          	csrrci	a0,0x707,6
    b9d2:	6e65                	lui	t3,0x19
    b9d4:	2064                	lbu	s1,6(s0)
    b9d6:	6874                	flw	fa3,84(s0)
    b9d8:	6572                	flw	fa0,28(sp)
    b9da:	6461                	lui	s0,0x18
    b9dc:	000a                	c.slli	zero,0x2
    b9de:	0000                	unimp
    b9e0:	2d20                	lbu	s0,26(a0)
    b9e2:	2d2d                	jal	c01c <__malloc_unlock+0xc96>
    b9e4:	2d20                	lbu	s0,26(a0)
    b9e6:	2d2d                	jal	c020 <__malloc_unlock+0xc9a>
    b9e8:	2d2d                	jal	c022 <__malloc_unlock+0xc9c>
    b9ea:	2d2d                	jal	c024 <__malloc_unlock+0xc9e>
    b9ec:	2d2d                	jal	c026 <__malloc_unlock+0xca0>
    b9ee:	2d2d                	jal	c028 <__malloc_unlock+0xca2>
    b9f0:	2d2d                	jal	c02a <__malloc_unlock+0xca4>
    b9f2:	0a2d                	addi	s4,s4,11
    b9f4:	0000                	unimp
    b9f6:	0000                	unimp
    b9f8:	2d25                	jal	c030 <__malloc_unlock+0xcaa>
    b9fa:	2e2a                	lhu	a0,26(a2)
    b9fc:	732a                	flw	ft6,168(sp)
    b9fe:	2520                	lbu	s0,10(a0)
    ba00:	3330                	lbu	a2,3(a4)
    ba02:	2064                	lbu	s1,6(s0)
    ba04:	6425                	lui	s0,0x9
    ba06:	003a                	c.slli	zero,0xe
    ba08:	000a                	c.slli	zero,0x2
    ba0a:	0000                	unimp
    ba0c:	2d25                	jal	c044 <__malloc_unlock+0xcbe>
    ba0e:	2e2a                	lhu	a0,26(a2)
    ba10:	732a                	flw	ft6,168(sp)
    ba12:	2520                	lbu	s0,10(a0)
    ba14:	3330                	lbu	a2,3(a4)
    ba16:	2064                	lbu	s1,6(s0)
    ba18:	6425                	lui	s0,0x9
    ba1a:	000a                	c.slli	zero,0x2
    ba1c:	7665                	lui	a2,0xffff9
    ba1e:	6e65                	lui	t3,0x19
    ba20:	0074                	addi	a3,sp,12
    ba22:	0000                	unimp
    ba24:	2d25                	jal	c05c <__malloc_unlock+0xcd6>
    ba26:	2e2a                	lhu	a0,26(a2)
    ba28:	20202073          	csrr	zero,hedeleg
    ba2c:	2020                	lbu	s0,2(s0)
    ba2e:	7320                	flw	fs0,96(a4)
    ba30:	7465                	lui	s0,0xffff9
    ba32:	2020                	lbu	s0,2(s0)
    ba34:	2020                	lbu	s0,2(s0)
    ba36:	70737573          	csrrci	a0,0x707,6
    ba3a:	6e65                	lui	t3,0x19
    ba3c:	2064                	lbu	s1,6(s0)
    ba3e:	6874                	flw	fa3,84(s0)
    ba40:	6572                	flw	fa0,28(sp)
    ba42:	6461                	lui	s0,0x18
    ba44:	000a                	c.slli	zero,0x2
    ba46:	0000                	unimp
    ba48:	2020                	lbu	s0,2(s0)
    ba4a:	2d2d                	jal	c084 <__malloc_unlock+0xcfe>
    ba4c:	2d2d                	jal	c086 <__malloc_unlock+0xd00>
    ba4e:	2d2d                	jal	c088 <__malloc_unlock+0xd02>
    ba50:	2d2d                	jal	c08a <__malloc_unlock+0xd04>
    ba52:	2d2d                	jal	c08c <__malloc_unlock+0xd06>
    ba54:	2d20                	lbu	s0,26(a0)
    ba56:	2d2d                	jal	c090 <__malloc_unlock+0xd0a>
    ba58:	2d2d                	jal	c092 <__malloc_unlock+0xd0c>
    ba5a:	2d2d                	jal	c094 <__malloc_unlock+0xd0e>
    ba5c:	2d2d                	jal	c096 <__malloc_unlock+0xd10>
    ba5e:	2d2d                	jal	c098 <__malloc_unlock+0xd12>
    ba60:	2d2d                	jal	c09a <__malloc_unlock+0xd14>
    ba62:	0a2d                	addi	s4,s4,11
    ba64:	0000                	unimp
    ba66:	0000                	unimp
    ba68:	2d25                	jal	c0a0 <__malloc_unlock+0xd1a>
    ba6a:	2e2a                	lhu	a0,26(a2)
    ba6c:	732a                	flw	ft6,168(sp)
    ba6e:	2020                	lbu	s0,2(s0)
    ba70:	7830                	flw	fa2,112(s0)
    ba72:	3025                	jal	b29a <_malloc_r+0x16>
    ba74:	7838                	flw	fa4,112(s0)
    ba76:	2520                	lbu	s0,10(a0)
    ba78:	3330                	lbu	a2,3(a4)
    ba7a:	3a64                	lbu	s1,23(a2)
    ba7c:	0000                	unimp
    ba7e:	0000                	unimp
    ba80:	2d25                	jal	c0b8 <__malloc_unlock+0xd32>
    ba82:	2e2a                	lhu	a0,26(a2)
    ba84:	732a                	flw	ft6,168(sp)
    ba86:	2020                	lbu	s0,2(s0)
    ba88:	7830                	flw	fa2,112(s0)
    ba8a:	3025                	jal	b2b2 <_malloc_r+0x2e>
    ba8c:	7838                	flw	fa4,112(s0)
    ba8e:	3020                	lbu	s0,3(s0)
    ba90:	000a                	c.slli	zero,0x2
    ba92:	0000                	unimp
    ba94:	756d                	lui	a0,0xffffb
    ba96:	6574                	flw	fa3,76(a0)
    ba98:	0078                	addi	a4,sp,12
    ba9a:	0000                	unimp
    ba9c:	2d25                	jal	c0d4 <__malloc_unlock+0xd4e>
    ba9e:	2e2a                	lhu	a0,26(a2)
    baa0:	20202073          	csrr	zero,hedeleg
    baa4:	656e776f          	jal	a4,f30fa <__rt_init_end+0xe673a>
    baa8:	2072                	lhu	a2,6(s0)
    baaa:	6820                	flw	fs0,80(s0)
    baac:	20646c6f          	jal	s8,51cb2 <__rt_init_end+0x452f2>
    bab0:	70737573          	csrrci	a0,0x707,6
    bab4:	6e65                	lui	t3,0x19
    bab6:	2064                	lbu	s1,6(s0)
    bab8:	6874                	flw	fa3,84(s0)
    baba:	6572                	flw	fa0,28(sp)
    babc:	6461                	lui	s0,0x18
    babe:	000a                	c.slli	zero,0x2
    bac0:	2d20                	lbu	s0,26(a0)
    bac2:	2d2d                	jal	c0fc <__malloc_unlock+0xd76>
    bac4:	2d2d                	jal	c0fe <__malloc_unlock+0xd78>
    bac6:	2d2d                	jal	c100 <__malloc_unlock+0xd7a>
    bac8:	202d                	jal	baf2 <__malloc_unlock+0x76c>
    baca:	2d2d                	jal	c104 <__malloc_unlock+0xd7e>
    bacc:	2d2d                	jal	c106 <__malloc_unlock+0xd80>
    bace:	2d20                	lbu	s0,26(a0)
    bad0:	2d2d                	jal	c10a <__malloc_unlock+0xd84>
    bad2:	2d2d                	jal	c10c <__malloc_unlock+0xd86>
    bad4:	2d2d                	jal	c10e <__malloc_unlock+0xd88>
    bad6:	2d2d                	jal	c110 <__malloc_unlock+0xd8a>
    bad8:	2d2d                	jal	c112 <__malloc_unlock+0xd8c>
    bada:	2d2d                	jal	c114 <__malloc_unlock+0xd8e>
    badc:	0a2d                	addi	s4,s4,11
    bade:	0000                	unimp
    bae0:	2d25                	jal	c118 <__malloc_unlock+0xd92>
    bae2:	2e2a                	lhu	a0,26(a2)
    bae4:	732a                	flw	ft6,168(sp)
    bae6:	2520                	lbu	s0,10(a0)
    bae8:	382d                	jal	b322 <_malloc_r+0x9e>
    baea:	2a2e                	lhu	a1,18(a2)
    baec:	30252073          	csrs	medeleg,a0
    baf0:	6434                	flw	fa3,72(s0)
    baf2:	2520                	lbu	s0,10(a0)
    baf4:	0a64                	addi	s1,sp,284
    baf6:	0000                	unimp
    baf8:	616d                	addi	sp,sp,240
    bafa:	6c69                	lui	s8,0x1a
    bafc:	6f62                	flw	ft10,24(sp)
    bafe:	0078                	addi	a4,sp,12
    bb00:	2d25                	jal	c138 <__malloc_unlock+0xdb2>
    bb02:	2e2a                	lhu	a0,26(a2)
    bb04:	6e652073          	csrs	0x6e6,a0
    bb08:	7274                	flw	fa3,100(a2)
    bb0a:	2079                	jal	bb98 <__malloc_unlock+0x812>
    bb0c:	657a6973          	csrrsi	s2,0x657,20
    bb10:	7320                	flw	fs0,96(a4)
    bb12:	7375                	lui	t1,0xffffd
    bb14:	6570                	flw	fa2,76(a0)
    bb16:	646e                	flw	fs0,216(sp)
    bb18:	7420                	flw	fs0,104(s0)
    bb1a:	7268                	flw	fa0,100(a2)
    bb1c:	6165                	addi	sp,sp,112
    bb1e:	0a64                	addi	s1,sp,284
    bb20:	0000                	unimp
    bb22:	0000                	unimp
    bb24:	2d20                	lbu	s0,26(a0)
    bb26:	2d2d                	jal	c160 <__malloc_unlock+0xdda>
    bb28:	202d                	jal	bb52 <__malloc_unlock+0x7cc>
    bb2a:	2d20                	lbu	s0,26(a0)
    bb2c:	2d2d                	jal	c166 <__malloc_unlock+0xde0>
    bb2e:	202d                	jal	bb58 <__malloc_unlock+0x7d2>
    bb30:	2d2d                	jal	c16a <__malloc_unlock+0xde4>
    bb32:	2d2d                	jal	c16c <__malloc_unlock+0xde6>
    bb34:	2d2d                	jal	c16e <__malloc_unlock+0xde8>
    bb36:	2d2d                	jal	c170 <__malloc_unlock+0xdea>
    bb38:	2d2d                	jal	c172 <__malloc_unlock+0xdec>
    bb3a:	2d2d                	jal	c174 <__malloc_unlock+0xdee>
    bb3c:	2d2d                	jal	c176 <__malloc_unlock+0xdf0>
    bb3e:	000a                	c.slli	zero,0x2
    bb40:	2d25                	jal	c178 <__malloc_unlock+0xdf2>
    bb42:	2e2a                	lhu	a0,26(a2)
    bb44:	732a                	flw	ft6,168(sp)
    bb46:	2520                	lbu	s0,10(a0)
    bb48:	3430                	lbu	a2,11(s0)
    bb4a:	2064                	lbu	s1,6(s0)
    bb4c:	2520                	lbu	s0,10(a0)
    bb4e:	3430                	lbu	a2,11(s0)
    bb50:	2064                	lbu	s1,6(s0)
    bb52:	6425                	lui	s0,0x9
    bb54:	003a                	c.slli	zero,0xe
    bb56:	0000                	unimp
    bb58:	2d25                	jal	c190 <__malloc_unlock+0xe0a>
    bb5a:	2e2a                	lhu	a0,26(a2)
    bb5c:	732a                	flw	ft6,168(sp)
    bb5e:	2520                	lbu	s0,10(a0)
    bb60:	3430                	lbu	a2,11(s0)
    bb62:	2064                	lbu	s1,6(s0)
    bb64:	2520                	lbu	s0,10(a0)
    bb66:	3430                	lbu	a2,11(s0)
    bb68:	2064                	lbu	s1,6(s0)
    bb6a:	6425                	lui	s0,0x9
    bb6c:	000a                	c.slli	zero,0x2
    bb6e:	0000                	unimp
    bb70:	736d                	lui	t1,0xffffb
    bb72:	65757167          	0x65757167
    bb76:	6575                	lui	a0,0x1d
    bb78:	0000                	unimp
    bb7a:	0000                	unimp
    bb7c:	2d25                	jal	c1b4 <__malloc_unlock+0xe2e>
    bb7e:	2e2a                	lhu	a0,26(a2)
    bb80:	6e652073          	csrs	0x6e6,a0
    bb84:	7274                	flw	fa3,100(a2)
    bb86:	2079                	jal	bc14 <__malloc_unlock+0x88e>
    bb88:	70737573          	csrrci	a0,0x707,6
    bb8c:	6e65                	lui	t3,0x19
    bb8e:	2064                	lbu	s1,6(s0)
    bb90:	6874                	flw	fa3,84(s0)
    bb92:	6572                	flw	fa0,28(sp)
    bb94:	6461                	lui	s0,0x18
    bb96:	000a                	c.slli	zero,0x2
    bb98:	2d20                	lbu	s0,26(a0)
    bb9a:	2d2d                	jal	c1d4 <__lowest_bit_bitmap+0x8>
    bb9c:	202d                	jal	bbc6 <__malloc_unlock+0x840>
    bb9e:	2d20                	lbu	s0,26(a0)
    bba0:	2d2d                	jal	c1da <__lowest_bit_bitmap+0xe>
    bba2:	2d2d                	jal	c1dc <__lowest_bit_bitmap+0x10>
    bba4:	2d2d                	jal	c1de <__lowest_bit_bitmap+0x12>
    bba6:	2d2d                	jal	c1e0 <__lowest_bit_bitmap+0x14>
    bba8:	2d2d                	jal	c1e2 <__lowest_bit_bitmap+0x16>
    bbaa:	2d2d                	jal	c1e4 <__lowest_bit_bitmap+0x18>
    bbac:	0a2d                	addi	s4,s4,11
    bbae:	0000                	unimp
    bbb0:	2d25                	jal	c1e8 <__lowest_bit_bitmap+0x1c>
    bbb2:	2e2a                	lhu	a0,26(a2)
    bbb4:	732a                	flw	ft6,168(sp)
    bbb6:	2520                	lbu	s0,10(a0)
    bbb8:	3430                	lbu	a2,11(s0)
    bbba:	2064                	lbu	s1,6(s0)
    bbbc:	2520                	lbu	s0,10(a0)
    bbbe:	3a64                	lbu	s1,23(a2)
    bbc0:	0000                	unimp
    bbc2:	0000                	unimp
    bbc4:	2d25                	jal	c1fc <__lowest_bit_bitmap+0x30>
    bbc6:	2e2a                	lhu	a0,26(a2)
    bbc8:	732a                	flw	ft6,168(sp)
    bbca:	2520                	lbu	s0,10(a0)
    bbcc:	3430                	lbu	a2,11(s0)
    bbce:	2064                	lbu	s1,6(s0)
    bbd0:	2520                	lbu	s0,10(a0)
    bbd2:	0a64                	addi	s1,sp,284
    bbd4:	0000                	unimp
    bbd6:	0000                	unimp
    bbd8:	6974                	flw	fa3,84(a0)
    bbda:	656d                	lui	a0,0x1b
    bbdc:	0072                	c.slli	zero,0x1c
    bbde:	0000                	unimp
    bbe0:	2d25                	jal	c218 <__lowest_bit_bitmap+0x4c>
    bbe2:	2e2a                	lhu	a0,26(a2)
    bbe4:	70202073          	csrr	zero,0x702
    bbe8:	7265                	lui	tp,0xffff9
    bbea:	6f69                	lui	t5,0x1a
    bbec:	6964                	flw	fs1,84(a0)
    bbee:	20202063          	0x20202063
    bbf2:	6974                	flw	fa3,84(a0)
    bbf4:	656d                	lui	a0,0x1b
    bbf6:	2074756f          	jal	a0,535fc <__rt_init_end+0x46c3c>
    bbfa:	2020                	lbu	s0,2(s0)
    bbfc:	2020                	lbu	s0,2(s0)
    bbfe:	2020                	lbu	s0,2(s0)
    bc00:	6c66                	flw	fs8,88(sp)
    bc02:	6761                	lui	a4,0x18
    bc04:	000a                	c.slli	zero,0x2
    bc06:	0000                	unimp
    bc08:	2d20                	lbu	s0,26(a0)
    bc0a:	2d2d                	jal	c244 <__lowest_bit_bitmap+0x78>
    bc0c:	2d2d                	jal	c246 <__lowest_bit_bitmap+0x7a>
    bc0e:	2d2d                	jal	c248 <__lowest_bit_bitmap+0x7c>
    bc10:	2d2d                	jal	c24a <__lowest_bit_bitmap+0x7e>
    bc12:	202d                	jal	bc3c <__malloc_unlock+0x8b6>
    bc14:	2d2d                	jal	c24e <__lowest_bit_bitmap+0x82>
    bc16:	2d2d                	jal	c250 <__lowest_bit_bitmap+0x84>
    bc18:	2d2d                	jal	c252 <__lowest_bit_bitmap+0x86>
    bc1a:	2d2d                	jal	c254 <__lowest_bit_bitmap+0x88>
    bc1c:	2d2d                	jal	c256 <__lowest_bit_bitmap+0x8a>
    bc1e:	2d20                	lbu	s0,26(a0)
    bc20:	2d2d                	jal	c25a <__lowest_bit_bitmap+0x8e>
    bc22:	2d2d                	jal	c25c <__lowest_bit_bitmap+0x90>
    bc24:	2d2d                	jal	c25e <__lowest_bit_bitmap+0x92>
    bc26:	2d2d                	jal	c260 <__lowest_bit_bitmap+0x94>
    bc28:	2d2d                	jal	c262 <__lowest_bit_bitmap+0x96>
    bc2a:	000a                	c.slli	zero,0x2
    bc2c:	2d25                	jal	c264 <__lowest_bit_bitmap+0x98>
    bc2e:	2e2a                	lhu	a0,26(a2)
    bc30:	732a                	flw	ft6,168(sp)
    bc32:	3020                	lbu	s0,3(s0)
    bc34:	2578                	lbu	a4,14(a0)
    bc36:	3830                	lbu	a2,19(s0)
    bc38:	2078                	lbu	a4,6(s0)
    bc3a:	7830                	flw	fa2,112(s0)
    bc3c:	3025                	jal	b464 <__malloc_unlock+0xde>
    bc3e:	7838                	flw	fa4,112(s0)
    bc40:	0020                	addi	s0,sp,8
    bc42:	0000                	unimp
    bc44:	6361                	lui	t1,0x18
    bc46:	6974                	flw	fa3,84(a0)
    bc48:	6176                	flw	ft2,92(sp)
    bc4a:	6574                	flw	fa3,76(a0)
    bc4c:	0a64                	addi	s1,sp,284
    bc4e:	0000                	unimp
    bc50:	6564                	flw	fs1,76(a0)
    bc52:	6361                	lui	t1,0x18
    bc54:	6974                	flw	fa3,84(a0)
    bc56:	6176                	flw	ft2,92(sp)
    bc58:	6574                	flw	fa3,76(a0)
    bc5a:	0a64                	addi	s1,sp,284
    bc5c:	0000                	unimp
    bc5e:	0000                	unimp
    bc60:	72727563          	bgeu	tp,t2,c38a <__fsym___cmd_clear_desc+0x2>
    bc64:	6e65                	lui	t3,0x19
    bc66:	2074                	lbu	a3,6(s0)
    bc68:	6974                	flw	fa3,84(a0)
    bc6a:	303a6b63          	bltu	s4,gp,bf80 <__malloc_unlock+0xbfa>
    bc6e:	2578                	lbu	a4,14(a0)
    bc70:	3830                	lbu	a2,19(s0)
    bc72:	0a78                	addi	a4,sp,284
    bc74:	0000                	unimp
    bc76:	0000                	unimp
    bc78:	6564                	flw	fs1,76(a0)
    bc7a:	6976                	flw	fs2,92(sp)
    bc7c:	00006563          	bltu	zero,zero,bc86 <__malloc_unlock+0x900>
    bc80:	2d25                	jal	c2b8 <__lowest_bit_bitmap+0xec>
    bc82:	2e2a                	lhu	a0,26(a2)
    bc84:	20202073          	csrr	zero,hedeleg
    bc88:	2020                	lbu	s0,2(s0)
    bc8a:	2020                	lbu	s0,2(s0)
    bc8c:	2020                	lbu	s0,2(s0)
    bc8e:	7974                	flw	fa3,116(a0)
    bc90:	6570                	flw	fa2,76(a0)
    bc92:	2020                	lbu	s0,2(s0)
    bc94:	2020                	lbu	s0,2(s0)
    bc96:	2020                	lbu	s0,2(s0)
    bc98:	2020                	lbu	s0,2(s0)
    bc9a:	7220                	flw	fs0,96(a2)
    bc9c:	6665                	lui	a2,0x19
    bc9e:	6320                	flw	fs0,64(a4)
    bca0:	746e756f          	jal	a0,f33e6 <__rt_init_end+0xe6a26>
    bca4:	000a                	c.slli	zero,0x2
    bca6:	0000                	unimp
    bca8:	2d20                	lbu	s0,26(a0)
    bcaa:	2d2d                	jal	c2e4 <small_digits.2582+0x4>
    bcac:	2d2d                	jal	c2e6 <small_digits.2582+0x6>
    bcae:	2d2d                	jal	c2e8 <small_digits.2582+0x8>
    bcb0:	2d2d                	jal	c2ea <small_digits.2582+0xa>
    bcb2:	2d2d                	jal	c2ec <small_digits.2582+0xc>
    bcb4:	2d2d                	jal	c2ee <small_digits.2582+0xe>
    bcb6:	2d2d                	jal	c2f0 <small_digits.2582+0x10>
    bcb8:	2d2d                	jal	c2f2 <small_digits.2582+0x12>
    bcba:	2d2d                	jal	c2f4 <__fsym_list_mem_name>
    bcbc:	202d                	jal	bce6 <__malloc_unlock+0x960>
    bcbe:	2d2d                	jal	c2f8 <__fsym_list_mem_name+0x4>
    bcc0:	2d2d                	jal	c2fa <__fsym_list_mem_name+0x6>
    bcc2:	2d2d                	jal	c2fc <__fsym_list_mem_name+0x8>
    bcc4:	2d2d                	jal	c2fe <__fsym_list_mem_name+0xa>
    bcc6:	2d2d                	jal	c300 <__fsym_list_mem_desc>
    bcc8:	000a                	c.slli	zero,0x2
    bcca:	0000                	unimp
    bccc:	2d25                	jal	c304 <__fsym_list_mem_desc+0x4>
    bcce:	2e2a                	lhu	a0,26(a2)
    bcd0:	732a                	flw	ft6,168(sp)
    bcd2:	2520                	lbu	s0,10(a0)
    bcd4:	322d                	jal	b5fe <__malloc_unlock+0x278>
    bcd6:	7330                	flw	fa2,96(a4)
    bcd8:	2520                	lbu	s0,10(a0)
    bcda:	382d                	jal	b514 <__malloc_unlock+0x18e>
    bcdc:	0a64                	addi	s1,sp,284
    bcde:	0000                	unimp
    bce0:	72616843          	fmadd.d	fa6,ft2,ft6,fa4,unknown
    bce4:	6361                	lui	t1,0x18
    bce6:	6574                	flw	fa3,76(a0)
    bce8:	2072                	lhu	a2,6(s0)
    bcea:	6544                	flw	fs1,12(a0)
    bcec:	6976                	flw	fs2,92(sp)
    bcee:	00006563          	bltu	zero,zero,bcf8 <__malloc_unlock+0x972>
    bcf2:	0000                	unimp
    bcf4:	6c42                	flw	fs8,16(sp)
    bcf6:	206b636f          	jal	t1,c1efc <__rt_init_end+0xb553c>
    bcfa:	6544                	flw	fs1,12(a0)
    bcfc:	6976                	flw	fs2,92(sp)
    bcfe:	00006563          	bltu	zero,zero,bd08 <__malloc_unlock+0x982>
    bd02:	0000                	unimp
    bd04:	654e                	flw	fa0,208(sp)
    bd06:	7774                	flw	fa3,108(a4)
    bd08:	206b726f          	jal	tp,c2f0e <__rt_init_end+0xb654e>
    bd0c:	6e49                	lui	t3,0x12
    bd0e:	6574                	flw	fa3,76(a0)
    bd10:	6672                	flw	fa2,28(sp)
    bd12:	6361                	lui	t1,0x18
    bd14:	0065                	c.nop	25
    bd16:	0000                	unimp
    bd18:	544d                	li	s0,-13
    bd1a:	2044                	lbu	s1,4(s0)
    bd1c:	6544                	flw	fs1,12(a0)
    bd1e:	6976                	flw	fs2,92(sp)
    bd20:	00006563          	bltu	zero,zero,bd2a <__malloc_unlock+0x9a4>
    bd24:	204e4143          	fmadd.s	ft2,ft8,ft4,ft4,rmm
    bd28:	6544                	flw	fs1,12(a0)
    bd2a:	6976                	flw	fs2,92(sp)
    bd2c:	00006563          	bltu	zero,zero,bd36 <__malloc_unlock+0x9b0>
    bd30:	5452                	lw	s0,52(sp)
    bd32:	6f530043          	fmadd.q	ft0,ft6,fs5,fa3,rne
    bd36:	6e75                	lui	t3,0x1d
    bd38:	2064                	lbu	s1,6(s0)
    bd3a:	6544                	flw	fs1,12(a0)
    bd3c:	6976                	flw	fs2,92(sp)
    bd3e:	00006563          	bltu	zero,zero,bd48 <__malloc_unlock+0x9c2>
    bd42:	0000                	unimp
    bd44:	70617247          	fmsub.s	ft4,ft2,ft6,fa4
    bd48:	6968                	flw	fa0,84(a0)
    bd4a:	65442063          	0x65442063
    bd4e:	6976                	flw	fs2,92(sp)
    bd50:	00006563          	bltu	zero,zero,bd5a <__malloc_unlock+0x9d4>
    bd54:	3249                	jal	b6d6 <__malloc_unlock+0x350>
    bd56:	75422043          	0x75422043
    bd5a:	53550073          	0x53550073
    bd5e:	2042                	lhu	s0,4(s0)
    bd60:	76616c53          	0x76616c53
    bd64:	2065                	jal	be0c <__malloc_unlock+0xa86>
    bd66:	6544                	flw	fs1,12(a0)
    bd68:	6976                	flw	fs2,92(sp)
    bd6a:	00006563          	bltu	zero,zero,bd74 <__malloc_unlock+0x9ee>
    bd6e:	0000                	unimp
    bd70:	5355                	li	t1,-11
    bd72:	2042                	lhu	s0,4(s0)
    bd74:	6f48                	flw	fa0,28(a4)
    bd76:	42207473          	csrrci	s0,0x422,0
    bd7a:	7375                	lui	t1,0xffffd
    bd7c:	0000                	unimp
    bd7e:	0000                	unimp
    bd80:	20495053          	0x20495053
    bd84:	7542                	flw	fa0,48(sp)
    bd86:	50530073          	0x50530073
    bd8a:	2049                	jal	be0c <__malloc_unlock+0xa86>
    bd8c:	6544                	flw	fs1,12(a0)
    bd8e:	6976                	flw	fs2,92(sp)
    bd90:	00006563          	bltu	zero,zero,bd9a <__malloc_unlock+0xa14>
    bd94:	4f494453          	0x4f494453
    bd98:	4220                	lw	s0,64(a2)
    bd9a:	7375                	lui	t1,0xffffd
    bd9c:	0000                	unimp
    bd9e:	0000                	unimp
    bda0:	4d50                	lw	a2,28(a0)
    bda2:	5020                	lw	s0,96(s0)
    bda4:	64756573          	csrrsi	a0,0x647,10
    bda8:	6544206f          	j	4e3fc <__rt_init_end+0x41a3c>
    bdac:	6976                	flw	fs2,92(sp)
    bdae:	00006563          	bltu	zero,zero,bdb8 <__malloc_unlock+0xa32>
    bdb2:	0000                	unimp
    bdb4:	6950                	flw	fa2,20(a0)
    bdb6:	6570                	flw	fa2,76(a0)
    bdb8:	0000                	unimp
    bdba:	0000                	unimp
    bdbc:	6f50                	flw	fa2,28(a4)
    bdbe:	7472                	flw	fs0,60(sp)
    bdc0:	6c61                	lui	s8,0x18
    bdc2:	4420                	lw	s0,72(s0)
    bdc4:	7665                	lui	a2,0xffff9
    bdc6:	6369                	lui	t1,0x1a
    bdc8:	0065                	c.nop	25
    bdca:	0000                	unimp
    bdcc:	6954                	flw	fa3,20(a0)
    bdce:	656d                	lui	a0,0x1b
    bdd0:	2072                	lhu	a2,6(s0)
    bdd2:	6544                	flw	fs1,12(a0)
    bdd4:	6976                	flw	fs2,92(sp)
    bdd6:	00006563          	bltu	zero,zero,bde0 <__malloc_unlock+0xa5a>
    bdda:	0000                	unimp
    bddc:	694d                	lui	s2,0x13
    bdde:	6c656373          	csrrsi	t1,0x6c6,10
    bde2:	616c                	flw	fa1,68(a0)
    bde4:	656e                	flw	fa0,216(sp)
    bde6:	2073756f          	jal	a0,437ec <__rt_init_end+0x36e2c>
    bdea:	6544                	flw	fs1,12(a0)
    bdec:	6976                	flw	fs2,92(sp)
    bdee:	00006563          	bltu	zero,zero,bdf8 <__malloc_unlock+0xa72>
    bdf2:	0000                	unimp
    bdf4:	6e55                	lui	t3,0x15
    bdf6:	776f6e6b          	0x776f6e6b
    bdfa:	006e                	c.slli	zero,0x1b
    bdfc:	bce0                	sb	s0,31(s1)
    bdfe:	0000                	unimp
    be00:	bcf4                	sb	a3,31(s1)
    be02:	0000                	unimp
    be04:	bd04                	sb	s1,25(a0)
    be06:	0000                	unimp
    be08:	bd18                	sb	a4,25(a0)
    be0a:	0000                	unimp
    be0c:	bd24                	sb	s1,27(a0)
    be0e:	0000                	unimp
    be10:	bd30                	sb	a2,27(a0)
    be12:	0000                	unimp
    be14:	bd34                	sb	a3,27(a0)
    be16:	0000                	unimp
    be18:	bd44                	sb	s1,29(a0)
    be1a:	0000                	unimp
    be1c:	bd54                	sb	a3,29(a0)
    be1e:	0000                	unimp
    be20:	bd5c                	sb	a5,29(a0)
    be22:	0000                	unimp
    be24:	bd70                	sb	a2,31(a0)
    be26:	0000                	unimp
    be28:	bd80                	sb	s0,25(a1)
    be2a:	0000                	unimp
    be2c:	bd88                	sb	a0,25(a1)
    be2e:	0000                	unimp
    be30:	bd94                	sb	a3,25(a1)
    be32:	0000                	unimp
    be34:	bda0                	sb	s0,27(a1)
    be36:	0000                	unimp
    be38:	bdb4                	sb	a3,27(a1)
    be3a:	0000                	unimp
    be3c:	bdbc                	sb	a5,27(a1)
    be3e:	0000                	unimp
    be40:	bdcc                	sb	a1,29(a1)
    be42:	0000                	unimp
    be44:	bddc                	sb	a5,29(a1)
    be46:	0000                	unimp
    be48:	bdf4                	sb	a3,31(a1)
    be4a:	0000                	unimp
    be4c:	2d2d                	jal	c486 <__fsym_list_mutex_desc+0x2>
    be4e:	7546                	flw	fa0,112(sp)
    be50:	636e                	flw	ft6,216(sp)
    be52:	6974                	flw	fa3,84(a0)
    be54:	4c206e6f          	jal	t3,12316 <__rt_init_end+0x5956>
    be58:	7369                	lui	t1,0xffffa
    be5a:	3a74                	lbu	a3,23(a2)
    be5c:	000a                	c.slli	zero,0x2
    be5e:	0000                	unimp
    be60:	5f5f 0000 2d25      	0x2d2500005f5f
    be66:	3631                	jal	b972 <__malloc_unlock+0x5ec>
    be68:	2d2d2073          	csrs	0x2d2,s10
    be6c:	2520                	lbu	s0,10(a0)
    be6e:	00000a73          	0xa73
    be72:	0000                	unimp
    be74:	5452                	lw	s0,52(sp)
    be76:	542d                	li	s0,-21
    be78:	7268                	flw	fa0,100(a2)
    be7a:	6165                	addi	sp,sp,112
    be7c:	2064                	lbu	s1,6(s0)
    be7e:	6c656873          	csrrsi	a6,0x6c6,10
    be82:	206c                	lbu	a1,6(s0)
    be84:	6d6d6f63          	bltu	s10,s6,c562 <__fsym___cmd_list_msgqueue_desc+0x2>
    be88:	6e61                	lui	t3,0x18
    be8a:	7364                	flw	fs1,100(a4)
    be8c:	0a3a                	slli	s4,s4,0xe
    be8e:	0000                	unimp
    be90:	5f5f 6d63 5f64      	0x5f646d635f5f
    be96:	0000                	unimp
    be98:	2d25                	jal	c4d0 <__fsym_list_mailbox_name+0x8>
    be9a:	3631                	jal	b9a6 <__malloc_unlock+0x620>
    be9c:	202d2073          	csrs	hedeleg,s10
    bea0:	7325                	lui	t1,0xfffe9
    bea2:	000a                	c.slli	zero,0x2
    bea4:	000a                	c.slli	zero,0x2
    bea6:	0000                	unimp
    bea8:	6f54                	flw	fa3,28(a4)
    beaa:	616d206f          	j	de4c0 <__rt_init_end+0xd1b00>
    beae:	796e                	flw	fs2,248(sp)
    beb0:	6120                	flw	fs0,64(a0)
    beb2:	6772                	flw	fa4,28(sp)
    beb4:	20212073          	csrs	hedeleg,sp
    beb8:	6f206557          	0x6f206557
    bebc:	6c6e                	flw	fs8,216(sp)
    bebe:	2079                	jal	bf4c <__malloc_unlock+0xbc6>
    bec0:	7355                	lui	t1,0xffff5
    bec2:	3a65                	jal	b87a <__malloc_unlock+0x4f4>
    bec4:	000a                	c.slli	zero,0x2
    bec6:	0000                	unimp
    bec8:	7325                	lui	t1,0xfffe9
    beca:	0020                	addi	s0,sp,8
    becc:	7325                	lui	t1,0xfffe9
    bece:	203a                	lhu	a4,2(s0)
    bed0:	6d6d6f63          	bltu	s10,s6,c5ae <__fsym___cmd_list_timer_name+0xa>
    bed4:	6e61                	lui	t3,0x18
    bed6:	2064                	lbu	s1,6(s0)
    bed8:	6f6e                	flw	ft10,216(sp)
    beda:	2074                	lbu	a3,6(s0)
    bedc:	6f66                	flw	ft10,88(sp)
    bede:	6e75                	lui	t3,0x1d
    bee0:	2e64                	lbu	s1,30(a2)
    bee2:	000a                	c.slli	zero,0x2
    bee4:	7325                	lui	t1,0xfffe9
    bee6:	000a                	c.slli	zero,0x2
    bee8:	6966                	flw	fs2,88(sp)
    beea:	736e                	flw	ft6,248(sp)
    beec:	3a68                	lbu	a0,23(a2)
    beee:	6320                	flw	fs0,64(a4)
    bef0:	6e61                	lui	t3,0x18
    bef2:	6e20                	flw	fs0,88(a2)
    bef4:	6620746f          	jal	s0,13556 <__rt_init_end+0x6b96>
    bef8:	6e69                	lui	t3,0x1a
    befa:	2064                	lbu	s1,6(s0)
    befc:	6564                	flw	fs1,76(a0)
    befe:	6976                	flw	fs2,92(sp)
    bf00:	203a6563          	bltu	s4,gp,c10a <__malloc_unlock+0xd84>
    bf04:	7325                	lui	t1,0xfffe9
    bf06:	000a                	c.slli	zero,0x2
    bf08:	000a                	c.slli	zero,0x2
    bf0a:	0000                	unimp
    bf0c:	7325                	lui	t1,0xfffe9
    bf0e:	7325                	lui	t1,0xfffe9
    bf10:	0000                	unimp
    bf12:	0000                	unimp
    bf14:	4b325b1b          	0x4b325b1b
    bf18:	000d                	c.nop	3
    bf1a:	0000                	unimp
    bf1c:	0008                	0x8
    bf1e:	0000                	unimp
    bf20:	6325                	lui	t1,0x9
    bf22:	0000                	unimp
    bf24:	2508                	lbu	a0,8(a0)
    bf26:	08202073          	csrr	zero,0x82
    bf2a:	0000                	unimp
    bf2c:	2008                	lbu	a0,0(s0)
    bf2e:	0008                	0x8
    bf30:	7325                	lui	t1,0xfffe9
    bf32:	0000                	unimp
    bf34:	6f6e                	flw	ft10,216(sp)
    bf36:	6d20                	flw	fs0,88(a0)
    bf38:	6d65                	lui	s10,0x19
    bf3a:	2079726f          	jal	tp,a3940 <__rt_init_end+0x96f80>
    bf3e:	6f66                	flw	ft10,88(sp)
    bf40:	2072                	lhu	a2,6(s0)
    bf42:	6c656873          	csrrsi	a6,0x6c6,10
    bf46:	0a6c                	addi	a1,sp,284
    bf48:	0000                	unimp
    bf4a:	0000                	unimp
    bf4c:	7374                	flw	fa3,100(a4)
    bf4e:	6568                	flw	fa0,76(a0)
    bf50:	6c6c                	flw	fa1,92(s0)
    bf52:	0000                	unimp
    bf54:	78726873          	csrrsi	a6,0x787,4
    bf58:	0000                	unimp
    bf5a:	0000                	unimp
    bf5c:	6175                	addi	sp,sp,368
    bf5e:	7472                	flw	fs0,60(sp)
    bf60:	6d5f 0062 6162      	0x616200626d5f
    bf66:	7474                	flw	fa3,108(s0)
    bf68:	7265                	lui	tp,0xffff9
    bf6a:	0079                	c.nop	30
    bf6c:	6162                	flw	ft2,24(sp)
    bf6e:	7474                	flw	fa3,108(s0)
    bf70:	7265                	lui	tp,0xffff9
    bf72:	5f79                	li	t5,-2
    bf74:	6874                	flw	fa3,84(s0)
    bf76:	6572                	flw	fa0,28(sp)
    bf78:	6461                	lui	s0,0x18
    bf7a:	6320                	flw	fs0,64(a4)
    bf7c:	6572                	flw	fa0,28(sp)
    bf7e:	7461                	lui	s0,0xffff8
    bf80:	2065                	jal	c028 <__malloc_unlock+0xca2>
    bf82:	0a2e4b4f          	fnmadd.d	fs6,ft8,ft2,ft1,rmm
    bf86:	0000                	unimp
    bf88:	6162                	flw	ft2,24(sp)
    bf8a:	7474                	flw	fa3,108(s0)
    bf8c:	7265                	lui	tp,0xffff9
    bf8e:	5f79                	li	t5,-2
    bf90:	6874                	flw	fa3,84(s0)
    bf92:	6572                	flw	fa0,28(sp)
    bf94:	6461                	lui	s0,0x18
    bf96:	6320                	flw	fs0,64(a4)
    bf98:	6572                	flw	fa0,28(sp)
    bf9a:	7461                	lui	s0,0xffff8
    bf9c:	2065                	jal	c044 <__malloc_unlock+0xcbe>
    bf9e:	5245                	li	tp,-15
    bfa0:	4f52                	lw	t5,20(sp)
    bfa2:	2e52                	lhu	a2,28(a2)
    bfa4:	000a                	c.slli	zero,0x2
    bfa6:	0000                	unimp
    bfa8:	f000                	fsw	fs0,32(s0)
    bfaa:	457f                	0x457f
    bfac:	4000                	lw	s0,0(s0)
    bfae:	454e                	lw	a0,208(sp)
    bfb0:	0000                	unimp
    bfb2:	4130                	lw	a2,64(a0)
    bfb4:	656c                	flw	fa1,76(a0)
    bfb6:	5f64                	lw	s1,124(a4)
    bfb8:	7665                	lui	a2,0xffff9
    bfba:	6e65                	lui	t3,0x19
    bfbc:	0074                	addi	a3,sp,12
    bfbe:	0000                	unimp
    bfc0:	656c                	flw	fa1,76(a0)
    bfc2:	5f64                	lw	s1,124(a4)
    bfc4:	7665                	lui	a2,0xffff9
    bfc6:	6e65                	lui	t3,0x19
    bfc8:	2074                	lbu	a3,6(s0)
    bfca:	61657263          	bgeu	a0,s6,c5ce <__fsym___cmd_list_timer_desc+0x16>
    bfce:	6574                	flw	fa3,76(a0)
    bfd0:	4520                	lw	s0,72(a0)
    bfd2:	5252                	lw	tp,52(sp)
    bfd4:	0a2e524f          	fnmadd.d	ft4,ft8,ft2,ft1,unknown
    bfd8:	0000                	unimp
    bfda:	0000                	unimp
    bfdc:	656c                	flw	fa1,76(a0)
    bfde:	5f64                	lw	s1,124(a4)
    bfe0:	6874                	flw	fa3,84(s0)
    bfe2:	6572                	flw	fa0,28(sp)
    bfe4:	6461                	lui	s0,0x18
    bfe6:	0000                	unimp
    bfe8:	6474                	flw	fa3,76(s0)
    bfea:	6c5f 6465 6320      	0x632064656c5f
    bff0:	6572                	flw	fa0,28(sp)
    bff2:	7461                	lui	s0,0xffff8
    bff4:	2065                	jal	c09c <__malloc_unlock+0xd16>
    bff6:	0a2e4b4f          	fnmadd.d	fs6,ft8,ft2,ft1,rmm
    bffa:	0000                	unimp
    bffc:	6474                	flw	fa3,76(s0)
    bffe:	6c5f 6465 6320      	0x632064656c5f
    c004:	6572                	flw	fa0,28(sp)
    c006:	7461                	lui	s0,0xffff8
    c008:	2065                	jal	c0b0 <__malloc_unlock+0xd2a>
    c00a:	5245                	li	tp,-15
    c00c:	4f52                	lw	t5,20(sp)
    c00e:	2e52                	lhu	a2,28(a2)
    c010:	000a                	c.slli	zero,0x2
    c012:	0000                	unimp
    c014:	6552                	flw	fa0,20(sp)
    c016:	656c                	flw	fa1,76(a0)
    c018:	7361                	lui	t1,0xffff8
    c01a:	2065                	jal	c0c2 <__malloc_unlock+0xd3c>
    c01c:	6874                	flw	fa3,84(s0)
    c01e:	2065                	jal	c0c6 <__malloc_unlock+0xd40>
    c020:	6f70                	flw	fa2,92(a4)
    c022:	20726577          	0x20726577
    c026:	7562                	flw	fa0,56(sp)
    c028:	7474                	flw	fa3,108(s0)
    c02a:	0a0d6e6f          	jal	t3,e20ca <__rt_init_end+0xd570a>
    c02e:	0000                	unimp
    c030:	6f70                	flw	fa2,92(a4)
    c032:	6f726577          	0x6f726577
    c036:	6666                	flw	fa2,88(sp)
    c038:	0a0d                	addi	s4,s4,3
    c03a:	0000                	unimp
    c03c:	6f70                	flw	fa2,92(a4)
    c03e:	5f726577          	0x5f726577
    c042:	6874                	flw	fa3,84(s0)
    c044:	6572                	flw	fa0,28(sp)
    c046:	6461                	lui	s0,0x18
    c048:	0000                	unimp
    c04a:	0000                	unimp
    c04c:	6474                	flw	fa3,76(s0)
    c04e:	705f 776f 7265      	0x7265776f705f
    c054:	6320                	flw	fs0,64(a4)
    c056:	6572                	flw	fa0,28(sp)
    c058:	7461                	lui	s0,0xffff8
    c05a:	2065                	jal	c102 <__malloc_unlock+0xd7c>
    c05c:	0a2e4b4f          	fnmadd.d	fs6,ft8,ft2,ft1,rmm
    c060:	0000                	unimp
    c062:	0000                	unimp
    c064:	6474                	flw	fa3,76(s0)
    c066:	705f 776f 7265      	0x7265776f705f
    c06c:	6320                	flw	fs0,64(a4)
    c06e:	6572                	flw	fa0,28(sp)
    c070:	7461                	lui	s0,0xffff8
    c072:	2065                	jal	c11a <__malloc_unlock+0xd94>
    c074:	5245                	li	tp,-15
    c076:	4f52                	lw	t5,20(sp)
    c078:	2e52                	lhu	a2,28(a2)
    c07a:	000a                	c.slli	zero,0x2
    c07c:	5aa2                	lw	s5,40(sp)
    c07e:	0000                	unimp
    c080:	5aee                	lw	s5,248(sp)
    c082:	0000                	unimp
    c084:	5aee                	lw	s5,248(sp)
    c086:	0000                	unimp
    c088:	5aee                	lw	s5,248(sp)
    c08a:	0000                	unimp
    c08c:	5aee                	lw	s5,248(sp)
    c08e:	0000                	unimp
    c090:	5aee                	lw	s5,248(sp)
    c092:	0000                	unimp
    c094:	5aee                	lw	s5,248(sp)
    c096:	0000                	unimp
    c098:	5aee                	lw	s5,248(sp)
    c09a:	0000                	unimp
    c09c:	5aee                	lw	s5,248(sp)
    c09e:	0000                	unimp
    c0a0:	5aee                	lw	s5,248(sp)
    c0a2:	0000                	unimp
    c0a4:	5aee                	lw	s5,248(sp)
    c0a6:	0000                	unimp
    c0a8:	5aee                	lw	s5,248(sp)
    c0aa:	0000                	unimp
    c0ac:	5aee                	lw	s5,248(sp)
    c0ae:	0000                	unimp
    c0b0:	5aee                	lw	s5,248(sp)
    c0b2:	0000                	unimp
    c0b4:	5aee                	lw	s5,248(sp)
    c0b6:	0000                	unimp
    c0b8:	5aee                	lw	s5,248(sp)
    c0ba:	0000                	unimp
    c0bc:	5aee                	lw	s5,248(sp)
    c0be:	0000                	unimp
    c0c0:	5aee                	lw	s5,248(sp)
    c0c2:	0000                	unimp
    c0c4:	5aee                	lw	s5,248(sp)
    c0c6:	0000                	unimp
    c0c8:	5aee                	lw	s5,248(sp)
    c0ca:	0000                	unimp
    c0cc:	5aee                	lw	s5,248(sp)
    c0ce:	0000                	unimp
    c0d0:	5aee                	lw	s5,248(sp)
    c0d2:	0000                	unimp
    c0d4:	5aee                	lw	s5,248(sp)
    c0d6:	0000                	unimp
    c0d8:	5aee                	lw	s5,248(sp)
    c0da:	0000                	unimp
    c0dc:	5aee                	lw	s5,248(sp)
    c0de:	0000                	unimp
    c0e0:	5aee                	lw	s5,248(sp)
    c0e2:	0000                	unimp
    c0e4:	5aee                	lw	s5,248(sp)
    c0e6:	0000                	unimp
    c0e8:	5aee                	lw	s5,248(sp)
    c0ea:	0000                	unimp
    c0ec:	5aee                	lw	s5,248(sp)
    c0ee:	0000                	unimp
    c0f0:	5aee                	lw	s5,248(sp)
    c0f2:	0000                	unimp
    c0f4:	5aee                	lw	s5,248(sp)
    c0f6:	0000                	unimp
    c0f8:	5aee                	lw	s5,248(sp)
    c0fa:	0000                	unimp
    c0fc:	5aee                	lw	s5,248(sp)
    c0fe:	0000                	unimp
    c100:	5aee                	lw	s5,248(sp)
    c102:	0000                	unimp
    c104:	5aee                	lw	s5,248(sp)
    c106:	0000                	unimp
    c108:	5aee                	lw	s5,248(sp)
    c10a:	0000                	unimp
    c10c:	5aee                	lw	s5,248(sp)
    c10e:	0000                	unimp
    c110:	5aee                	lw	s5,248(sp)
    c112:	0000                	unimp
    c114:	5aee                	lw	s5,248(sp)
    c116:	0000                	unimp
    c118:	5aee                	lw	s5,248(sp)
    c11a:	0000                	unimp
    c11c:	5aee                	lw	s5,248(sp)
    c11e:	0000                	unimp
    c120:	5aee                	lw	s5,248(sp)
    c122:	0000                	unimp
    c124:	5aee                	lw	s5,248(sp)
    c126:	0000                	unimp
    c128:	5aee                	lw	s5,248(sp)
    c12a:	0000                	unimp
    c12c:	5aee                	lw	s5,248(sp)
    c12e:	0000                	unimp
    c130:	5aee                	lw	s5,248(sp)
    c132:	0000                	unimp
    c134:	5aee                	lw	s5,248(sp)
    c136:	0000                	unimp
    c138:	5aee                	lw	s5,248(sp)
    c13a:	0000                	unimp
    c13c:	5aee                	lw	s5,248(sp)
    c13e:	0000                	unimp
    c140:	5aee                	lw	s5,248(sp)
    c142:	0000                	unimp
    c144:	5aee                	lw	s5,248(sp)
    c146:	0000                	unimp
    c148:	5acc                	lw	a1,52(a3)
    c14a:	0000                	unimp
    c14c:	5aee                	lw	s5,248(sp)
    c14e:	0000                	unimp
    c150:	5aee                	lw	s5,248(sp)
    c152:	0000                	unimp
    c154:	5aee                	lw	s5,248(sp)
    c156:	0000                	unimp
    c158:	5aee                	lw	s5,248(sp)
    c15a:	0000                	unimp
    c15c:	5aee                	lw	s5,248(sp)
    c15e:	0000                	unimp
    c160:	5aee                	lw	s5,248(sp)
    c162:	0000                	unimp
    c164:	5aee                	lw	s5,248(sp)
    c166:	0000                	unimp
    c168:	5aee                	lw	s5,248(sp)
    c16a:	0000                	unimp
    c16c:	5aee                	lw	s5,248(sp)
    c16e:	0000                	unimp
    c170:	5aee                	lw	s5,248(sp)
    c172:	0000                	unimp
    c174:	58a4                	lw	s1,112(s1)
    c176:	0000                	unimp
    c178:	5ae0                	lw	s0,116(a3)
    c17a:	0000                	unimp
    c17c:	5aee                	lw	s5,248(sp)
    c17e:	0000                	unimp
    c180:	5aee                	lw	s5,248(sp)
    c182:	0000                	unimp
    c184:	5aee                	lw	s5,248(sp)
    c186:	0000                	unimp
    c188:	5aee                	lw	s5,248(sp)
    c18a:	0000                	unimp
    c18c:	5ae0                	lw	s0,116(a3)
    c18e:	0000                	unimp
    c190:	5aee                	lw	s5,248(sp)
    c192:	0000                	unimp
    c194:	5aee                	lw	s5,248(sp)
    c196:	0000                	unimp
    c198:	5aee                	lw	s5,248(sp)
    c19a:	0000                	unimp
    c19c:	5aee                	lw	s5,248(sp)
    c19e:	0000                	unimp
    c1a0:	5aee                	lw	s5,248(sp)
    c1a2:	0000                	unimp
    c1a4:	5ac4                	lw	s1,52(a3)
    c1a6:	0000                	unimp
    c1a8:	5a54                	lw	a3,52(a2)
    c1aa:	0000                	unimp
    c1ac:	5aee                	lw	s5,248(sp)
    c1ae:	0000                	unimp
    c1b0:	5aee                	lw	s5,248(sp)
    c1b2:	0000                	unimp
    c1b4:	5948                	lw	a0,52(a0)
    c1b6:	0000                	unimp
    c1b8:	5aee                	lw	s5,248(sp)
    c1ba:	0000                	unimp
    c1bc:	5b4a                	lw	s6,176(sp)
    c1be:	0000                	unimp
    c1c0:	5aee                	lw	s5,248(sp)
    c1c2:	0000                	unimp
    c1c4:	5aee                	lw	s5,248(sp)
    c1c6:	0000                	unimp
    c1c8:	5ad8                	lw	a4,52(a3)
	...

0000c1cc <__lowest_bit_bitmap>:
    c1cc:	0000 0001 0002 0001 0003 0001 0002 0001     ................
    c1dc:	0004 0001 0002 0001 0003 0001 0002 0001     ................
    c1ec:	0005 0001 0002 0001 0003 0001 0002 0001     ................
    c1fc:	0004 0001 0002 0001 0003 0001 0002 0001     ................
    c20c:	0006 0001 0002 0001 0003 0001 0002 0001     ................
    c21c:	0004 0001 0002 0001 0003 0001 0002 0001     ................
    c22c:	0005 0001 0002 0001 0003 0001 0002 0001     ................
    c23c:	0004 0001 0002 0001 0003 0001 0002 0001     ................
    c24c:	0007 0001 0002 0001 0003 0001 0002 0001     ................
    c25c:	0004 0001 0002 0001 0003 0001 0002 0001     ................
    c26c:	0005 0001 0002 0001 0003 0001 0002 0001     ................
    c27c:	0004 0001 0002 0001 0003 0001 0002 0001     ................
    c28c:	0006 0001 0002 0001 0003 0001 0002 0001     ................
    c29c:	0004 0001 0002 0001 0003 0001 0002 0001     ................
    c2ac:	0005 0001 0002 0001 0003 0001 0002 0001     ................
    c2bc:	0004 0001 0002 0001 0003 0001 0002 0001     ................

0000c2cc <large_digits.2583>:
    c2cc:	3130 3332 3534 3736 3938 4241 4443 4645     0123456789ABCDEF
    c2dc:	0000 0000                                   ....

0000c2e0 <small_digits.2582>:
    c2e0:	3130 3332 3534 3736 3938 6261 6463 6665     0123456789abcdef
    c2f0:	0000 0000                                   ....

0000c2f4 <__fsym_list_mem_name>:
    c2f4:	696c 7473 6d5f 6d65 0000 0000               list_mem....

0000c300 <__fsym_list_mem_desc>:
    c300:	696c 7473 6d20 6d65 726f 2079 7375 6761     list memory usag
    c310:	2065 6e69 6f66 6d72 7461 6f69 006e 0000     e information...

0000c320 <__fsym_reboot_name>:
    c320:	6572 6f62 746f 0000                         reboot..

0000c328 <__fsym_reboot_desc>:
    c328:	6572 6f62 746f 7420 6568 6220 616f 6472     reboot the board
    c338:	0000 0000                                   ....

0000c33c <__fsym___cmd_reboot_name>:
    c33c:	5f5f 6d63 5f64 6572 6f62 746f 0000 0000     __cmd_reboot....

0000c34c <__fsym___cmd_reboot_desc>:
    c34c:	6572 6f62 746f 7420 6568 6220 616f 6472     reboot the board
    c35c:	0000 0000                                   ....

0000c360 <__fsym_clear_name>:
    c360:	6c63 6165 0072 0000                         clear...

0000c368 <__fsym_clear_desc>:
    c368:	6874 2065 6574 6d72 6e69 6c61 7320 7263     the terminal scr
    c378:	6565 006e                                   een.

0000c37c <__fsym___cmd_clear_name>:
    c37c:	5f5f 6d63 5f64 6c63 6165 0072               __cmd_clear.

0000c388 <__fsym___cmd_clear_desc>:
    c388:	6874 2065 6574 6d72 6e69 6c61 7320 7263     the terminal scr
    c398:	6565 006e                                   een.

0000c39c <__fsym_list_thread_name>:
    c39c:	696c 7473 745f 7268 6165 0064               list_thread.

0000c3a8 <__fsym_list_thread_desc>:
    c3a8:	696c 7473 7420 7268 6165 0064               list thread.

0000c3b4 <__fsym___cmd_list_thread_name>:
    c3b4:	5f5f 6d63 5f64 696c 7473 745f 7268 6165     __cmd_list_threa
    c3c4:	0064 0000                                   d...

0000c3c8 <__fsym___cmd_list_thread_desc>:
    c3c8:	696c 7473 7420 7268 6165 0064               list thread.

0000c3d4 <__fsym_list_sem_name>:
    c3d4:	696c 7473 735f 6d65 0000 0000               list_sem....

0000c3e0 <__fsym_list_sem_desc>:
    c3e0:	696c 7473 7320 6d65 7061 6f68 656e 6920     list semaphone i
    c3f0:	206e 7973 7473 6d65 0000 0000               n system....

0000c3fc <__fsym___cmd_list_sem_name>:
    c3fc:	5f5f 6d63 5f64 696c 7473 735f 6d65 0000     __cmd_list_sem..

0000c40c <__fsym___cmd_list_sem_desc>:
    c40c:	696c 7473 7320 6d65 7061 6f68 6572 6920     list semaphore i
    c41c:	206e 7973 7473 6d65 0000 0000               n system....

0000c428 <__fsym_list_event_name>:
    c428:	696c 7473 655f 6576 746e 0000               list_event..

0000c434 <__fsym_list_event_desc>:
    c434:	696c 7473 6520 6576 746e 6920 206e 7973     list event in sy
    c444:	7473 6d65 0000 0000                         stem....

0000c44c <__fsym___cmd_list_event_name>:
    c44c:	5f5f 6d63 5f64 696c 7473 655f 6576 746e     __cmd_list_event
    c45c:	0000 0000                                   ....

0000c460 <__fsym___cmd_list_event_desc>:
    c460:	696c 7473 6520 6576 746e 6920 206e 7973     list event in sy
    c470:	7473 6d65 0000 0000                         stem....

0000c478 <__fsym_list_mutex_name>:
    c478:	696c 7473 6d5f 7475 7865 0000               list_mutex..

0000c484 <__fsym_list_mutex_desc>:
    c484:	696c 7473 6d20 7475 7865 6920 206e 7973     list mutex in sy
    c494:	7473 6d65 0000 0000                         stem....

0000c49c <__fsym___cmd_list_mutex_name>:
    c49c:	5f5f 6d63 5f64 696c 7473 6d5f 7475 7865     __cmd_list_mutex
    c4ac:	0000 0000                                   ....

0000c4b0 <__fsym___cmd_list_mutex_desc>:
    c4b0:	696c 7473 6d20 7475 7865 6920 206e 7973     list mutex in sy
    c4c0:	7473 6d65 0000 0000                         stem....

0000c4c8 <__fsym_list_mailbox_name>:
    c4c8:	696c 7473 6d5f 6961 626c 786f 0000 0000     list_mailbox....

0000c4d8 <__fsym_list_mailbox_desc>:
    c4d8:	696c 7473 6d20 6961 206c 6f62 2078 6e69     list mail box in
    c4e8:	7320 7379 6574 006d                          system.

0000c4f0 <__fsym___cmd_list_mailbox_name>:
    c4f0:	5f5f 6d63 5f64 696c 7473 6d5f 6961 626c     __cmd_list_mailb
    c500:	786f 0000                                   ox..

0000c504 <__fsym___cmd_list_mailbox_desc>:
    c504:	696c 7473 6d20 6961 206c 6f62 2078 6e69     list mail box in
    c514:	7320 7379 6574 006d                          system.

0000c51c <__fsym_list_msgqueue_name>:
    c51c:	696c 7473 6d5f 6773 7571 7565 0065 0000     list_msgqueue...

0000c52c <__fsym_list_msgqueue_desc>:
    c52c:	696c 7473 6d20 7365 6173 6567 7120 6575     list message que
    c53c:	6575 6920 206e 7973 7473 6d65 0000 0000     ue in system....

0000c54c <__fsym___cmd_list_msgqueue_name>:
    c54c:	5f5f 6d63 5f64 696c 7473 6d5f 6773 7571     __cmd_list_msgqu
    c55c:	7565 0065                                   eue.

0000c560 <__fsym___cmd_list_msgqueue_desc>:
    c560:	696c 7473 6d20 7365 6173 6567 7120 6575     list message que
    c570:	6575 6920 206e 7973 7473 6d65 0000 0000     ue in system....

0000c580 <__fsym_list_timer_name>:
    c580:	696c 7473 745f 6d69 7265 0000               list_timer..

0000c58c <__fsym_list_timer_desc>:
    c58c:	696c 7473 7420 6d69 7265 6920 206e 7973     list timer in sy
    c59c:	7473 6d65 0000 0000                         stem....

0000c5a4 <__fsym___cmd_list_timer_name>:
    c5a4:	5f5f 6d63 5f64 696c 7473 745f 6d69 7265     __cmd_list_timer
    c5b4:	0000 0000                                   ....

0000c5b8 <__fsym___cmd_list_timer_desc>:
    c5b8:	696c 7473 7420 6d69 7265 6920 206e 7973     list timer in sy
    c5c8:	7473 6d65 0000 0000                         stem....

0000c5d0 <__fsym_list_device_name>:
    c5d0:	696c 7473 645f 7665 6369 0065               list_device.

0000c5dc <__fsym_list_device_desc>:
    c5dc:	696c 7473 6420 7665 6369 2065 6e69 7320     list device in s
    c5ec:	7379 6574 006d 0000                         ystem...

0000c5f4 <__fsym___cmd_list_device_name>:
    c5f4:	5f5f 6d63 5f64 696c 7473 645f 7665 6369     __cmd_list_devic
    c604:	0065 0000                                   e...

0000c608 <__fsym___cmd_list_device_desc>:
    c608:	696c 7473 6420 7665 6369 2065 6e69 7320     list device in s
    c618:	7379 6574 006d 0000                         ystem...

0000c620 <__fsym_list_name>:
    c620:	696c 7473 0000 0000                         list....

0000c628 <__fsym_list_desc>:
    c628:	696c 7473 6120 6c6c 7320 6d79 6f62 206c     list all symbol 
    c638:	6e69 7320 7379 6574 006d 0000               in system...

0000c644 <__fsym___cmd_help_name>:
    c644:	5f5f 6d63 5f64 6568 706c 0000               __cmd_help..

0000c650 <__fsym___cmd_help_desc>:
    c650:	5452 542d 7268 6165 2064 6873 6c65 206c     RT-Thread shell 
    c660:	6568 706c 0000 0000                         help....

0000c668 <__fsym___cmd_ps_name>:
    c668:	5f5f 6d63 5f64 7370 0000 0000               __cmd_ps....

0000c674 <__fsym___cmd_ps_desc>:
    c674:	694c 7473 7420 7268 6165 7364 6920 206e     List threads in 
    c684:	6874 2065 7973 7473 6d65 0000               the system..

0000c690 <__fsym___cmd_free_name>:
    c690:	5f5f 6d63 5f64 7266 6565 0000               __cmd_free..

0000c69c <__fsym___cmd_free_desc>:
    c69c:	6853 776f 7420 6568 6d20 6d65 726f 2079     Show the memory 
    c6ac:	7375 6761 2065 6e69 7420 6568 7320 7379     usage in the sys
    c6bc:	6574 006d e4b6 ffff e3e0 ffff e4b0 ffff     tem.............
    c6cc:	e3e8 ffff e4b0 ffff e3ae ffff e4b0 ffff     ................
    c6dc:	e3e8 ffff e3e0 ffff e3e0 ffff e3ae ffff     ................
    c6ec:	e3e8 ffff e3ee ffff e3ee ffff e3ee ffff     ................
    c6fc:	e3ae ffff e3a0 ffff e3a0 ffff e470 ffff     ............p...
    c70c:	e54c ffff e470 ffff e36e ffff e470 ffff     L...p...n...p...
    c71c:	e54c ffff e3a0 ffff e3a0 ffff e36e ffff     L...........n...
    c72c:	e54c ffff e3ae ffff e3ae ffff e3ae ffff     L...............
    c73c:	e36e ffff e6ae ffff e600 ffff e600 ffff     n...............
    c74c:	e5fe ffff e604 ffff e604 ffff e5d4 ffff     ................
    c75c:	e5fe ffff e604 ffff e5d4 ffff e604 ffff     ................
    c76c:	e5fe ffff e69c ffff e69c ffff e69c ffff     ................
    c77c:	e5d4 ffff                                   ....

0000c780 <__clz_tab>:
    c780:	0100 0202 0303 0303 0404 0404 0404 0404     ................
    c790:	0505 0505 0505 0505 0505 0505 0505 0505     ................
    c7a0:	0606 0606 0606 0606 0606 0606 0606 0606     ................
    c7b0:	0606 0606 0606 0606 0606 0606 0606 0606     ................
    c7c0:	0707 0707 0707 0707 0707 0707 0707 0707     ................
    c7d0:	0707 0707 0707 0707 0707 0707 0707 0707     ................
    c7e0:	0707 0707 0707 0707 0707 0707 0707 0707     ................
    c7f0:	0707 0707 0707 0707 0707 0707 0707 0707     ................
    c800:	0808 0808 0808 0808 0808 0808 0808 0808     ................
    c810:	0808 0808 0808 0808 0808 0808 0808 0808     ................
    c820:	0808 0808 0808 0808 0808 0808 0808 0808     ................
    c830:	0808 0808 0808 0808 0808 0808 0808 0808     ................
    c840:	0808 0808 0808 0808 0808 0808 0808 0808     ................
    c850:	0808 0808 0808 0808 0808 0808 0808 0808     ................
    c860:	0808 0808 0808 0808 0808 0808 0808 0808     ................
    c870:	0808 0808 0808 0808 0808 0808 0808 0808     ................

0000c880 <__fsym_list_mem>:
    c880:	c2f4 0000 c300 0000 62de 0000               .........b..

0000c88c <__fsym_reboot>:
    c88c:	c320 0000 c328 0000 797c 0000                ...(...|y..

0000c898 <__fsym___cmd_reboot>:
    c898:	c33c 0000 c34c 0000 797c 0000               <...L...|y..

0000c8a4 <__fsym_clear>:
    c8a4:	c360 0000 c368 0000 799a 0000               `...h....y..

0000c8b0 <__fsym___cmd_clear>:
    c8b0:	c37c 0000 c388 0000 799a 0000               |........y..

0000c8bc <__fsym_list_thread>:
    c8bc:	c39c 0000 c3a8 0000 7c0c 0000               .........|..

0000c8c8 <__fsym___cmd_list_thread>:
    c8c8:	c3b4 0000 c3c8 0000 7c0c 0000               .........|..

0000c8d4 <__fsym_list_sem>:
    c8d4:	c3d4 0000 c3e0 0000 7dae 0000               .........}..

0000c8e0 <__fsym___cmd_list_sem>:
    c8e0:	c3fc 0000 c40c 0000 7dae 0000               .........}..

0000c8ec <__fsym_list_event>:
    c8ec:	c428 0000 c434 0000 7ed4 0000               (...4....~..

0000c8f8 <__fsym___cmd_list_event>:
    c8f8:	c44c 0000 c460 0000 7ed4 0000               L...`....~..

0000c904 <__fsym_list_mutex>:
    c904:	c478 0000 c484 0000 7fca 0000               x...........

0000c910 <__fsym___cmd_list_mutex>:
    c910:	c49c 0000 c4b0 0000 7fca 0000               ............

0000c91c <__fsym_list_mailbox>:
    c91c:	c4c8 0000 c4d8 0000 811e 0000               ............

0000c928 <__fsym___cmd_list_mailbox>:
    c928:	c4f0 0000 c504 0000 811e 0000               ............

0000c934 <__fsym_list_msgqueue>:
    c934:	c51c 0000 c52c 0000 8256 0000               ....,...V...

0000c940 <__fsym___cmd_list_msgqueue>:
    c940:	c54c 0000 c560 0000 8256 0000               L...`...V...

0000c94c <__fsym_list_timer>:
    c94c:	c580 0000 c58c 0000 8354 0000               ........T...

0000c958 <__fsym___cmd_list_timer>:
    c958:	c5a4 0000 c5b8 0000 8354 0000               ........T...

0000c964 <__fsym_list_device>:
    c964:	c5d0 0000 c5dc 0000 8458 0000               ........X...

0000c970 <__fsym___cmd_list_device>:
    c970:	c5f4 0000 c608 0000 8458 0000               ........X...

0000c97c <__fsym_list>:
    c97c:	c620 0000 c628 0000 8482 0000                ...(.......

0000c988 <__fsym___cmd_help>:
    c988:	c644 0000 c650 0000 8506 0000               D...P.......

0000c994 <__fsym___cmd_ps>:
    c994:	c668 0000 c674 0000 8b4a 0000               h...t...J...

0000c9a0 <__fsym___cmd_free>:
    c9a0:	c690 0000 c69c 0000 8b6a 0000               ........j...

0000c9ac <__rt_init_rti_start>:
    c9ac:	3a96 0000                                   .:..

0000c9b0 <__rt_init_rti_board_start>:
    c9b0:	3aa6 0000                                   .:..

0000c9b4 <__rt_init_rti_board_end>:
    c9b4:	3ab6 0000                                   .:..

0000c9b8 <__rt_init_finsh_system_init>:
    c9b8:	95dc 0000                                   ....

0000c9bc <__rt_init_rti_end>:
    c9bc:	3ac6 0000                                   .:..
